locale,page,json_file,key,required_value_from_ca7b5327,current_status,used_in_code,code_location,verified_commit
ar,/ar/purchase/cancelled/,ar/home.json,body.purchase.cancelled.eyebrow,لم يتم خصم أي مبلغ,MISSING_KEY,YES,generator/Ui-app-DB-json/app/[locale]/purchase/cancelled/page.tsx:28,ca7b5327
ar,/ar/purchase/cancelled/,ar/home.json,body.purchase.cancelled.lede,لم يتم خصم أي رسوم. يمكنك المحاولة مرة أخرى في أي وقت.,MISSING_KEY,YES,generator/Ui-app-DB-json/app/[locale]/purchase/cancelled/page.tsx:30,ca7b5327
ar,/ar/purchase/cancelled/,ar/home.json,body.purchase.cancelled.metaTitle,تم إلغاء الدفع,MISSING_KEY,YES,generator/Ui-app-DB-json/app/[locale]/purchase/cancelled/page.tsx:17,ca7b5327
ar,/ar/premium/,ar/home.json,body.purchase.checkout.consent,أوافق على التسليم الفوري لهذا الملف الرقمي وأدرك أنه بمجرد بدء الوصول، تكون عملية البيع نهائية وغير قابلة للاسترداد إلا في الحالات التي يقتضيها القانون أو إذا لم يتم تسليم الملف أو كان معيباً.,MISSING_KEY,YES,generator/Ui-app-DB-json/components/BuyButton.tsx:50,ca7b5327
ar,/ar/premium/,ar/home.json,body.purchase.checkout.error,حدث خطأ ما أثناء بدء الدفع. يرجى المحاولة مرة أخرى.,MISSING_KEY,YES,generator/Ui-app-DB-json/components/BuyButton.tsx:57,ca7b5327
ar,/ar/premium/,ar/home.json,body.purchase.checkout.opening,جارٍ فتح صفحة الدفع...,MISSING_KEY,YES,generator/Ui-app-DB-json/components/BuyButton.tsx:54,ca7b5327
ar,/ar/premium/,ar/home.json,body.purchase.checkout.refundPolicy,اقرأ سياسة الاسترداد,MISSING_KEY,YES,generator/Ui-app-DB-json/components/BuyButton.tsx:50,ca7b5327
ar,/ar/premium/,ar/home.json,body.purchase.checkout.secureNote,الدفع الآمن بواسطة Stripe. دفعة واحدة. بدون اشتراك.,MISSING_KEY,YES,generator/Ui-app-DB-json/components/BuyButton.tsx:56,ca7b5327
ar,/ar/purchase/success/,ar/home.json,body.purchase.download.button,نزّل حزمة الألغاز الخاصة بك,MISSING_KEY,YES,"generator/Ui-app-DB-json/components/PurchaseDownloadLink.tsx:66,76",ca7b5327
ar,/ar/purchase/success/,ar/home.json,body.purchase.download.demoText,تعرض شاشة النجاح الحقيقية للدفع المدفوع زر تنزيل ملف PDF هنا. لا يقوم العرض التجريبي المحلي بإطلاق الملف الخاص.,MISSING_KEY,YES,generator/Ui-app-DB-json/components/PurchaseDownloadLink.tsx:65,ca7b5327
ar,/ar/purchase/success/,ar/home.json,body.purchase.download.demoTitle,اجتاز اختبار الدفع المحلي.,MISSING_KEY,YES,generator/Ui-app-DB-json/components/PurchaseDownloadLink.tsx:64,ca7b5327
ar,/ar/purchase/success/,ar/home.json,body.purchase.download.expires,تنتهي صلاحية هذا الرابط خلال 24 ساعة. احفظ التنزيل في مكان آمن.,MISSING_KEY,YES,generator/Ui-app-DB-json/components/PurchaseDownloadLink.tsx:79,ca7b5327
ar,/ar/purchase/success/,ar/home.json,body.purchase.download.failed,لم نتمكن من تأكيد عملية الشراء بعد. إذا تم خصم المبلغ، يرجى تحديث هذه الصفحة بعد دقيقة أو التواصل معنا للمساعدة.,MISSING_KEY,YES,generator/Ui-app-DB-json/components/PurchaseDownloadLink.tsx:92,ca7b5327
ar,/ar/purchase/success/,ar/home.json,body.purchase.download.preparing,جارٍ تجهيز التنزيل الخاص بك...,MISSING_KEY,YES,generator/Ui-app-DB-json/components/PurchaseDownloadLink.tsx:102,ca7b5327
ar,/ar/premium/,ar/home.json,body.purchase.premium.benefits.classroomUse,للاستخدام في المنزل أو في فصل دراسي واحد,MISSING_KEY,YES,generator/Ui-app-DB-json/app/[locale]/premium/page.tsx:71,ca7b5327
ar,/ar/premium/,ar/home.json,body.purchase.premium.benefits.instantAccess,وصول فوري بعد نجاح الدفع,MISSING_KEY,YES,generator/Ui-app-DB-json/app/[locale]/premium/page.tsx:71,ca7b5327
ar,/ar/premium/,ar/home.json,body.purchase.premium.benefits.kidFriendly,ألغاز مناسبة للأطفال بمستويات صعوبة متنوعة,MISSING_KEY,YES,generator/Ui-app-DB-json/app/[locale]/premium/page.tsx:71,ca7b5327
ar,/ar/premium/,ar/home.json,body.purchase.premium.benefits.onePdf,ملف PDF واحد مناسب وجاهز للطباعة,MISSING_KEY,YES,generator/Ui-app-DB-json/app/[locale]/premium/page.tsx:71,ca7b5327
ar,/ar/premium/,ar/home.json,body.purchase.premium.benefits.paperSizes,يعمل على ورق US Letter و A4,MISSING_KEY,YES,generator/Ui-app-DB-json/app/[locale]/premium/page.tsx:71,ca7b5327
ar,/ar/premium/,ar/home.json,body.purchase.premium.buyButton,احصل على حزمة الألغاز,MISSING_KEY,YES,generator/Ui-app-DB-json/app/[locale]/premium/page.tsx:60,ca7b5327
ar,/ar/premium/,ar/home.json,body.purchase.premium.coverAlt,أفضل ما في 2026 - غلاف كتاب 25 لغز نقطة إلى نقطة,MISSING_KEY,YES,generator/Ui-app-DB-json/app/[locale]/premium/page.tsx:45; generator/Ui-app-DB-json/components/BestOf2026BookAd.tsx:12,ca7b5327
ar,/ar/premium/,ar/home.json,body.purchase.premium.detailsEyebrow,مصمم للطباعة واللعب بسهولة,MISSING_KEY,YES,generator/Ui-app-DB-json/app/[locale]/premium/page.tsx:66,ca7b5327
ar,/ar/premium/,ar/home.json,body.purchase.premium.detailsText,حمّل مرة واحدة، احتفظ به في متناول يدك، واطبع الأنشطة التي تريدها متى شئت.,MISSING_KEY,YES,generator/Ui-app-DB-json/app/[locale]/premium/page.tsx:68,ca7b5327
ar,/ar/premium/,ar/home.json,body.purchase.premium.digitalPdf,ملف PDF رقمي,MISSING_KEY,YES,generator/Ui-app-DB-json/app/[locale]/premium/page.tsx:36,ca7b5327
ar,/ar/premium/,ar/home.json,body.purchase.premium.eyebrow,مجموعة طباعة مميزة,MISSING_KEY,YES,generator/Ui-app-DB-json/app/[locale]/premium/page.tsx:32,ca7b5327
ar,/ar/premium/,ar/home.json,body.purchase.premium.guaranteeText,بعد إتمام الدفع، يظهر رابط التنزيل الخاص بك فوراً. بدون اشتراك وبدون تجديد مفاجئ.,MISSING_KEY,YES,generator/Ui-app-DB-json/app/[locale]/premium/page.tsx:76,ca7b5327
ar,/ar/premium/,ar/home.json,body.purchase.premium.instantAccess,وصول فوري,MISSING_KEY,YES,generator/Ui-app-DB-json/app/[locale]/premium/page.tsx:38,ca7b5327
ar,/ar/premium/,ar/home.json,body.purchase.premium.lede,تجمع مجموعة أفضل ما في 2026 أنشطة توصيل النقاط المفضلة لدينا في حزمة واحدة سهلة الطباعة لوقت الهدوء والأيام الممطرة والتعليم المنزلي والفصول الدراسية.,MISSING_KEY,YES,generator/Ui-app-DB-json/app/[locale]/premium/page.tsx:34,ca7b5327
ar,/ar/premium/,ar/home.json,body.purchase.premium.localNote,على المضيف المحلي، يفتح هذا عرضاً تجريبياً آمناً للدفع ولا يخصم أي مبلغ من البطاقة أبداً.,MISSING_KEY,YES,generator/Ui-app-DB-json/app/[locale]/premium/page.tsx:61,ca7b5327
ar,/ar/premium/,ar/home.json,body.purchase.premium.metaDescription,مجموعة جاهزة للطباعة من أفضل ألغاز نقطة إلى نقطة للأطفال، مجمّعة في ملف PDF واحد مناسب.,MISSING_KEY,YES,generator/Ui-app-DB-json/app/[locale]/premium/page.tsx:18,ca7b5327
ar,/ar/premium/,ar/home.json,body.purchase.premium.metaTitle,أفضل مجموعة ألغاز نقطة إلى نقطة المميزة لعام 2026,MISSING_KEY,YES,generator/Ui-app-DB-json/app/[locale]/premium/page.tsx:18,ca7b5327
ar,/ar/premium/,ar/home.json,body.purchase.premium.oneTime,دفعة واحدة,MISSING_KEY,YES,generator/Ui-app-DB-json/app/[locale]/premium/page.tsx:56,ca7b5327
ar,/ar/premium/,ar/home.json,body.purchase.premium.printAtHome,اطبع في المنزل,MISSING_KEY,YES,generator/Ui-app-DB-json/app/[locale]/premium/page.tsx:37,ca7b5327
ar,/ar/premium/,ar/home.json,body.purchase.premium.purchaseAria,شراء حزمة ألغاز أفضل ما في 2026,MISSING_KEY,YES,generator/Ui-app-DB-json/app/[locale]/premium/page.tsx:41,ca7b5327
ar,/ar/purchase/success/,ar/home.json,body.purchase.shared.contactUs,تواصل معنا,MISSING_KEY,YES,"generator/Ui-app-DB-json/components/PurchaseDownloadLink.tsx:82,95",ca7b5327
ar,/ar/purchase/success/; /ar/purchase/cancelled/,ar/home.json,body.purchase.shared.returnToPack,العودة إلى حزمة الألغاز,MISSING_KEY,YES,generator/Ui-app-DB-json/components/PurchaseDownloadLink.tsx:67; generator/Ui-app-DB-json/app/[locale]/purchase/cancelled/page.tsx:31,ca7b5327
ar,/ar/purchase/success/,ar/home.json,body.purchase.success.eyebrow,تم تأكيد الدفع,MISSING_KEY,YES,generator/Ui-app-DB-json/app/[locale]/purchase/success/page.tsx:30,ca7b5327
ar,/ar/purchase/success/,ar/home.json,body.purchase.success.lede,تمت عملية الدفع بنجاح. قد يستغرق ظهور عملية الشراء في حسابك بضع ثوانٍ.,MISSING_KEY,YES,generator/Ui-app-DB-json/app/[locale]/purchase/success/page.tsx:32,ca7b5327
ar,/ar/purchase/success/,ar/home.json,body.purchase.success.metaTitle,شكراً على شرائك,MISSING_KEY,YES,generator/Ui-app-DB-json/app/[locale]/purchase/success/page.tsx:19,ca7b5327
az,/az/purchase/cancelled/,az/home.json,body.purchase.cancelled.eyebrow,Ödəniş alınmadı,MISSING_KEY,YES,generator/Ui-app-DB-json/app/[locale]/purchase/cancelled/page.tsx:28,ca7b5327
az,/az/purchase/cancelled/,az/home.json,body.purchase.cancelled.lede,Heç bir ödəniş edilmədi. İstənilən vaxt yenidən cəhd edə bilərsiniz.,MISSING_KEY,YES,generator/Ui-app-DB-json/app/[locale]/purchase/cancelled/page.tsx:30,ca7b5327
az,/az/purchase/cancelled/,az/home.json,body.purchase.cancelled.metaTitle,Ödəniş ləğv edildi,MISSING_KEY,YES,generator/Ui-app-DB-json/app/[locale]/purchase/cancelled/page.tsx:17,ca7b5327
az,/az/premium/,az/home.json,body.purchase.checkout.consent,Bu rəqəmsal PDF-in dərhal çatdırılmasına razıyam və girişin başlamasından sonra satışın qanunla tələb olunmadıqca və ya fayl çatdırılmadıqda və ya qüsurlu olduqda son və geri qaytarılmaz olduğunu anlayıram.,MISSING_KEY,YES,generator/Ui-app-DB-json/components/BuyButton.tsx:50,ca7b5327
az,/az/premium/,az/home.json,body.purchase.checkout.error,Ödəniş başladılarkən xəta baş verdi. Yenidən cəhd edin.,MISSING_KEY,YES,generator/Ui-app-DB-json/components/BuyButton.tsx:57,ca7b5327
az,/az/premium/,az/home.json,body.purchase.checkout.opening,Ödəniş açılır...,MISSING_KEY,YES,generator/Ui-app-DB-json/components/BuyButton.tsx:54,ca7b5327
az,/az/premium/,az/home.json,body.purchase.checkout.refundPolicy,Geri qaytarma siyasətini oxu,MISSING_KEY,YES,generator/Ui-app-DB-json/components/BuyButton.tsx:50,ca7b5327
az,/az/premium/,az/home.json,body.purchase.checkout.secureNote,Stripe tərəfindən təmin edilən təhlükəsiz ödəniş. Birdəfəlik ödəniş. Abunəlik yoxdur.,MISSING_KEY,YES,generator/Ui-app-DB-json/components/BuyButton.tsx:56,ca7b5327
az,/az/purchase/success/,az/home.json,body.purchase.download.button,Tapmaca paketinizi endirin,MISSING_KEY,YES,"generator/Ui-app-DB-json/components/PurchaseDownloadLink.tsx:66,76",ca7b5327
az,/az/purchase/success/,az/home.json,body.purchase.download.demoText,Əsl ödənişli uğur ekranı burada PDF endirmə düyməsini göstərir. Yerli demo şəxsi faylı buraxmır.,MISSING_KEY,YES,generator/Ui-app-DB-json/components/PurchaseDownloadLink.tsx:65,ca7b5327
az,/az/purchase/success/,az/home.json,body.purchase.download.demoTitle,Yerli ödəniş testi keçdi.,MISSING_KEY,YES,generator/Ui-app-DB-json/components/PurchaseDownloadLink.tsx:64,ca7b5327
az,/az/purchase/success/,az/home.json,body.purchase.download.expires,Bu link 24 saatdan sonra bitir. Endirdiyinizi təhlükəsiz yerdə saxlayın.,MISSING_KEY,YES,generator/Ui-app-DB-json/components/PurchaseDownloadLink.tsx:79,ca7b5327
az,/az/purchase/success/,az/home.json,body.purchase.download.failed,"Alışınızı hələ təsdiqləyə bilmədik. Əgər ödəniş edilibsə, bir dəqiqədən sonra bu səhifəni yeniləyin və ya kömək üçün bizimlə əlaqə saxlayın.",MISSING_KEY,YES,generator/Ui-app-DB-json/components/PurchaseDownloadLink.tsx:92,ca7b5327
az,/az/purchase/success/,az/home.json,body.purchase.download.preparing,Endirməniz hazırlanır...,MISSING_KEY,YES,generator/Ui-app-DB-json/components/PurchaseDownloadLink.tsx:102,ca7b5327
az,/az/premium/,az/home.json,body.purchase.premium.benefits.classroomUse,Evdə və ya bir sinifdə istifadə üçün,MISSING_KEY,YES,generator/Ui-app-DB-json/app/[locale]/premium/page.tsx:71,ca7b5327
az,/az/premium/,az/home.json,body.purchase.premium.benefits.instantAccess,Uğurlu ödənişdən sonra ani giriş,MISSING_KEY,YES,generator/Ui-app-DB-json/app/[locale]/premium/page.tsx:71,ca7b5327
az,/az/premium/,az/home.json,body.purchase.premium.benefits.kidFriendly,Müxtəlif çətinlik dərəcəli uşaq dostu tapmacalar,MISSING_KEY,YES,generator/Ui-app-DB-json/app/[locale]/premium/page.tsx:71,ca7b5327
az,/az/premium/,az/home.json,body.purchase.premium.benefits.onePdf,"Bir rahat, çapa hazır PDF",MISSING_KEY,YES,generator/Ui-app-DB-json/app/[locale]/premium/page.tsx:71,ca7b5327
az,/az/premium/,az/home.json,body.purchase.premium.benefits.paperSizes,US Letter və A4 kağızlarında işləyir,MISSING_KEY,YES,generator/Ui-app-DB-json/app/[locale]/premium/page.tsx:71,ca7b5327
az,/az/premium/,az/home.json,body.purchase.premium.buyButton,Tapmaca paketini əldə et,MISSING_KEY,YES,generator/Ui-app-DB-json/app/[locale]/premium/page.tsx:60,ca7b5327
az,/az/premium/,az/home.json,body.purchase.premium.coverAlt,2026-nın ən yaxşısı - 25 Nöqtədən Nöqtəyə Tapmaca kitab üzlüyü,MISSING_KEY,YES,generator/Ui-app-DB-json/app/[locale]/premium/page.tsx:45; generator/Ui-app-DB-json/components/BestOf2026BookAd.tsx:12,ca7b5327
az,/az/premium/,az/home.json,body.purchase.premium.detailsEyebrow,Asan çap-və-oyna üçün hazırlanıb,MISSING_KEY,YES,generator/Ui-app-DB-json/app/[locale]/premium/page.tsx:66,ca7b5327
az,/az/premium/,az/home.json,body.purchase.premium.detailsText,"Bir dəfə yüklə, əldə saxla və istədiyin fəaliyyətləri istədiyin zaman çap et.",MISSING_KEY,YES,generator/Ui-app-DB-json/app/[locale]/premium/page.tsx:68,ca7b5327
az,/az/premium/,az/home.json,body.purchase.premium.digitalPdf,Rəqəmsal PDF,MISSING_KEY,YES,generator/Ui-app-DB-json/app/[locale]/premium/page.tsx:36,ca7b5327
az,/az/premium/,az/home.json,body.purchase.premium.eyebrow,Premium çap kolleksiyası,MISSING_KEY,YES,generator/Ui-app-DB-json/app/[locale]/premium/page.tsx:32,ca7b5327
az,/az/premium/,az/home.json,body.purchase.premium.guaranteeText,Ödənişdən sonra şəxsi endirmə linkiniz dərhal görünür. Abunəlik və gözlənilməz yenilənmə yoxdur.,MISSING_KEY,YES,generator/Ui-app-DB-json/app/[locale]/premium/page.tsx:76,ca7b5327
az,/az/premium/,az/home.json,body.purchase.premium.instantAccess,Ani giriş,MISSING_KEY,YES,generator/Ui-app-DB-json/app/[locale]/premium/page.tsx:38,ca7b5327
az,/az/premium/,az/home.json,body.purchase.premium.lede,"2026-nın ən yaxşıları kolleksiyası sevimli nöqtə-birləşdirmə fəaliyyətlərimizi sakit vaxt, yağışlı günlər, ev təhsili və siniflər üçün asan çap edilə bilən bir paketdə birləşdirir.",MISSING_KEY,YES,generator/Ui-app-DB-json/app/[locale]/premium/page.tsx:34,ca7b5327
az,/az/premium/,az/home.json,body.purchase.premium.localNote,"Localhost-da bu, təhlükəsiz ödəniş demosunu açır və heç vaxt karta pul yazmır.",MISSING_KEY,YES,generator/Ui-app-DB-json/app/[locale]/premium/page.tsx:61,ca7b5327
az,/az/premium/,az/home.json,body.purchase.premium.metaDescription,"Uşaqlar üçün ən sevilən nöqtədən nöqtəyə tapmacaların çap üçün hazır toplusu, bir rahat PDF-də toplanıb.",MISSING_KEY,YES,generator/Ui-app-DB-json/app/[locale]/premium/page.tsx:18,ca7b5327
az,/az/premium/,az/home.json,body.purchase.premium.metaTitle,2026-nın ən yaxşı Premium Nöqtədən Nöqtəyə Tapmaca Paketi,MISSING_KEY,YES,generator/Ui-app-DB-json/app/[locale]/premium/page.tsx:18,ca7b5327
az,/az/premium/,az/home.json,body.purchase.premium.oneTime,birdəfəlik,MISSING_KEY,YES,generator/Ui-app-DB-json/app/[locale]/premium/page.tsx:56,ca7b5327
az,/az/premium/,az/home.json,body.purchase.premium.printAtHome,Evdə çap et,MISSING_KEY,YES,generator/Ui-app-DB-json/app/[locale]/premium/page.tsx:37,ca7b5327
az,/az/premium/,az/home.json,body.purchase.premium.purchaseAria,2026-nın ən yaxşısı tapmaca paketini satın al,MISSING_KEY,YES,generator/Ui-app-DB-json/app/[locale]/premium/page.tsx:41,ca7b5327
az,/az/purchase/success/,az/home.json,body.purchase.shared.contactUs,Bizimlə əlaqə,MISSING_KEY,YES,"generator/Ui-app-DB-json/components/PurchaseDownloadLink.tsx:82,95",ca7b5327
az,/az/purchase/success/; /az/purchase/cancelled/,az/home.json,body.purchase.shared.returnToPack,Tapmaca paketinə qayıt,MISSING_KEY,YES,generator/Ui-app-DB-json/components/PurchaseDownloadLink.tsx:67; generator/Ui-app-DB-json/app/[locale]/purchase/cancelled/page.tsx:31,ca7b5327
az,/az/purchase/success/,az/home.json,body.purchase.success.eyebrow,Ödəniş təsdiqləndi,MISSING_KEY,YES,generator/Ui-app-DB-json/app/[locale]/purchase/success/page.tsx:30,ca7b5327
az,/az/purchase/success/,az/home.json,body.purchase.success.lede,Ödənişiniz uğurlu oldu. Alışınızın hesabınızda görünməsi bir neçə saniyə çəkə bilər.,MISSING_KEY,YES,generator/Ui-app-DB-json/app/[locale]/purchase/success/page.tsx:32,ca7b5327
az,/az/purchase/success/,az/home.json,body.purchase.success.metaTitle,Alışınız üçün təşəkkürlər,MISSING_KEY,YES,generator/Ui-app-DB-json/app/[locale]/purchase/success/page.tsx:19,ca7b5327
cs,/cs/purchase/cancelled/,cs/home.json,body.purchase.cancelled.eyebrow,Žádná platba nebyla provedena,MISSING_KEY,YES,generator/Ui-app-DB-json/app/[locale]/purchase/cancelled/page.tsx:28,ca7b5327
cs,/cs/purchase/cancelled/,cs/home.json,body.purchase.cancelled.lede,Nebyl účtován žádný poplatek. Můžete to kdykoli zkusit znovu.,MISSING_KEY,YES,generator/Ui-app-DB-json/app/[locale]/purchase/cancelled/page.tsx:30,ca7b5327
cs,/cs/purchase/cancelled/,cs/home.json,body.purchase.cancelled.metaTitle,Platba zrušena,MISSING_KEY,YES,generator/Ui-app-DB-json/app/[locale]/purchase/cancelled/page.tsx:17,ca7b5327
cs,/cs/premium/,cs/home.json,body.purchase.checkout.consent,"Souhlasím s okamžitým doručením tohoto digitálního PDF a rozumím, že jakmile přístup začne, prodej je konečný a nevratný, s výjimkou případů vyžadovaných zákonem nebo pokud soubor nebyl doručen či je vadný.",MISSING_KEY,YES,generator/Ui-app-DB-json/components/BuyButton.tsx:50,ca7b5327
cs,/cs/premium/,cs/home.json,body.purchase.checkout.error,Při zahájení platby došlo k chybě. Zkuste to prosím znovu.,MISSING_KEY,YES,generator/Ui-app-DB-json/components/BuyButton.tsx:57,ca7b5327
cs,/cs/premium/,cs/home.json,body.purchase.checkout.opening,Otevírání pokladny...,MISSING_KEY,YES,generator/Ui-app-DB-json/components/BuyButton.tsx:54,ca7b5327
cs,/cs/premium/,cs/home.json,body.purchase.checkout.refundPolicy,Přečíst zásady vracení peněz,MISSING_KEY,YES,generator/Ui-app-DB-json/components/BuyButton.tsx:50,ca7b5327
cs,/cs/premium/,cs/home.json,body.purchase.checkout.secureNote,Bezpečná platba zajištěná společností Stripe. Jednorázová platba. Bez předplatného.,MISSING_KEY,YES,generator/Ui-app-DB-json/components/BuyButton.tsx:56,ca7b5327
cs,/cs/purchase/success/,cs/home.json,body.purchase.download.button,Stáhnout váš balíček hádanek,MISSING_KEY,YES,"generator/Ui-app-DB-json/components/PurchaseDownloadLink.tsx:66,76",ca7b5327
cs,/cs/purchase/success/,cs/home.json,body.purchase.download.demoText,Skutečná placená obrazovka úspěchu zde zobrazuje tlačítko pro stažení PDF. Místní demo neuvolní soukromý soubor.,MISSING_KEY,YES,generator/Ui-app-DB-json/components/PurchaseDownloadLink.tsx:65,ca7b5327
cs,/cs/purchase/success/,cs/home.json,body.purchase.download.demoTitle,Místní test pokladny byl úspěšný.,MISSING_KEY,YES,generator/Ui-app-DB-json/components/PurchaseDownloadLink.tsx:64,ca7b5327
cs,/cs/purchase/success/,cs/home.json,body.purchase.download.expires,Platnost tohoto odkazu vyprší za 24 hodin. Uložte si stažený soubor na bezpečné místo.,MISSING_KEY,YES,generator/Ui-app-DB-json/components/PurchaseDownloadLink.tsx:79,ca7b5327
cs,/cs/purchase/success/,cs/home.json,body.purchase.download.failed,"Váš nákup jsme zatím nemohli potvrdit. Pokud vám byla částka strhnuta, obnovte prosím tuto stránku za minutu nebo nás kontaktujte pro pomoc.",MISSING_KEY,YES,generator/Ui-app-DB-json/components/PurchaseDownloadLink.tsx:92,ca7b5327
cs,/cs/purchase/success/,cs/home.json,body.purchase.download.preparing,Připravujeme vaše stažení...,MISSING_KEY,YES,generator/Ui-app-DB-json/components/PurchaseDownloadLink.tsx:102,ca7b5327
cs,/cs/premium/,cs/home.json,body.purchase.premium.benefits.classroomUse,Použití doma nebo v jedné třídě,MISSING_KEY,YES,generator/Ui-app-DB-json/app/[locale]/premium/page.tsx:71,ca7b5327
cs,/cs/premium/,cs/home.json,body.purchase.premium.benefits.instantAccess,Okamžitý přístup po úspěšné platbě,MISSING_KEY,YES,generator/Ui-app-DB-json/app/[locale]/premium/page.tsx:71,ca7b5327
cs,/cs/premium/,cs/home.json,body.purchase.premium.benefits.kidFriendly,Hádanky pro děti s různou obtížností,MISSING_KEY,YES,generator/Ui-app-DB-json/app/[locale]/premium/page.tsx:71,ca7b5327
cs,/cs/premium/,cs/home.json,body.purchase.premium.benefits.onePdf,"Jedno praktické, k tisku připravené PDF",MISSING_KEY,YES,generator/Ui-app-DB-json/app/[locale]/premium/page.tsx:71,ca7b5327
cs,/cs/premium/,cs/home.json,body.purchase.premium.benefits.paperSizes,Funguje na papíru US Letter i A4,MISSING_KEY,YES,generator/Ui-app-DB-json/app/[locale]/premium/page.tsx:71,ca7b5327
cs,/cs/premium/,cs/home.json,body.purchase.premium.buyButton,Získat balíček hádanek,MISSING_KEY,YES,generator/Ui-app-DB-json/app/[locale]/premium/page.tsx:60,ca7b5327
cs,/cs/premium/,cs/home.json,body.purchase.premium.coverAlt,Nejlepší z roku 2026 - obálka knihy s 25 spojovačkami,MISSING_KEY,YES,generator/Ui-app-DB-json/app/[locale]/premium/page.tsx:45; generator/Ui-app-DB-json/components/BestOf2026BookAd.tsx:12,ca7b5327
cs,/cs/premium/,cs/home.json,body.purchase.premium.detailsEyebrow,Navrženo pro snadný tisk a hraní,MISSING_KEY,YES,generator/Ui-app-DB-json/app/[locale]/premium/page.tsx:66,ca7b5327
cs,/cs/premium/,cs/home.json,body.purchase.premium.detailsText,"Stáhněte jednou, mějte po ruce a vytiskněte si aktivity, kdykoli je potřebujete.",MISSING_KEY,YES,generator/Ui-app-DB-json/app/[locale]/premium/page.tsx:68,ca7b5327
cs,/cs/premium/,cs/home.json,body.purchase.premium.digitalPdf,Digitální PDF,MISSING_KEY,YES,generator/Ui-app-DB-json/app/[locale]/premium/page.tsx:36,ca7b5327
cs,/cs/premium/,cs/home.json,body.purchase.premium.eyebrow,Prémiová tisková kolekce,MISSING_KEY,YES,generator/Ui-app-DB-json/app/[locale]/premium/page.tsx:32,ca7b5327
cs,/cs/premium/,cs/home.json,body.purchase.premium.guaranteeText,Po dokončení objednávky se okamžitě zobrazí váš soukromý odkaz ke stažení. Žádné předplatné ani nečekané obnovení.,MISSING_KEY,YES,generator/Ui-app-DB-json/app/[locale]/premium/page.tsx:76,ca7b5327
cs,/cs/premium/,cs/home.json,body.purchase.premium.instantAccess,Okamžitý přístup,MISSING_KEY,YES,generator/Ui-app-DB-json/app/[locale]/premium/page.tsx:38,ca7b5327
cs,/cs/premium/,cs/home.json,body.purchase.premium.lede,"Kolekce Nejlepší z roku 2026 přináší naše oblíbené spojovačky v jednom snadno tisknutelném balíčku na klidné chvíle, deštivé dny, domácí výuku i školní třídy.",MISSING_KEY,YES,generator/Ui-app-DB-json/app/[locale]/premium/page.tsx:34,ca7b5327
cs,/cs/premium/,cs/home.json,body.purchase.premium.localNote,Na localhostu se otevře bezpečné demo pokladny a karta nikdy nebude zatížena.,MISSING_KEY,YES,generator/Ui-app-DB-json/app/[locale]/premium/page.tsx:61,ca7b5327
cs,/cs/premium/,cs/home.json,body.purchase.premium.metaDescription,K tisku připravená kolekce oblíbených spojovaček pro děti v jednom praktickém PDF.,MISSING_KEY,YES,generator/Ui-app-DB-json/app/[locale]/premium/page.tsx:18,ca7b5327
cs,/cs/premium/,cs/home.json,body.purchase.premium.metaTitle,Nejlepší prémiový balíček spojovaček z roku 2026,MISSING_KEY,YES,generator/Ui-app-DB-json/app/[locale]/premium/page.tsx:18,ca7b5327
cs,/cs/premium/,cs/home.json,body.purchase.premium.oneTime,jednorázově,MISSING_KEY,YES,generator/Ui-app-DB-json/app/[locale]/premium/page.tsx:56,ca7b5327
cs,/cs/premium/,cs/home.json,body.purchase.premium.printAtHome,Tisk doma,MISSING_KEY,YES,generator/Ui-app-DB-json/app/[locale]/premium/page.tsx:37,ca7b5327
cs,/cs/premium/,cs/home.json,body.purchase.premium.purchaseAria,Zakoupit balíček hádanek Nejlepší z roku 2026,MISSING_KEY,YES,generator/Ui-app-DB-json/app/[locale]/premium/page.tsx:41,ca7b5327
cs,/cs/purchase/success/,cs/home.json,body.purchase.shared.contactUs,Kontaktujte nás,MISSING_KEY,YES,"generator/Ui-app-DB-json/components/PurchaseDownloadLink.tsx:82,95",ca7b5327
cs,/cs/purchase/success/; /cs/purchase/cancelled/,cs/home.json,body.purchase.shared.returnToPack,Zpět na balíček hádanek,MISSING_KEY,YES,generator/Ui-app-DB-json/components/PurchaseDownloadLink.tsx:67; generator/Ui-app-DB-json/app/[locale]/purchase/cancelled/page.tsx:31,ca7b5327
cs,/cs/purchase/success/,cs/home.json,body.purchase.success.eyebrow,Platba potvrzena,MISSING_KEY,YES,generator/Ui-app-DB-json/app/[locale]/purchase/success/page.tsx:30,ca7b5327
cs,/cs/purchase/success/,cs/home.json,body.purchase.success.lede,Vaše platba byla úspěšná. Zobrazení nákupu ve vašem účtu může trvat několik sekund.,MISSING_KEY,YES,generator/Ui-app-DB-json/app/[locale]/purchase/success/page.tsx:32,ca7b5327
cs,/cs/purchase/success/,cs/home.json,body.purchase.success.metaTitle,Děkujeme za váš nákup,MISSING_KEY,YES,generator/Ui-app-DB-json/app/[locale]/purchase/success/page.tsx:19,ca7b5327
da,/da/purchase/cancelled/,da/home.json,body.purchase.cancelled.eyebrow,Ingen betaling foretaget,MISSING_KEY,YES,generator/Ui-app-DB-json/app/[locale]/purchase/cancelled/page.tsx:28,ca7b5327
da,/da/purchase/cancelled/,da/home.json,body.purchase.cancelled.lede,Der blev ikke opkrævet noget. Du kan prøve igen når som helst.,MISSING_KEY,YES,generator/Ui-app-DB-json/app/[locale]/purchase/cancelled/page.tsx:30,ca7b5327
da,/da/purchase/cancelled/,da/home.json,body.purchase.cancelled.metaTitle,Betaling annulleret,MISSING_KEY,YES,generator/Ui-app-DB-json/app/[locale]/purchase/cancelled/page.tsx:17,ca7b5327
da,/da/premium/,da/home.json,body.purchase.checkout.consent,"Jeg accepterer øjeblikkelig levering af denne digitale PDF og forstår, at når adgangen er begyndt, er salget endeligt og ikke refunderbart, medmindre loven kræver det, eller filen ikke er leveret eller er defekt.",MISSING_KEY,YES,generator/Ui-app-DB-json/components/BuyButton.tsx:50,ca7b5327
da,/da/premium/,da/home.json,body.purchase.checkout.error,Noget gik galt under start af betaling. Prøv igen.,MISSING_KEY,YES,generator/Ui-app-DB-json/components/BuyButton.tsx:57,ca7b5327
da,/da/premium/,da/home.json,body.purchase.checkout.opening,Åbner betaling...,MISSING_KEY,YES,generator/Ui-app-DB-json/components/BuyButton.tsx:54,ca7b5327
da,/da/premium/,da/home.json,body.purchase.checkout.refundPolicy,Læs refusionspolitikken,MISSING_KEY,YES,generator/Ui-app-DB-json/components/BuyButton.tsx:50,ca7b5327
da,/da/premium/,da/home.json,body.purchase.checkout.secureNote,Sikker betaling drevet af Stripe. Engangsbetaling. Intet abonnement.,MISSING_KEY,YES,generator/Ui-app-DB-json/components/BuyButton.tsx:56,ca7b5327
da,/da/purchase/success/,da/home.json,body.purchase.download.button,Download din puslespilspakke,MISSING_KEY,YES,"generator/Ui-app-DB-json/components/PurchaseDownloadLink.tsx:66,76",ca7b5327
da,/da/purchase/success/,da/home.json,body.purchase.download.demoText,Den rigtige betalte successkærm viser PDF-downloadknappen her. Den lokale demo frigiver ikke den private fil.,MISSING_KEY,YES,generator/Ui-app-DB-json/components/PurchaseDownloadLink.tsx:65,ca7b5327
da,/da/purchase/success/,da/home.json,body.purchase.download.demoTitle,Lokal betalingstest bestået.,MISSING_KEY,YES,generator/Ui-app-DB-json/components/PurchaseDownloadLink.tsx:64,ca7b5327
da,/da/purchase/success/,da/home.json,body.purchase.download.expires,Dette link udløber om 24 timer. Gem dit download et sikkert sted.,MISSING_KEY,YES,generator/Ui-app-DB-json/components/PurchaseDownloadLink.tsx:79,ca7b5327
da,/da/purchase/success/,da/home.json,body.purchase.download.failed,"Vi kunne endnu ikke bekræfte dit køb. Hvis du blev opkrævet, så genindlæs venligst siden om et minut eller kontakt os for hjælp.",MISSING_KEY,YES,generator/Ui-app-DB-json/components/PurchaseDownloadLink.tsx:92,ca7b5327
da,/da/purchase/success/,da/home.json,body.purchase.download.preparing,Forbereder dit download...,MISSING_KEY,YES,generator/Ui-app-DB-json/components/PurchaseDownloadLink.tsx:102,ca7b5327
da,/da/premium/,da/home.json,body.purchase.premium.benefits.classroomUse,Brug hjemme eller i ét klasseværelse,MISSING_KEY,YES,generator/Ui-app-DB-json/app/[locale]/premium/page.tsx:71,ca7b5327
da,/da/premium/,da/home.json,body.purchase.premium.benefits.instantAccess,Øjeblikkelig adgang efter gennemført betaling,MISSING_KEY,YES,generator/Ui-app-DB-json/app/[locale]/premium/page.tsx:71,ca7b5327
da,/da/premium/,da/home.json,body.purchase.premium.benefits.kidFriendly,Børnevenlige puslespil med varierende sværhedsgrad,MISSING_KEY,YES,generator/Ui-app-DB-json/app/[locale]/premium/page.tsx:71,ca7b5327
da,/da/premium/,da/home.json,body.purchase.premium.benefits.onePdf,"Én bekvem, printklar PDF",MISSING_KEY,YES,generator/Ui-app-DB-json/app/[locale]/premium/page.tsx:71,ca7b5327
da,/da/premium/,da/home.json,body.purchase.premium.benefits.paperSizes,Fungerer med US Letter og A4 papir,MISSING_KEY,YES,generator/Ui-app-DB-json/app/[locale]/premium/page.tsx:71,ca7b5327
da,/da/premium/,da/home.json,body.purchase.premium.buyButton,Få puslespilspakken,MISSING_KEY,YES,generator/Ui-app-DB-json/app/[locale]/premium/page.tsx:60,ca7b5327
da,/da/premium/,da/home.json,body.purchase.premium.coverAlt,Bedste af 2026 - 25 prik-til-prik-puslespil bogomslag,MISSING_KEY,YES,generator/Ui-app-DB-json/app/[locale]/premium/page.tsx:45; generator/Ui-app-DB-json/components/BestOf2026BookAd.tsx:12,ca7b5327
da,/da/premium/,da/home.json,body.purchase.premium.detailsEyebrow,Lavet til nem print-og-leg,MISSING_KEY,YES,generator/Ui-app-DB-json/app/[locale]/premium/page.tsx:66,ca7b5327
da,/da/premium/,da/home.json,body.purchase.premium.detailsText,"Download én gang, hold den ved hånden, og print de aktiviteter du vil, når du har brug for dem.",MISSING_KEY,YES,generator/Ui-app-DB-json/app/[locale]/premium/page.tsx:68,ca7b5327
da,/da/premium/,da/home.json,body.purchase.premium.digitalPdf,Digital PDF,MISSING_KEY,YES,generator/Ui-app-DB-json/app/[locale]/premium/page.tsx:36,ca7b5327
da,/da/premium/,da/home.json,body.purchase.premium.eyebrow,Premium printsamling,MISSING_KEY,YES,generator/Ui-app-DB-json/app/[locale]/premium/page.tsx:32,ca7b5327
da,/da/premium/,da/home.json,body.purchase.premium.guaranteeText,Efter checkout vises dit private downloadlink med det samme. Intet abonnement og ingen overraskende fornyelse.,MISSING_KEY,YES,generator/Ui-app-DB-json/app/[locale]/premium/page.tsx:76,ca7b5327
da,/da/premium/,da/home.json,body.purchase.premium.instantAccess,Øjeblikkelig adgang,MISSING_KEY,YES,generator/Ui-app-DB-json/app/[locale]/premium/page.tsx:38,ca7b5327
da,/da/premium/,da/home.json,body.purchase.premium.lede,"Samlingen Bedste af 2026 samler vores foretrukne prik-til-prik-aktiviteter i én nem-at-printe pakke til stille stunder, regnvejrsdage, hjemmeundervisning og klasseværelser.",MISSING_KEY,YES,generator/Ui-app-DB-json/app/[locale]/premium/page.tsx:34,ca7b5327
da,/da/premium/,da/home.json,body.purchase.premium.localNote,På localhost åbner dette en sikker demokassekomponent og opkræver aldrig et kort.,MISSING_KEY,YES,generator/Ui-app-DB-json/app/[locale]/premium/page.tsx:61,ca7b5327
da,/da/premium/,da/home.json,body.purchase.premium.metaDescription,"En printklar samling af populære prik-til-prik-puslespil til børn, samlet i én bekvem PDF.",MISSING_KEY,YES,generator/Ui-app-DB-json/app/[locale]/premium/page.tsx:18,ca7b5327
da,/da/premium/,da/home.json,body.purchase.premium.metaTitle,Bedste af 2026 Premium Prik-til-prik-puslespilspakke,MISSING_KEY,YES,generator/Ui-app-DB-json/app/[locale]/premium/page.tsx:18,ca7b5327
da,/da/premium/,da/home.json,body.purchase.premium.oneTime,engangsbeløb,MISSING_KEY,YES,generator/Ui-app-DB-json/app/[locale]/premium/page.tsx:56,ca7b5327
da,/da/premium/,da/home.json,body.purchase.premium.printAtHome,Print hjemme,MISSING_KEY,YES,generator/Ui-app-DB-json/app/[locale]/premium/page.tsx:37,ca7b5327
da,/da/premium/,da/home.json,body.purchase.premium.purchaseAria,Køb Bedste af 2026-puslespilspakken,MISSING_KEY,YES,generator/Ui-app-DB-json/app/[locale]/premium/page.tsx:41,ca7b5327
da,/da/purchase/success/,da/home.json,body.purchase.shared.contactUs,Kontakt os,MISSING_KEY,YES,"generator/Ui-app-DB-json/components/PurchaseDownloadLink.tsx:82,95",ca7b5327
da,/da/purchase/success/; /da/purchase/cancelled/,da/home.json,body.purchase.shared.returnToPack,Tilbage til puslespilspakken,MISSING_KEY,YES,generator/Ui-app-DB-json/components/PurchaseDownloadLink.tsx:67; generator/Ui-app-DB-json/app/[locale]/purchase/cancelled/page.tsx:31,ca7b5327
da,/da/purchase/success/,da/home.json,body.purchase.success.eyebrow,Betaling bekræftet,MISSING_KEY,YES,generator/Ui-app-DB-json/app/[locale]/purchase/success/page.tsx:30,ca7b5327
da,/da/purchase/success/,da/home.json,body.purchase.success.lede,"Din betaling var vellykket. Det kan tage et par sekunder, før dit køb vises på din konto.",MISSING_KEY,YES,generator/Ui-app-DB-json/app/[locale]/purchase/success/page.tsx:32,ca7b5327
da,/da/purchase/success/,da/home.json,body.purchase.success.metaTitle,Tak for dit køb,MISSING_KEY,YES,generator/Ui-app-DB-json/app/[locale]/purchase/success/page.tsx:19,ca7b5327
de,/de/purchase/cancelled/,de/home.json,body.purchase.cancelled.eyebrow,Keine Zahlung erfolgt,MISSING_KEY,YES,generator/Ui-app-DB-json/app/[locale]/purchase/cancelled/page.tsx:28,ca7b5327
de,/de/purchase/cancelled/,de/home.json,body.purchase.cancelled.lede,Es wurde keine Zahlung vorgenommen. Sie können es jederzeit erneut versuchen.,MISSING_KEY,YES,generator/Ui-app-DB-json/app/[locale]/purchase/cancelled/page.tsx:30,ca7b5327
de,/de/purchase/cancelled/,de/home.json,body.purchase.cancelled.metaTitle,Checkout abgebrochen,MISSING_KEY,YES,generator/Ui-app-DB-json/app/[locale]/purchase/cancelled/page.tsx:17,ca7b5327
de,/de/premium/,de/home.json,body.purchase.checkout.consent,"Ich stimme der sofortigen Bereitstellung dieser digitalen PDF-Datei zu und verstehe, dass der Kauf nach Beginn des Zugriffs endgültig und nicht erstattungsfähig ist, außer wenn gesetzlich vorgeschrieben oder wenn die Datei nicht geliefert wird oder fehlerhaft ist.",MISSING_KEY,YES,generator/Ui-app-DB-json/components/BuyButton.tsx:50,ca7b5327
de,/de/premium/,de/home.json,body.purchase.checkout.error,Beim Starten des Bezahlvorgangs ist etwas schiefgelaufen. Bitte versuchen Sie es erneut.,MISSING_KEY,YES,generator/Ui-app-DB-json/components/BuyButton.tsx:57,ca7b5327
de,/de/premium/,de/home.json,body.purchase.checkout.opening,Checkout wird geöffnet...,MISSING_KEY,YES,generator/Ui-app-DB-json/components/BuyButton.tsx:54,ca7b5327
de,/de/premium/,de/home.json,body.purchase.checkout.refundPolicy,Rückerstattungsrichtlinie lesen,MISSING_KEY,YES,generator/Ui-app-DB-json/components/BuyButton.tsx:50,ca7b5327
de,/de/premium/,de/home.json,body.purchase.checkout.secureNote,Sicherer Checkout powered by Stripe. Einmalzahlung. Kein Abonnement.,MISSING_KEY,YES,generator/Ui-app-DB-json/components/BuyButton.tsx:56,ca7b5327
de,/de/purchase/success/,de/home.json,body.purchase.download.button,Rätselpaket herunterladen,MISSING_KEY,YES,"generator/Ui-app-DB-json/components/PurchaseDownloadLink.tsx:66,76",ca7b5327
de,/de/purchase/success/,de/home.json,body.purchase.download.demoText,Der echte Erfolgsbildschirm zeigt hier den PDF-Download-Button. Die lokale Demo gibt die private Datei nicht frei.,MISSING_KEY,YES,generator/Ui-app-DB-json/components/PurchaseDownloadLink.tsx:65,ca7b5327
de,/de/purchase/success/,de/home.json,body.purchase.download.demoTitle,Lokaler Checkout-Test erfolgreich.,MISSING_KEY,YES,generator/Ui-app-DB-json/components/PurchaseDownloadLink.tsx:64,ca7b5327
de,/de/purchase/success/,de/home.json,body.purchase.download.expires,Dieser Link läuft in 24 Stunden ab. Speichern Sie Ihren Download an einem sicheren Ort.,MISSING_KEY,YES,generator/Ui-app-DB-json/components/PurchaseDownloadLink.tsx:79,ca7b5327
de,/de/purchase/success/,de/home.json,body.purchase.download.failed,"Wir konnten Ihren Kauf noch nicht bestätigen. Falls Sie belastet wurden, aktualisieren Sie diese Seite in einer Minute erneut oder kontaktieren Sie uns.",MISSING_KEY,YES,generator/Ui-app-DB-json/components/PurchaseDownloadLink.tsx:92,ca7b5327
de,/de/purchase/success/,de/home.json,body.purchase.download.preparing,Ihr Download wird vorbereitet...,MISSING_KEY,YES,generator/Ui-app-DB-json/components/PurchaseDownloadLink.tsx:102,ca7b5327
de,/de/premium/,de/home.json,body.purchase.premium.benefits.classroomUse,Nutzbar zu Hause oder in einem Klassenzimmer,MISSING_KEY,YES,generator/Ui-app-DB-json/app/[locale]/premium/page.tsx:71,ca7b5327
de,/de/premium/,de/home.json,body.purchase.premium.benefits.instantAccess,Sofortiger Zugriff nach erfolgreicher Zahlung,MISSING_KEY,YES,generator/Ui-app-DB-json/app/[locale]/premium/page.tsx:71,ca7b5327
de,/de/premium/,de/home.json,body.purchase.premium.benefits.kidFriendly,Kindgerechte Rätsel mit unterschiedlichem Schwierigkeitsgrad,MISSING_KEY,YES,generator/Ui-app-DB-json/app/[locale]/premium/page.tsx:71,ca7b5327
de,/de/premium/,de/home.json,body.purchase.premium.benefits.onePdf,"Eine praktische, druckfertige PDF-Datei",MISSING_KEY,YES,generator/Ui-app-DB-json/app/[locale]/premium/page.tsx:71,ca7b5327
de,/de/premium/,de/home.json,body.purchase.premium.benefits.paperSizes,Geeignet für US-Letter- und A4-Papier,MISSING_KEY,YES,generator/Ui-app-DB-json/app/[locale]/premium/page.tsx:71,ca7b5327
de,/de/premium/,de/home.json,body.purchase.premium.buyButton,Rätselpaket sichern,MISSING_KEY,YES,generator/Ui-app-DB-json/app/[locale]/premium/page.tsx:60,ca7b5327
de,/de/premium/,de/home.json,body.purchase.premium.coverAlt,"Best of 2026 - 25 Verbinde-die-Punkte-Rätsel, Buchcover",MISSING_KEY,YES,generator/Ui-app-DB-json/app/[locale]/premium/page.tsx:45; generator/Ui-app-DB-json/components/BestOf2026BookAd.tsx:12,ca7b5327
de,/de/premium/,de/home.json,body.purchase.premium.detailsEyebrow,Für einfaches Drucken und Spielen gemacht,MISSING_KEY,YES,generator/Ui-app-DB-json/app/[locale]/premium/page.tsx:66,ca7b5327
de,/de/premium/,de/home.json,body.purchase.premium.detailsText,"Einmal herunterladen, griffbereit halten und die gewünschten Aktivitäten ausdrucken, wann immer Sie sie brauchen.",MISSING_KEY,YES,generator/Ui-app-DB-json/app/[locale]/premium/page.tsx:68,ca7b5327
de,/de/premium/,de/home.json,body.purchase.premium.digitalPdf,Digitale PDF,MISSING_KEY,YES,generator/Ui-app-DB-json/app/[locale]/premium/page.tsx:36,ca7b5327
de,/de/premium/,de/home.json,body.purchase.premium.eyebrow,Druckbare Premium-Sammlung,MISSING_KEY,YES,generator/Ui-app-DB-json/app/[locale]/premium/page.tsx:32,ca7b5327
de,/de/premium/,de/home.json,body.purchase.premium.guaranteeText,Nach dem Bezahlvorgang erscheint sofort Ihr privater Download-Link. Kein Abonnement und keine überraschende Verlängerung.,MISSING_KEY,YES,generator/Ui-app-DB-json/app/[locale]/premium/page.tsx:76,ca7b5327
de,/de/premium/,de/home.json,body.purchase.premium.instantAccess,Sofortiger Zugriff,MISSING_KEY,YES,generator/Ui-app-DB-json/app/[locale]/premium/page.tsx:38,ca7b5327
de,/de/premium/,de/home.json,body.purchase.premium.lede,"Die Best-of-2026-Sammlung vereint unsere beliebtesten Verbinde-die-Punkte-Aktivitäten in einem druckfertigen Paket für ruhige Stunden, Regentage, Homeschooling und den Unterricht.",MISSING_KEY,YES,generator/Ui-app-DB-json/app/[locale]/premium/page.tsx:34,ca7b5327
de,/de/premium/,de/home.json,body.purchase.premium.localNote,"Auf localhost öffnet dies eine sichere Checkout-Demo, bei der niemals eine Karte belastet wird.",MISSING_KEY,YES,generator/Ui-app-DB-json/app/[locale]/premium/page.tsx:61,ca7b5327
de,/de/premium/,de/home.json,body.purchase.premium.metaDescription,"Eine druckfertige Sammlung beliebter Verbinde-die-Punkte-Rätsel für Kinder, gebündelt in einer praktischen PDF-Datei.",MISSING_KEY,YES,generator/Ui-app-DB-json/app/[locale]/premium/page.tsx:18,ca7b5327
de,/de/premium/,de/home.json,body.purchase.premium.metaTitle,Best of 2026 Premium Verbinde-die-Punkte-Rätselpaket,MISSING_KEY,YES,generator/Ui-app-DB-json/app/[locale]/premium/page.tsx:18,ca7b5327
de,/de/premium/,de/home.json,body.purchase.premium.oneTime,einmalig,MISSING_KEY,YES,generator/Ui-app-DB-json/app/[locale]/premium/page.tsx:56,ca7b5327
de,/de/premium/,de/home.json,body.purchase.premium.printAtHome,Zu Hause ausdrucken,MISSING_KEY,YES,generator/Ui-app-DB-json/app/[locale]/premium/page.tsx:37,ca7b5327
de,/de/premium/,de/home.json,body.purchase.premium.purchaseAria,Das Best-of-2026-Rätselpaket kaufen,MISSING_KEY,YES,generator/Ui-app-DB-json/app/[locale]/premium/page.tsx:41,ca7b5327
de,/de/purchase/success/,de/home.json,body.purchase.shared.contactUs,Kontaktieren Sie uns,MISSING_KEY,YES,"generator/Ui-app-DB-json/components/PurchaseDownloadLink.tsx:82,95",ca7b5327
de,/de/purchase/success/; /de/purchase/cancelled/,de/home.json,body.purchase.shared.returnToPack,Zurück zum Rätselpaket,MISSING_KEY,YES,generator/Ui-app-DB-json/components/PurchaseDownloadLink.tsx:67; generator/Ui-app-DB-json/app/[locale]/purchase/cancelled/page.tsx:31,ca7b5327
de,/de/purchase/success/,de/home.json,body.purchase.success.eyebrow,Zahlung bestätigt,MISSING_KEY,YES,generator/Ui-app-DB-json/app/[locale]/purchase/success/page.tsx:30,ca7b5327
de,/de/purchase/success/,de/home.json,body.purchase.success.lede,"Ihre Zahlung war erfolgreich. Es kann einige Sekunden dauern, bis Ihr Kauf in Ihrem Konto erscheint.",MISSING_KEY,YES,generator/Ui-app-DB-json/app/[locale]/purchase/success/page.tsx:32,ca7b5327
de,/de/purchase/success/,de/home.json,body.purchase.success.metaTitle,Vielen Dank für Ihren Kauf,MISSING_KEY,YES,generator/Ui-app-DB-json/app/[locale]/purchase/success/page.tsx:19,ca7b5327
el,/el/purchase/cancelled/,el/home.json,body.purchase.cancelled.eyebrow,Δεν έγινε καμία χρέωση,MISSING_KEY,YES,generator/Ui-app-DB-json/app/[locale]/purchase/cancelled/page.tsx:28,ca7b5327
el,/el/purchase/cancelled/,el/home.json,body.purchase.cancelled.lede,Δεν πραγματοποιήθηκε καμία χρέωση. Μπορείτε να δοκιμάσετε ξανά όποτε θέλετε.,MISSING_KEY,YES,generator/Ui-app-DB-json/app/[locale]/purchase/cancelled/page.tsx:30,ca7b5327
el,/el/purchase/cancelled/,el/home.json,body.purchase.cancelled.metaTitle,Η πληρωμή ακυρώθηκε,MISSING_KEY,YES,generator/Ui-app-DB-json/app/[locale]/purchase/cancelled/page.tsx:17,ca7b5327
el,/el/premium/,el/home.json,body.purchase.checkout.consent,"Συμφωνώ με την άμεση παράδοση αυτού του ψηφιακού PDF και κατανοώ ότι, μόλις ξεκινήσει η πρόσβαση, η πώληση είναι οριστική και μη επιστρέψιμη, εκτός αν απαιτείται από τον νόμο ή αν το αρχείο δεν παραδοθεί ή είναι ελαττωματικό.",MISSING_KEY,YES,generator/Ui-app-DB-json/components/BuyButton.tsx:50,ca7b5327
el,/el/premium/,el/home.json,body.purchase.checkout.error,Κάτι πήγε στραβά κατά την έναρξη της πληρωμής. Δοκιμάστε ξανά.,MISSING_KEY,YES,generator/Ui-app-DB-json/components/BuyButton.tsx:57,ca7b5327
el,/el/premium/,el/home.json,body.purchase.checkout.opening,Άνοιγμα διαδικασίας πληρωμής...,MISSING_KEY,YES,generator/Ui-app-DB-json/components/BuyButton.tsx:54,ca7b5327
el,/el/premium/,el/home.json,body.purchase.checkout.refundPolicy,Διαβάστε την πολιτική επιστροφών,MISSING_KEY,YES,generator/Ui-app-DB-json/components/BuyButton.tsx:50,ca7b5327
el,/el/premium/,el/home.json,body.purchase.checkout.secureNote,Ασφαλής πληρωμή μέσω Stripe. Εφάπαξ πληρωμή. Χωρίς συνδρομή.,MISSING_KEY,YES,generator/Ui-app-DB-json/components/BuyButton.tsx:56,ca7b5327
el,/el/purchase/success/,el/home.json,body.purchase.download.button,Κατεβάστε το πακέτο παζλ σας,MISSING_KEY,YES,"generator/Ui-app-DB-json/components/PurchaseDownloadLink.tsx:66,76",ca7b5327
el,/el/purchase/success/,el/home.json,body.purchase.download.demoText,Η πραγματική οθόνη επιτυχίας εμφανίζει εδώ το κουμπί λήψης PDF. Η τοπική επίδειξη δεν διαθέτει το ιδιωτικό αρχείο.,MISSING_KEY,YES,generator/Ui-app-DB-json/components/PurchaseDownloadLink.tsx:65,ca7b5327
el,/el/purchase/success/,el/home.json,body.purchase.download.demoTitle,Η τοπική δοκιμή πληρωμής πέτυχε.,MISSING_KEY,YES,generator/Ui-app-DB-json/components/PurchaseDownloadLink.tsx:64,ca7b5327
el,/el/purchase/success/,el/home.json,body.purchase.download.expires,Αυτός ο σύνδεσμος λήγει σε 24 ώρες. Αποθηκεύστε τη λήψη σας σε ασφαλές μέρος.,MISSING_KEY,YES,generator/Ui-app-DB-json/components/PurchaseDownloadLink.tsx:79,ca7b5327
el,/el/purchase/success/,el/home.json,body.purchase.download.failed,"Δεν μπορέσαμε ακόμη να επιβεβαιώσουμε την αγορά σας. Αν χρεωθήκατε, ανανεώστε τη σελίδα σε ένα λεπτό ή επικοινωνήστε μαζί μας για βοήθεια.",MISSING_KEY,YES,generator/Ui-app-DB-json/components/PurchaseDownloadLink.tsx:92,ca7b5327
el,/el/purchase/success/,el/home.json,body.purchase.download.preparing,Προετοιμασία της λήψης σας...,MISSING_KEY,YES,generator/Ui-app-DB-json/components/PurchaseDownloadLink.tsx:102,ca7b5327
el,/el/premium/,el/home.json,body.purchase.premium.benefits.classroomUse,Χρήση στο σπίτι ή σε μία σχολική τάξη,MISSING_KEY,YES,generator/Ui-app-DB-json/app/[locale]/premium/page.tsx:71,ca7b5327
el,/el/premium/,el/home.json,body.purchase.premium.benefits.instantAccess,Άμεση πρόσβαση μετά την επιτυχή πληρωμή,MISSING_KEY,YES,generator/Ui-app-DB-json/app/[locale]/premium/page.tsx:71,ca7b5327
el,/el/premium/,el/home.json,body.purchase.premium.benefits.kidFriendly,Παζλ κατάλληλα για παιδιά με ποικίλο επίπεδο δυσκολίας,MISSING_KEY,YES,generator/Ui-app-DB-json/app/[locale]/premium/page.tsx:71,ca7b5327
el,/el/premium/,el/home.json,body.purchase.premium.benefits.onePdf,"Ένα βολικό, έτοιμο για εκτύπωση PDF",MISSING_KEY,YES,generator/Ui-app-DB-json/app/[locale]/premium/page.tsx:71,ca7b5327
el,/el/premium/,el/home.json,body.purchase.premium.benefits.paperSizes,Λειτουργεί σε χαρτί US Letter και A4,MISSING_KEY,YES,generator/Ui-app-DB-json/app/[locale]/premium/page.tsx:71,ca7b5327
el,/el/premium/,el/home.json,body.purchase.premium.buyButton,Αποκτήστε το πακέτο παζλ,MISSING_KEY,YES,generator/Ui-app-DB-json/app/[locale]/premium/page.tsx:60,ca7b5327
el,/el/premium/,el/home.json,body.purchase.premium.coverAlt,"Best of 2026 - 25 Παζλ Ένωσε τις Τελείες, εξώφυλλο βιβλίου",MISSING_KEY,YES,generator/Ui-app-DB-json/app/[locale]/premium/page.tsx:45; generator/Ui-app-DB-json/components/BestOf2026BookAd.tsx:12,ca7b5327
el,/el/premium/,el/home.json,body.purchase.premium.detailsEyebrow,Σχεδιασμένο για εύκολη εκτύπωση και παιχνίδι,MISSING_KEY,YES,generator/Ui-app-DB-json/app/[locale]/premium/page.tsx:66,ca7b5327
el,/el/premium/,el/home.json,body.purchase.premium.detailsText,"Κατεβάστε το μία φορά, κρατήστε το πρόχειρο και εκτυπώστε τις δραστηριότητες που θέλετε όποτε τις χρειάζεστε.",MISSING_KEY,YES,generator/Ui-app-DB-json/app/[locale]/premium/page.tsx:68,ca7b5327
el,/el/premium/,el/home.json,body.purchase.premium.digitalPdf,Ψηφιακό PDF,MISSING_KEY,YES,generator/Ui-app-DB-json/app/[locale]/premium/page.tsx:36,ca7b5327
el,/el/premium/,el/home.json,body.purchase.premium.eyebrow,Εκτυπώσιμη premium συλλογή,MISSING_KEY,YES,generator/Ui-app-DB-json/app/[locale]/premium/page.tsx:32,ca7b5327
el,/el/premium/,el/home.json,body.purchase.premium.guaranteeText,"Μετά την ολοκλήρωση της αγοράς, ο προσωπικός σας σύνδεσμος λήψης εμφανίζεται αμέσως. Χωρίς συνδρομή και χωρίς απρόσμενη ανανέωση.",MISSING_KEY,YES,generator/Ui-app-DB-json/app/[locale]/premium/page.tsx:76,ca7b5327
el,/el/premium/,el/home.json,body.purchase.premium.instantAccess,Άμεση πρόσβαση,MISSING_KEY,YES,generator/Ui-app-DB-json/app/[locale]/premium/page.tsx:38,ca7b5327
el,/el/premium/,el/home.json,body.purchase.premium.lede,"Η συλλογή Best of 2026 συγκεντρώνει τις αγαπημένες μας δραστηριότητες «ένωσε τις τελείες» σε ένα εύκολο προς εκτύπωση πακέτο για ήσυχες ώρες, βροχερές μέρες, κατ' οίκον εκπαίδευση και το σχολείο.",MISSING_KEY,YES,generator/Ui-app-DB-json/app/[locale]/premium/page.tsx:34,ca7b5327
el,/el/premium/,el/home.json,body.purchase.premium.localNote,"Στο localhost, αυτό ανοίγει μια ασφαλή δοκιμαστική διαδικασία αγοράς και δεν χρεώνει ποτέ κάρτα.",MISSING_KEY,YES,generator/Ui-app-DB-json/app/[locale]/premium/page.tsx:61,ca7b5327
el,/el/premium/,el/home.json,body.purchase.premium.metaDescription,"Μια συλλογή έτοιμη για εκτύπωση με τα αγαπημένα παζλ «ένωσε τις τελείες» για παιδιά, σε ένα βολικό PDF.",MISSING_KEY,YES,generator/Ui-app-DB-json/app/[locale]/premium/page.tsx:18,ca7b5327
el,/el/premium/,el/home.json,body.purchase.premium.metaTitle,Best of 2026 Premium Πακέτο Παζλ Ένωσε τις Τελείες,MISSING_KEY,YES,generator/Ui-app-DB-json/app/[locale]/premium/page.tsx:18,ca7b5327
el,/el/premium/,el/home.json,body.purchase.premium.oneTime,εφάπαξ,MISSING_KEY,YES,generator/Ui-app-DB-json/app/[locale]/premium/page.tsx:56,ca7b5327
el,/el/premium/,el/home.json,body.purchase.premium.printAtHome,Εκτύπωση στο σπίτι,MISSING_KEY,YES,generator/Ui-app-DB-json/app/[locale]/premium/page.tsx:37,ca7b5327
el,/el/premium/,el/home.json,body.purchase.premium.purchaseAria,Αγοράστε το πακέτο παζλ Best of 2026,MISSING_KEY,YES,generator/Ui-app-DB-json/app/[locale]/premium/page.tsx:41,ca7b5327
el,/el/purchase/success/,el/home.json,body.purchase.shared.contactUs,Επικοινωνήστε μαζί μας,MISSING_KEY,YES,"generator/Ui-app-DB-json/components/PurchaseDownloadLink.tsx:82,95",ca7b5327
el,/el/purchase/success/; /el/purchase/cancelled/,el/home.json,body.purchase.shared.returnToPack,Επιστροφή στο πακέτο παζλ,MISSING_KEY,YES,generator/Ui-app-DB-json/components/PurchaseDownloadLink.tsx:67; generator/Ui-app-DB-json/app/[locale]/purchase/cancelled/page.tsx:31,ca7b5327
el,/el/purchase/success/,el/home.json,body.purchase.success.eyebrow,Η πληρωμή επιβεβαιώθηκε,MISSING_KEY,YES,generator/Ui-app-DB-json/app/[locale]/purchase/success/page.tsx:30,ca7b5327
el,/el/purchase/success/,el/home.json,body.purchase.success.lede,Η πληρωμή σας ήταν επιτυχής. Μπορεί να χρειαστούν λίγα δευτερόλεπτα για να εμφανιστεί η αγορά σας στον λογαριασμό σας.,MISSING_KEY,YES,generator/Ui-app-DB-json/app/[locale]/purchase/success/page.tsx:32,ca7b5327
el,/el/purchase/success/,el/home.json,body.purchase.success.metaTitle,Ευχαριστούμε για την αγορά σας,MISSING_KEY,YES,generator/Ui-app-DB-json/app/[locale]/purchase/success/page.tsx:19,ca7b5327
es,/es/purchase/cancelled/,es/home.json,body.purchase.cancelled.eyebrow,No se realizó ningún cargo,MISSING_KEY,YES,generator/Ui-app-DB-json/app/[locale]/purchase/cancelled/page.tsx:28,ca7b5327
es,/es/purchase/cancelled/,es/home.json,body.purchase.cancelled.lede,No se realizó ningún cargo. Puedes intentarlo de nuevo cuando quieras.,MISSING_KEY,YES,generator/Ui-app-DB-json/app/[locale]/purchase/cancelled/page.tsx:30,ca7b5327
es,/es/purchase/cancelled/,es/home.json,body.purchase.cancelled.metaTitle,Compra cancelada,MISSING_KEY,YES,generator/Ui-app-DB-json/app/[locale]/purchase/cancelled/page.tsx:17,ca7b5327
es,/es/premium/,es/home.json,body.purchase.checkout.consent,"Acepto la entrega inmediata de este PDF digital y entiendo que, una vez que comience el acceso, la venta es final y no reembolsable, salvo cuando la ley lo exija o si el archivo no se entrega o está defectuoso.",MISSING_KEY,YES,generator/Ui-app-DB-json/components/BuyButton.tsx:50,ca7b5327
es,/es/premium/,es/home.json,body.purchase.checkout.error,Algo salió mal al iniciar la compra. Inténtalo de nuevo.,MISSING_KEY,YES,generator/Ui-app-DB-json/components/BuyButton.tsx:57,ca7b5327
es,/es/premium/,es/home.json,body.purchase.checkout.opening,Abriendo el proceso de compra...,MISSING_KEY,YES,generator/Ui-app-DB-json/components/BuyButton.tsx:54,ca7b5327
es,/es/premium/,es/home.json,body.purchase.checkout.refundPolicy,Consultar la política de reembolsos,MISSING_KEY,YES,generator/Ui-app-DB-json/components/BuyButton.tsx:50,ca7b5327
es,/es/premium/,es/home.json,body.purchase.checkout.secureNote,Compra segura con tecnología de Stripe. Pago único. Sin suscripción.,MISSING_KEY,YES,generator/Ui-app-DB-json/components/BuyButton.tsx:56,ca7b5327
es,/es/purchase/success/,es/home.json,body.purchase.download.button,Descarga tu pack de puzles,MISSING_KEY,YES,"generator/Ui-app-DB-json/components/PurchaseDownloadLink.tsx:66,76",ca7b5327
es,/es/purchase/success/,es/home.json,body.purchase.download.demoText,La pantalla real de compra exitosa muestra aquí el botón de descarga del PDF. La demo local no libera el archivo privado.,MISSING_KEY,YES,generator/Ui-app-DB-json/components/PurchaseDownloadLink.tsx:65,ca7b5327
es,/es/purchase/success/,es/home.json,body.purchase.download.demoTitle,La prueba de compra local se superó correctamente.,MISSING_KEY,YES,generator/Ui-app-DB-json/components/PurchaseDownloadLink.tsx:64,ca7b5327
es,/es/purchase/success/,es/home.json,body.purchase.download.expires,Este enlace caduca en 24 horas. Guarda tu descarga en un lugar seguro.,MISSING_KEY,YES,generator/Ui-app-DB-json/components/PurchaseDownloadLink.tsx:79,ca7b5327
es,/es/purchase/success/,es/home.json,body.purchase.download.failed,"Todavía no hemos podido confirmar tu compra. Si se te realizó un cargo, actualiza esta página en un minuto o contáctanos para obtener ayuda.",MISSING_KEY,YES,generator/Ui-app-DB-json/components/PurchaseDownloadLink.tsx:92,ca7b5327
es,/es/purchase/success/,es/home.json,body.purchase.download.preparing,Preparando tu descarga...,MISSING_KEY,YES,generator/Ui-app-DB-json/components/PurchaseDownloadLink.tsx:102,ca7b5327
es,/es/premium/,es/home.json,body.purchase.premium.benefits.classroomUse,Úsalo en casa o en un aula,MISSING_KEY,YES,generator/Ui-app-DB-json/app/[locale]/premium/page.tsx:71,ca7b5327
es,/es/premium/,es/home.json,body.purchase.premium.benefits.instantAccess,Acceso instantáneo tras el pago exitoso,MISSING_KEY,YES,generator/Ui-app-DB-json/app/[locale]/premium/page.tsx:71,ca7b5327
es,/es/premium/,es/home.json,body.purchase.premium.benefits.kidFriendly,Puzles pensados para niños con distintos niveles de dificultad,MISSING_KEY,YES,generator/Ui-app-DB-json/app/[locale]/premium/page.tsx:71,ca7b5327
es,/es/premium/,es/home.json,body.purchase.premium.benefits.onePdf,"Un único PDF, cómodo y listo para imprimir",MISSING_KEY,YES,generator/Ui-app-DB-json/app/[locale]/premium/page.tsx:71,ca7b5327
es,/es/premium/,es/home.json,body.purchase.premium.benefits.paperSizes,Compatible con papel US Letter y A4,MISSING_KEY,YES,generator/Ui-app-DB-json/app/[locale]/premium/page.tsx:71,ca7b5327
es,/es/premium/,es/home.json,body.purchase.premium.buyButton,Consigue el pack de puzles,MISSING_KEY,YES,generator/Ui-app-DB-json/app/[locale]/premium/page.tsx:60,ca7b5327
es,/es/premium/,es/home.json,body.purchase.premium.coverAlt,Lo Mejor de 2026 - Portada del libro de 25 puzles de unir puntos,MISSING_KEY,YES,generator/Ui-app-DB-json/app/[locale]/premium/page.tsx:45; generator/Ui-app-DB-json/components/BestOf2026BookAd.tsx:12,ca7b5327
es,/es/premium/,es/home.json,body.purchase.premium.detailsEyebrow,Diseñado para imprimir y jugar sin complicaciones,MISSING_KEY,YES,generator/Ui-app-DB-json/app/[locale]/premium/page.tsx:66,ca7b5327
es,/es/premium/,es/home.json,body.purchase.premium.detailsText,"Descárgalo una vez, tenlo siempre a mano e imprime las actividades que quieras cuando las necesites.",MISSING_KEY,YES,generator/Ui-app-DB-json/app/[locale]/premium/page.tsx:68,ca7b5327
es,/es/premium/,es/home.json,body.purchase.premium.digitalPdf,PDF digital,MISSING_KEY,YES,generator/Ui-app-DB-json/app/[locale]/premium/page.tsx:36,ca7b5327
es,/es/premium/,es/home.json,body.purchase.premium.eyebrow,Colección premium para imprimir,MISSING_KEY,YES,generator/Ui-app-DB-json/app/[locale]/premium/page.tsx:32,ca7b5327
es,/es/premium/,es/home.json,body.purchase.premium.guaranteeText,"Tras completar la compra, tu enlace de descarga privado aparece de inmediato. Sin suscripción y sin renovaciones sorpresa.",MISSING_KEY,YES,generator/Ui-app-DB-json/app/[locale]/premium/page.tsx:76,ca7b5327
es,/es/premium/,es/home.json,body.purchase.premium.instantAccess,Acceso instantáneo,MISSING_KEY,YES,generator/Ui-app-DB-json/app/[locale]/premium/page.tsx:38,ca7b5327
es,/es/premium/,es/home.json,body.purchase.premium.lede,"La colección Lo Mejor de 2026 reúne nuestras actividades de unir puntos favoritas en un pack fácil de imprimir, ideal para momentos tranquilos, días de lluvia, educación en casa y el aula.",MISSING_KEY,YES,generator/Ui-app-DB-json/app/[locale]/premium/page.tsx:34,ca7b5327
es,/es/premium/,es/home.json,body.purchase.premium.localNote,"En localhost, esto abre una demostración de compra segura y nunca se realiza ningún cargo a la tarjeta.",MISSING_KEY,YES,generator/Ui-app-DB-json/app/[locale]/premium/page.tsx:61,ca7b5327
es,/es/premium/,es/home.json,body.purchase.premium.metaDescription,"Una colección lista para imprimir con los puzles de unir puntos favoritos para niños, reunidos en un cómodo PDF.",MISSING_KEY,YES,generator/Ui-app-DB-json/app/[locale]/premium/page.tsx:18,ca7b5327
es,/es/premium/,es/home.json,body.purchase.premium.metaTitle,Pack Premium Lo Mejor de 2026 de Puzles Une los Puntos,MISSING_KEY,YES,generator/Ui-app-DB-json/app/[locale]/premium/page.tsx:18,ca7b5327
es,/es/premium/,es/home.json,body.purchase.premium.oneTime,pago único,MISSING_KEY,YES,generator/Ui-app-DB-json/app/[locale]/premium/page.tsx:56,ca7b5327
es,/es/premium/,es/home.json,body.purchase.premium.printAtHome,Imprime en casa,MISSING_KEY,YES,generator/Ui-app-DB-json/app/[locale]/premium/page.tsx:37,ca7b5327
es,/es/premium/,es/home.json,body.purchase.premium.purchaseAria,Comprar el pack de puzles Lo Mejor de 2026,MISSING_KEY,YES,generator/Ui-app-DB-json/app/[locale]/premium/page.tsx:41,ca7b5327
es,/es/purchase/success/,es/home.json,body.purchase.shared.contactUs,Contáctanos,MISSING_KEY,YES,"generator/Ui-app-DB-json/components/PurchaseDownloadLink.tsx:82,95",ca7b5327
es,/es/purchase/success/; /es/purchase/cancelled/,es/home.json,body.purchase.shared.returnToPack,Volver al pack de puzles,MISSING_KEY,YES,generator/Ui-app-DB-json/components/PurchaseDownloadLink.tsx:67; generator/Ui-app-DB-json/app/[locale]/purchase/cancelled/page.tsx:31,ca7b5327
es,/es/purchase/success/,es/home.json,body.purchase.success.eyebrow,Pago confirmado,MISSING_KEY,YES,generator/Ui-app-DB-json/app/[locale]/purchase/success/page.tsx:30,ca7b5327
es,/es/purchase/success/,es/home.json,body.purchase.success.lede,Tu pago se realizó correctamente. Puede tardar unos segundos en aparecer en tu cuenta.,MISSING_KEY,YES,generator/Ui-app-DB-json/app/[locale]/purchase/success/page.tsx:32,ca7b5327
es,/es/purchase/success/,es/home.json,body.purchase.success.metaTitle,Gracias por tu compra,MISSING_KEY,YES,generator/Ui-app-DB-json/app/[locale]/purchase/success/page.tsx:19,ca7b5327
fa,/fa/purchase/cancelled/,fa/home.json,body.purchase.cancelled.eyebrow,هیچ مبلغی کسر نشد,MISSING_KEY,YES,generator/Ui-app-DB-json/app/[locale]/purchase/cancelled/page.tsx:28,ca7b5327
fa,/fa/purchase/cancelled/,fa/home.json,body.purchase.cancelled.lede,هیچ هزینه‌ای کسر نشد. می‌توانید هر زمان که خواستید دوباره تلاش کنید.,MISSING_KEY,YES,generator/Ui-app-DB-json/app/[locale]/purchase/cancelled/page.tsx:30,ca7b5327
fa,/fa/purchase/cancelled/,fa/home.json,body.purchase.cancelled.metaTitle,پرداخت لغو شد,MISSING_KEY,YES,generator/Ui-app-DB-json/app/[locale]/purchase/cancelled/page.tsx:17,ca7b5327
fa,/fa/premium/,fa/home.json,body.purchase.checkout.consent,موافقم که این فایل PDF دیجیتال بلافاصله تحویل داده شود و می‌دانم که پس از شروع دسترسی، خرید قطعی و غیرقابل بازگشت است، مگر در مواردی که قانون الزام کند یا فایل تحویل داده نشود یا معیوب باشد.,MISSING_KEY,YES,generator/Ui-app-DB-json/components/BuyButton.tsx:50,ca7b5327
fa,/fa/premium/,fa/home.json,body.purchase.checkout.error,مشکلی در شروع فرایند پرداخت پیش آمد. لطفاً دوباره تلاش کنید.,MISSING_KEY,YES,generator/Ui-app-DB-json/components/BuyButton.tsx:57,ca7b5327
fa,/fa/premium/,fa/home.json,body.purchase.checkout.opening,در حال باز کردن صفحه پرداخت...,MISSING_KEY,YES,generator/Ui-app-DB-json/components/BuyButton.tsx:54,ca7b5327
fa,/fa/premium/,fa/home.json,body.purchase.checkout.refundPolicy,مطالعه سیاست بازگشت وجه,MISSING_KEY,YES,generator/Ui-app-DB-json/components/BuyButton.tsx:50,ca7b5327
fa,/fa/premium/,fa/home.json,body.purchase.checkout.secureNote,پرداخت امن با پشتیبانی Stripe. پرداخت یک‌باره. بدون اشتراک.,MISSING_KEY,YES,generator/Ui-app-DB-json/components/BuyButton.tsx:56,ca7b5327
fa,/fa/purchase/success/,fa/home.json,body.purchase.download.button,دانلود بسته پازل شما,MISSING_KEY,YES,"generator/Ui-app-DB-json/components/PurchaseDownloadLink.tsx:66,76",ca7b5327
fa,/fa/purchase/success/,fa/home.json,body.purchase.download.demoText,در صفحه واقعی خرید موفق، دکمه دانلود PDF در همین‌جا نمایش داده می‌شود. نسخه آزمایشی محلی فایل خصوصی را ارائه نمی‌دهد.,MISSING_KEY,YES,generator/Ui-app-DB-json/components/PurchaseDownloadLink.tsx:65,ca7b5327
fa,/fa/purchase/success/,fa/home.json,body.purchase.download.demoTitle,آزمایش محلی پرداخت با موفقیت انجام شد.,MISSING_KEY,YES,generator/Ui-app-DB-json/components/PurchaseDownloadLink.tsx:64,ca7b5327
fa,/fa/purchase/success/,fa/home.json,body.purchase.download.expires,این لینک تا ۲۴ ساعت دیگر منقضی می‌شود. فایل دانلودشده را در جای امنی ذخیره کنید.,MISSING_KEY,YES,generator/Ui-app-DB-json/components/PurchaseDownloadLink.tsx:79,ca7b5327
fa,/fa/purchase/success/,fa/home.json,body.purchase.download.failed,هنوز نتوانستیم خرید شما را تأیید کنیم. اگر مبلغی از حساب شما کسر شده، لطفاً یک دقیقه دیگر صفحه را تازه‌سازی کنید یا برای کمک با ما تماس بگیرید.,MISSING_KEY,YES,generator/Ui-app-DB-json/components/PurchaseDownloadLink.tsx:92,ca7b5327
fa,/fa/purchase/success/,fa/home.json,body.purchase.download.preparing,در حال آماده‌سازی فایل دانلود شما...,MISSING_KEY,YES,generator/Ui-app-DB-json/components/PurchaseDownloadLink.tsx:102,ca7b5327
fa,/fa/premium/,fa/home.json,body.purchase.premium.benefits.classroomUse,قابل استفاده در خانه یا یک کلاس درس,MISSING_KEY,YES,generator/Ui-app-DB-json/app/[locale]/premium/page.tsx:71,ca7b5327
fa,/fa/premium/,fa/home.json,body.purchase.premium.benefits.instantAccess,دسترسی فوری پس از پرداخت موفق,MISSING_KEY,YES,generator/Ui-app-DB-json/app/[locale]/premium/page.tsx:71,ca7b5327
fa,/fa/premium/,fa/home.json,body.purchase.premium.benefits.kidFriendly,پازل‌های مناسب کودکان با سطوح مختلف دشواری,MISSING_KEY,YES,generator/Ui-app-DB-json/app/[locale]/premium/page.tsx:71,ca7b5327
fa,/fa/premium/,fa/home.json,body.purchase.premium.benefits.onePdf,یک فایل PDF کاربردی و آماده چاپ,MISSING_KEY,YES,generator/Ui-app-DB-json/app/[locale]/premium/page.tsx:71,ca7b5327
fa,/fa/premium/,fa/home.json,body.purchase.premium.benefits.paperSizes,سازگار با کاغذ US Letter و A4,MISSING_KEY,YES,generator/Ui-app-DB-json/app/[locale]/premium/page.tsx:71,ca7b5327
fa,/fa/premium/,fa/home.json,body.purchase.premium.buyButton,دریافت بسته پازل,MISSING_KEY,YES,generator/Ui-app-DB-json/app/[locale]/premium/page.tsx:60,ca7b5327
fa,/fa/premium/,fa/home.json,body.purchase.premium.coverAlt,بهترین‌های ۲۰۲۶ - جلد کتاب ۲۵ پازل نقطه به نقطه,MISSING_KEY,YES,generator/Ui-app-DB-json/app/[locale]/premium/page.tsx:45; generator/Ui-app-DB-json/components/BestOf2026BookAd.tsx:12,ca7b5327
fa,/fa/premium/,fa/home.json,body.purchase.premium.detailsEyebrow,طراحی‌شده برای چاپ و بازی آسان,MISSING_KEY,YES,generator/Ui-app-DB-json/app/[locale]/premium/page.tsx:66,ca7b5327
fa,/fa/premium/,fa/home.json,body.purchase.premium.detailsText,یک بار دانلود کنید، آن را در دسترس نگه دارید و هر وقت لازم بود، فعالیت‌های دلخواه را چاپ کنید.,MISSING_KEY,YES,generator/Ui-app-DB-json/app/[locale]/premium/page.tsx:68,ca7b5327
fa,/fa/premium/,fa/home.json,body.purchase.premium.digitalPdf,فایل PDF دیجیتال,MISSING_KEY,YES,generator/Ui-app-DB-json/app/[locale]/premium/page.tsx:36,ca7b5327
fa,/fa/premium/,fa/home.json,body.purchase.premium.eyebrow,مجموعه پرمیوم قابل چاپ,MISSING_KEY,YES,generator/Ui-app-DB-json/app/[locale]/premium/page.tsx:32,ca7b5327
fa,/fa/premium/,fa/home.json,body.purchase.premium.guaranteeText,پس از تکمیل خرید، لینک دانلود خصوصی شما بلافاصله نمایش داده می‌شود. بدون اشتراک و بدون تمدید غافلگیرکننده.,MISSING_KEY,YES,generator/Ui-app-DB-json/app/[locale]/premium/page.tsx:76,ca7b5327
fa,/fa/premium/,fa/home.json,body.purchase.premium.instantAccess,دسترسی فوری,MISSING_KEY,YES,generator/Ui-app-DB-json/app/[locale]/premium/page.tsx:38,ca7b5327
fa,/fa/premium/,fa/home.json,body.purchase.premium.lede,مجموعه بهترین‌های ۲۰۲۶ محبوب‌ترین فعالیت‌های نقطه به نقطه ما را در یک بسته آسان برای چاپ گرد هم آورده است؛ مناسب لحظات آرام، روزهای بارانی، آموزش خانگی و کلاس درس.,MISSING_KEY,YES,generator/Ui-app-DB-json/app/[locale]/premium/page.tsx:34,ca7b5327
fa,/fa/premium/,fa/home.json,body.purchase.premium.localNote,روی localhost، این گزینه یک نسخه آزمایشی امن از فرایند پرداخت را باز می‌کند و هرگز هزینه‌ای از کارت کسر نمی‌شود.,MISSING_KEY,YES,generator/Ui-app-DB-json/app/[locale]/premium/page.tsx:61,ca7b5327
fa,/fa/premium/,fa/home.json,body.purchase.premium.metaDescription,مجموعه‌ای آماده چاپ از محبوب‌ترین پازل‌های نقطه به نقطه برای کودکان، در قالب یک فایل PDF کاربردی.,MISSING_KEY,YES,generator/Ui-app-DB-json/app/[locale]/premium/page.tsx:18,ca7b5327
fa,/fa/premium/,fa/home.json,body.purchase.premium.metaTitle,بسته ویژه پرمیوم بهترین‌های ۲۰۲۶ پازل نقطه به نقطه,MISSING_KEY,YES,generator/Ui-app-DB-json/app/[locale]/premium/page.tsx:18,ca7b5327
fa,/fa/premium/,fa/home.json,body.purchase.premium.oneTime,پرداخت یک‌باره,MISSING_KEY,YES,generator/Ui-app-DB-json/app/[locale]/premium/page.tsx:56,ca7b5327
fa,/fa/premium/,fa/home.json,body.purchase.premium.printAtHome,چاپ در خانه,MISSING_KEY,YES,generator/Ui-app-DB-json/app/[locale]/premium/page.tsx:37,ca7b5327
fa,/fa/premium/,fa/home.json,body.purchase.premium.purchaseAria,خرید بسته پازل بهترین‌های ۲۰۲۶,MISSING_KEY,YES,generator/Ui-app-DB-json/app/[locale]/premium/page.tsx:41,ca7b5327
fa,/fa/purchase/success/,fa/home.json,body.purchase.shared.contactUs,تماس با ما,MISSING_KEY,YES,"generator/Ui-app-DB-json/components/PurchaseDownloadLink.tsx:82,95",ca7b5327
fa,/fa/purchase/success/; /fa/purchase/cancelled/,fa/home.json,body.purchase.shared.returnToPack,بازگشت به بسته پازل,MISSING_KEY,YES,generator/Ui-app-DB-json/components/PurchaseDownloadLink.tsx:67; generator/Ui-app-DB-json/app/[locale]/purchase/cancelled/page.tsx:31,ca7b5327
fa,/fa/purchase/success/,fa/home.json,body.purchase.success.eyebrow,پرداخت تأیید شد,MISSING_KEY,YES,generator/Ui-app-DB-json/app/[locale]/purchase/success/page.tsx:30,ca7b5327
fa,/fa/purchase/success/,fa/home.json,body.purchase.success.lede,پرداخت شما با موفقیت انجام شد. ممکن است چند ثانیه طول بکشد تا خرید شما در حساب کاربری‌تان نمایش داده شود.,MISSING_KEY,YES,generator/Ui-app-DB-json/app/[locale]/purchase/success/page.tsx:32,ca7b5327
fa,/fa/purchase/success/,fa/home.json,body.purchase.success.metaTitle,از خرید شما سپاسگزاریم,MISSING_KEY,YES,generator/Ui-app-DB-json/app/[locale]/purchase/success/page.tsx:19,ca7b5327
fi,/fi/purchase/cancelled/,fi/home.json,body.purchase.cancelled.eyebrow,Maksua ei veloitettu,MISSING_KEY,YES,generator/Ui-app-DB-json/app/[locale]/purchase/cancelled/page.tsx:28,ca7b5327
fi,/fi/purchase/cancelled/,fi/home.json,body.purchase.cancelled.lede,Maksua ei veloitettu. Voit yrittää uudelleen milloin tahansa.,MISSING_KEY,YES,generator/Ui-app-DB-json/app/[locale]/purchase/cancelled/page.tsx:30,ca7b5327
fi,/fi/purchase/cancelled/,fi/home.json,body.purchase.cancelled.metaTitle,Maksu peruutettu,MISSING_KEY,YES,generator/Ui-app-DB-json/app/[locale]/purchase/cancelled/page.tsx:17,ca7b5327
fi,/fi/premium/,fi/home.json,body.purchase.checkout.consent,"Hyväksyn tämän digitaalisen PDF-tiedoston välittömän toimituksen ja ymmärrän, että kun käyttöoikeus alkaa, kauppa on lopullinen eikä sitä voi peruuttaa, paitsi lain niin vaatiessa tai jos tiedostoa ei toimiteta tai se on viallinen.",MISSING_KEY,YES,generator/Ui-app-DB-json/components/BuyButton.tsx:50,ca7b5327
fi,/fi/premium/,fi/home.json,body.purchase.checkout.error,Maksun aloittamisessa tapahtui virhe. Yritä uudelleen.,MISSING_KEY,YES,generator/Ui-app-DB-json/components/BuyButton.tsx:57,ca7b5327
fi,/fi/premium/,fi/home.json,body.purchase.checkout.opening,Avataan kassaa...,MISSING_KEY,YES,generator/Ui-app-DB-json/components/BuyButton.tsx:54,ca7b5327
fi,/fi/premium/,fi/home.json,body.purchase.checkout.refundPolicy,Lue palautuskäytäntö,MISSING_KEY,YES,generator/Ui-app-DB-json/components/BuyButton.tsx:50,ca7b5327
fi,/fi/premium/,fi/home.json,body.purchase.checkout.secureNote,Turvallinen maksu Stripen tuella. Kertamaksu. Ei tilausta.,MISSING_KEY,YES,generator/Ui-app-DB-json/components/BuyButton.tsx:56,ca7b5327
fi,/fi/purchase/success/,fi/home.json,body.purchase.download.button,Lataa tehtäväpakettisi,MISSING_KEY,YES,"generator/Ui-app-DB-json/components/PurchaseDownloadLink.tsx:66,76",ca7b5327
fi,/fi/purchase/success/,fi/home.json,body.purchase.download.demoText,Oikealla onnistuneen maksun näytöllä näkyy tässä PDF-latauspainike. Paikallinen demo ei julkaise yksityistä tiedostoa.,MISSING_KEY,YES,generator/Ui-app-DB-json/components/PurchaseDownloadLink.tsx:65,ca7b5327
fi,/fi/purchase/success/,fi/home.json,body.purchase.download.demoTitle,Paikallinen maksutesti onnistui.,MISSING_KEY,YES,generator/Ui-app-DB-json/components/PurchaseDownloadLink.tsx:64,ca7b5327
fi,/fi/purchase/success/,fi/home.json,body.purchase.download.expires,Tämä linkki vanhenee 24 tunnin kuluttua. Tallenna latauksesi turvalliseen paikkaan.,MISSING_KEY,YES,generator/Ui-app-DB-json/components/PurchaseDownloadLink.tsx:79,ca7b5327
fi,/fi/purchase/success/,fi/home.json,body.purchase.download.failed,"Emme voineet vielä vahvistaa ostostasi. Jos sinulta veloitettiin, päivitä tämä sivu hetken kuluttua tai ota meihin yhteyttä.",MISSING_KEY,YES,generator/Ui-app-DB-json/components/PurchaseDownloadLink.tsx:92,ca7b5327
fi,/fi/purchase/success/,fi/home.json,body.purchase.download.preparing,Valmistellaan latausta...,MISSING_KEY,YES,generator/Ui-app-DB-json/components/PurchaseDownloadLink.tsx:102,ca7b5327
fi,/fi/premium/,fi/home.json,body.purchase.premium.benefits.classroomUse,Käytettävissä kotona tai yhdessä luokkahuoneessa,MISSING_KEY,YES,generator/Ui-app-DB-json/app/[locale]/premium/page.tsx:71,ca7b5327
fi,/fi/premium/,fi/home.json,body.purchase.premium.benefits.instantAccess,Välitön pääsy onnistuneen maksun jälkeen,MISSING_KEY,YES,generator/Ui-app-DB-json/app/[locale]/premium/page.tsx:71,ca7b5327
fi,/fi/premium/,fi/home.json,body.purchase.premium.benefits.kidFriendly,Lapsille sopivia tehtäviä eri vaikeustasoilla,MISSING_KEY,YES,generator/Ui-app-DB-json/app/[locale]/premium/page.tsx:71,ca7b5327
fi,/fi/premium/,fi/home.json,body.purchase.premium.benefits.onePdf,"Yksi kätevä, tulostusvalmis PDF",MISSING_KEY,YES,generator/Ui-app-DB-json/app/[locale]/premium/page.tsx:71,ca7b5327
fi,/fi/premium/,fi/home.json,body.purchase.premium.benefits.paperSizes,Toimii US Letter- ja A4-paperilla,MISSING_KEY,YES,generator/Ui-app-DB-json/app/[locale]/premium/page.tsx:71,ca7b5327
fi,/fi/premium/,fi/home.json,body.purchase.premium.buyButton,Hanki tehtäväpaketti,MISSING_KEY,YES,generator/Ui-app-DB-json/app/[locale]/premium/page.tsx:60,ca7b5327
fi,/fi/premium/,fi/home.json,body.purchase.premium.coverAlt,"Best of 2026 - 25 yhdistä pisteet -tehtävää, kirjan kansi",MISSING_KEY,YES,generator/Ui-app-DB-json/app/[locale]/premium/page.tsx:45; generator/Ui-app-DB-json/components/BestOf2026BookAd.tsx:12,ca7b5327
fi,/fi/premium/,fi/home.json,body.purchase.premium.detailsEyebrow,Suunniteltu helppoon tulostukseen ja leikkiin,MISSING_KEY,YES,generator/Ui-app-DB-json/app/[locale]/premium/page.tsx:66,ca7b5327
fi,/fi/premium/,fi/home.json,body.purchase.premium.detailsText,"Lataa kerran, pidä tallessa ja tulosta haluamasi tehtävät aina tarvittaessa.",MISSING_KEY,YES,generator/Ui-app-DB-json/app/[locale]/premium/page.tsx:68,ca7b5327
fi,/fi/premium/,fi/home.json,body.purchase.premium.digitalPdf,Digitaalinen PDF,MISSING_KEY,YES,generator/Ui-app-DB-json/app/[locale]/premium/page.tsx:36,ca7b5327
fi,/fi/premium/,fi/home.json,body.purchase.premium.eyebrow,Tulostettava premium-kokoelma,MISSING_KEY,YES,generator/Ui-app-DB-json/app/[locale]/premium/page.tsx:32,ca7b5327
fi,/fi/premium/,fi/home.json,body.purchase.premium.guaranteeText,Maksun jälkeen yksityinen latauslinkkisi ilmestyy heti. Ei tilausta eikä yllättäviä uusimisia.,MISSING_KEY,YES,generator/Ui-app-DB-json/app/[locale]/premium/page.tsx:76,ca7b5327
fi,/fi/premium/,fi/home.json,body.purchase.premium.instantAccess,Välitön pääsy,MISSING_KEY,YES,generator/Ui-app-DB-json/app/[locale]/premium/page.tsx:38,ca7b5327
fi,/fi/premium/,fi/home.json,body.purchase.premium.lede,"Best of 2026 -kokoelma tuo suosikkimme yhdistä pisteet -tehtävät yhteen helposti tulostettavaan pakettiin rauhallisiin hetkiin, sadepäiviin, kotikouluun ja luokkahuoneeseen.",MISSING_KEY,YES,generator/Ui-app-DB-json/app/[locale]/premium/page.tsx:34,ca7b5327
fi,/fi/premium/,fi/home.json,body.purchase.premium.localNote,"Paikallisessa ympäristössä (localhost) tämä avaa turvallisen maksudemon, eikä korttia koskaan veloiteta.",MISSING_KEY,YES,generator/Ui-app-DB-json/app/[locale]/premium/page.tsx:61,ca7b5327
fi,/fi/premium/,fi/home.json,body.purchase.premium.metaDescription,Tulostusvalmis kokoelma lasten suosikki yhdistä pisteet -tehtäviä yhdessä kätevässä PDF-tiedostossa.,MISSING_KEY,YES,generator/Ui-app-DB-json/app/[locale]/premium/page.tsx:18,ca7b5327
fi,/fi/premium/,fi/home.json,body.purchase.premium.metaTitle,Best of 2026 -premium-yhdistä pisteet -pulmapaketti,MISSING_KEY,YES,generator/Ui-app-DB-json/app/[locale]/premium/page.tsx:18,ca7b5327
fi,/fi/premium/,fi/home.json,body.purchase.premium.oneTime,kertamaksu,MISSING_KEY,YES,generator/Ui-app-DB-json/app/[locale]/premium/page.tsx:56,ca7b5327
fi,/fi/premium/,fi/home.json,body.purchase.premium.printAtHome,Tulosta kotona,MISSING_KEY,YES,generator/Ui-app-DB-json/app/[locale]/premium/page.tsx:37,ca7b5327
fi,/fi/premium/,fi/home.json,body.purchase.premium.purchaseAria,Osta Best of 2026 -tehtäväpaketti,MISSING_KEY,YES,generator/Ui-app-DB-json/app/[locale]/premium/page.tsx:41,ca7b5327
fi,/fi/purchase/success/,fi/home.json,body.purchase.shared.contactUs,Ota yhteyttä,MISSING_KEY,YES,"generator/Ui-app-DB-json/components/PurchaseDownloadLink.tsx:82,95",ca7b5327
fi,/fi/purchase/success/; /fi/purchase/cancelled/,fi/home.json,body.purchase.shared.returnToPack,Palaa tehtäväpakettiin,MISSING_KEY,YES,generator/Ui-app-DB-json/components/PurchaseDownloadLink.tsx:67; generator/Ui-app-DB-json/app/[locale]/purchase/cancelled/page.tsx:31,ca7b5327
fi,/fi/purchase/success/,fi/home.json,body.purchase.success.eyebrow,Maksu vahvistettu,MISSING_KEY,YES,generator/Ui-app-DB-json/app/[locale]/purchase/success/page.tsx:30,ca7b5327
fi,/fi/purchase/success/,fi/home.json,body.purchase.success.lede,Maksusi onnistui. Ostoksen näkyminen tililläsi voi kestää muutaman sekunnin.,MISSING_KEY,YES,generator/Ui-app-DB-json/app/[locale]/purchase/success/page.tsx:32,ca7b5327
fi,/fi/purchase/success/,fi/home.json,body.purchase.success.metaTitle,Kiitos ostoksestasi,MISSING_KEY,YES,generator/Ui-app-DB-json/app/[locale]/purchase/success/page.tsx:19,ca7b5327
fr,/fr/purchase/cancelled/,fr/home.json,body.purchase.cancelled.eyebrow,Aucun paiement effectué,MISSING_KEY,YES,generator/Ui-app-DB-json/app/[locale]/purchase/cancelled/page.tsx:28,ca7b5327
fr,/fr/purchase/cancelled/,fr/home.json,body.purchase.cancelled.lede,Aucun montant n'a été débité. Vous pouvez réessayer à tout moment.,MISSING_KEY,YES,generator/Ui-app-DB-json/app/[locale]/purchase/cancelled/page.tsx:30,ca7b5327
fr,/fr/purchase/cancelled/,fr/home.json,body.purchase.cancelled.metaTitle,Paiement annulé,MISSING_KEY,YES,generator/Ui-app-DB-json/app/[locale]/purchase/cancelled/page.tsx:17,ca7b5327
fr,/fr/premium/,fr/home.json,body.purchase.checkout.consent,"J'accepte la livraison immédiate de ce PDF numérique et je comprends qu'une fois l'accès accordé, la vente est définitive et non remboursable, sauf disposition légale contraire ou si le fichier n'est pas livré ou est défectueux.",MISSING_KEY,YES,generator/Ui-app-DB-json/components/BuyButton.tsx:50,ca7b5327
fr,/fr/premium/,fr/home.json,body.purchase.checkout.error,Une erreur est survenue lors du démarrage du paiement. Veuillez réessayer.,MISSING_KEY,YES,generator/Ui-app-DB-json/components/BuyButton.tsx:57,ca7b5327
fr,/fr/premium/,fr/home.json,body.purchase.checkout.opening,Ouverture du paiement...,MISSING_KEY,YES,generator/Ui-app-DB-json/components/BuyButton.tsx:54,ca7b5327
fr,/fr/premium/,fr/home.json,body.purchase.checkout.refundPolicy,Consulter la politique de remboursement,MISSING_KEY,YES,generator/Ui-app-DB-json/components/BuyButton.tsx:50,ca7b5327
fr,/fr/premium/,fr/home.json,body.purchase.checkout.secureNote,Paiement sécurisé propulsé par Stripe. Paiement unique. Pas d'abonnement.,MISSING_KEY,YES,generator/Ui-app-DB-json/components/BuyButton.tsx:56,ca7b5327
fr,/fr/purchase/success/,fr/home.json,body.purchase.download.button,Téléchargez votre pack de puzzles,MISSING_KEY,YES,"generator/Ui-app-DB-json/components/PurchaseDownloadLink.tsx:66,76",ca7b5327
fr,/fr/purchase/success/,fr/home.json,body.purchase.download.demoText,Le véritable écran de succès affiche ici le bouton de téléchargement du PDF. La démo locale ne libère pas le fichier privé.,MISSING_KEY,YES,generator/Ui-app-DB-json/components/PurchaseDownloadLink.tsx:65,ca7b5327
fr,/fr/purchase/success/,fr/home.json,body.purchase.download.demoTitle,Le test de paiement local a réussi.,MISSING_KEY,YES,generator/Ui-app-DB-json/components/PurchaseDownloadLink.tsx:64,ca7b5327
fr,/fr/purchase/success/,fr/home.json,body.purchase.download.expires,Ce lien expire dans 24 heures. Enregistrez votre téléchargement dans un endroit sûr.,MISSING_KEY,YES,generator/Ui-app-DB-json/components/PurchaseDownloadLink.tsx:79,ca7b5327
fr,/fr/purchase/success/,fr/home.json,body.purchase.download.failed,"Nous n'avons pas encore pu confirmer votre achat. Si vous avez été débité, actualisez cette page dans une minute ou contactez-nous pour obtenir de l'aide.",MISSING_KEY,YES,generator/Ui-app-DB-json/components/PurchaseDownloadLink.tsx:92,ca7b5327
fr,/fr/purchase/success/,fr/home.json,body.purchase.download.preparing,Préparation de votre téléchargement...,MISSING_KEY,YES,generator/Ui-app-DB-json/components/PurchaseDownloadLink.tsx:102,ca7b5327
fr,/fr/premium/,fr/home.json,body.purchase.premium.benefits.classroomUse,Utilisable à la maison ou dans une seule classe,MISSING_KEY,YES,generator/Ui-app-DB-json/app/[locale]/premium/page.tsx:71,ca7b5327
fr,/fr/premium/,fr/home.json,body.purchase.premium.benefits.instantAccess,Accès immédiat après un paiement réussi,MISSING_KEY,YES,generator/Ui-app-DB-json/app/[locale]/premium/page.tsx:71,ca7b5327
fr,/fr/premium/,fr/home.json,body.purchase.premium.benefits.kidFriendly,"Des puzzles adaptés aux enfants, avec plusieurs niveaux de difficulté",MISSING_KEY,YES,generator/Ui-app-DB-json/app/[locale]/premium/page.tsx:71,ca7b5327
fr,/fr/premium/,fr/home.json,body.purchase.premium.benefits.onePdf,"Un seul PDF pratique, prêt à imprimer",MISSING_KEY,YES,generator/Ui-app-DB-json/app/[locale]/premium/page.tsx:71,ca7b5327
fr,/fr/premium/,fr/home.json,body.purchase.premium.benefits.paperSizes,Compatible avec le papier US Letter et A4,MISSING_KEY,YES,generator/Ui-app-DB-json/app/[locale]/premium/page.tsx:71,ca7b5327
fr,/fr/premium/,fr/home.json,body.purchase.premium.buyButton,Obtenir le pack de puzzles,MISSING_KEY,YES,generator/Ui-app-DB-json/app/[locale]/premium/page.tsx:60,ca7b5327
fr,/fr/premium/,fr/home.json,body.purchase.premium.coverAlt,Best of 2026 - Couverture du livre de 25 puzzles Relier les Points,MISSING_KEY,YES,generator/Ui-app-DB-json/app/[locale]/premium/page.tsx:45; generator/Ui-app-DB-json/components/BestOf2026BookAd.tsx:12,ca7b5327
fr,/fr/premium/,fr/home.json,body.purchase.premium.detailsEyebrow,Conçu pour imprimer et jouer facilement,MISSING_KEY,YES,generator/Ui-app-DB-json/app/[locale]/premium/page.tsx:66,ca7b5327
fr,/fr/premium/,fr/home.json,body.purchase.premium.detailsText,"Téléchargez une fois, gardez-le à portée de main et imprimez les activités souhaitées dès que vous en avez besoin.",MISSING_KEY,YES,generator/Ui-app-DB-json/app/[locale]/premium/page.tsx:68,ca7b5327
fr,/fr/premium/,fr/home.json,body.purchase.premium.digitalPdf,PDF numérique,MISSING_KEY,YES,generator/Ui-app-DB-json/app/[locale]/premium/page.tsx:36,ca7b5327
fr,/fr/premium/,fr/home.json,body.purchase.premium.eyebrow,Collection premium à imprimer,MISSING_KEY,YES,generator/Ui-app-DB-json/app/[locale]/premium/page.tsx:32,ca7b5327
fr,/fr/premium/,fr/home.json,body.purchase.premium.guaranteeText,"Après le paiement, votre lien de téléchargement privé apparaît immédiatement. Pas d'abonnement, pas de renouvellement surprise.",MISSING_KEY,YES,generator/Ui-app-DB-json/app/[locale]/premium/page.tsx:76,ca7b5327
fr,/fr/premium/,fr/home.json,body.purchase.premium.instantAccess,Accès immédiat,MISSING_KEY,YES,generator/Ui-app-DB-json/app/[locale]/premium/page.tsx:38,ca7b5327
fr,/fr/premium/,fr/home.json,body.purchase.premium.lede,"La collection Best of 2026 rassemble nos activités « relier les points » préférées dans un pack facile à imprimer, parfait pour les moments calmes, les jours de pluie, l'école à la maison et la classe.",MISSING_KEY,YES,generator/Ui-app-DB-json/app/[locale]/premium/page.tsx:34,ca7b5327
fr,/fr/premium/,fr/home.json,body.purchase.premium.localNote,"Sur localhost, cela ouvre une démo de paiement sécurisée et ne débite jamais de carte.",MISSING_KEY,YES,generator/Ui-app-DB-json/app/[locale]/premium/page.tsx:61,ca7b5327
fr,/fr/premium/,fr/home.json,body.purchase.premium.metaDescription,"Une collection prête à imprimer des puzzles « relier les points » préférés des enfants, réunis dans un PDF pratique.",MISSING_KEY,YES,generator/Ui-app-DB-json/app/[locale]/premium/page.tsx:18,ca7b5327
fr,/fr/premium/,fr/home.json,body.purchase.premium.metaTitle,Pack Premium Best of 2026 de puzzles Relier les Points,MISSING_KEY,YES,generator/Ui-app-DB-json/app/[locale]/premium/page.tsx:18,ca7b5327
fr,/fr/premium/,fr/home.json,body.purchase.premium.oneTime,paiement unique,MISSING_KEY,YES,generator/Ui-app-DB-json/app/[locale]/premium/page.tsx:56,ca7b5327
fr,/fr/premium/,fr/home.json,body.purchase.premium.printAtHome,Impression à la maison,MISSING_KEY,YES,generator/Ui-app-DB-json/app/[locale]/premium/page.tsx:37,ca7b5327
fr,/fr/premium/,fr/home.json,body.purchase.premium.purchaseAria,Acheter le pack de puzzles Best of 2026,MISSING_KEY,YES,generator/Ui-app-DB-json/app/[locale]/premium/page.tsx:41,ca7b5327
fr,/fr/purchase/success/,fr/home.json,body.purchase.shared.contactUs,Nous contacter,MISSING_KEY,YES,"generator/Ui-app-DB-json/components/PurchaseDownloadLink.tsx:82,95",ca7b5327
fr,/fr/purchase/success/; /fr/purchase/cancelled/,fr/home.json,body.purchase.shared.returnToPack,Retour au pack de puzzles,MISSING_KEY,YES,generator/Ui-app-DB-json/components/PurchaseDownloadLink.tsx:67; generator/Ui-app-DB-json/app/[locale]/purchase/cancelled/page.tsx:31,ca7b5327
fr,/fr/purchase/success/,fr/home.json,body.purchase.success.eyebrow,Paiement confirmé,MISSING_KEY,YES,generator/Ui-app-DB-json/app/[locale]/purchase/success/page.tsx:30,ca7b5327
fr,/fr/purchase/success/,fr/home.json,body.purchase.success.lede,Votre paiement a été effectué avec succès. Il peut s'écouler quelques secondes avant que votre achat n'apparaisse sur votre compte.,MISSING_KEY,YES,generator/Ui-app-DB-json/app/[locale]/purchase/success/page.tsx:32,ca7b5327
fr,/fr/purchase/success/,fr/home.json,body.purchase.success.metaTitle,Merci pour votre achat,MISSING_KEY,YES,generator/Ui-app-DB-json/app/[locale]/purchase/success/page.tsx:19,ca7b5327
hr,/hr/purchase/cancelled/,hr/home.json,body.purchase.cancelled.eyebrow,Naplata nije izvršena,MISSING_KEY,YES,generator/Ui-app-DB-json/app/[locale]/purchase/cancelled/page.tsx:28,ca7b5327
hr,/hr/purchase/cancelled/,hr/home.json,body.purchase.cancelled.lede,Naplata nije izvršena. Možete pokušati ponovno u bilo kojem trenutku.,MISSING_KEY,YES,generator/Ui-app-DB-json/app/[locale]/purchase/cancelled/page.tsx:30,ca7b5327
hr,/hr/purchase/cancelled/,hr/home.json,body.purchase.cancelled.metaTitle,Plaćanje otkazano,MISSING_KEY,YES,generator/Ui-app-DB-json/app/[locale]/purchase/cancelled/page.tsx:17,ca7b5327
hr,/hr/premium/,hr/home.json,body.purchase.checkout.consent,"Slažem se s trenutnom dostavom ovog digitalnog PDF-a i razumijem da je, nakon što pristup započne, kupnja konačna i nepovratna, osim ako je to zakonom propisano ili ako datoteka nije isporučena ili je neispravna.",MISSING_KEY,YES,generator/Ui-app-DB-json/components/BuyButton.tsx:50,ca7b5327
hr,/hr/premium/,hr/home.json,body.purchase.checkout.error,Došlo je do pogreške pri pokretanju plaćanja. Pokušajte ponovno.,MISSING_KEY,YES,generator/Ui-app-DB-json/components/BuyButton.tsx:57,ca7b5327
hr,/hr/premium/,hr/home.json,body.purchase.checkout.opening,Otvaranje plaćanja...,MISSING_KEY,YES,generator/Ui-app-DB-json/components/BuyButton.tsx:54,ca7b5327
hr,/hr/premium/,hr/home.json,body.purchase.checkout.refundPolicy,Pročitajte politiku povrata novca,MISSING_KEY,YES,generator/Ui-app-DB-json/components/BuyButton.tsx:50,ca7b5327
hr,/hr/premium/,hr/home.json,body.purchase.checkout.secureNote,Sigurno plaćanje putem Stripea. Jednokratno plaćanje. Bez pretplate.,MISSING_KEY,YES,generator/Ui-app-DB-json/components/BuyButton.tsx:56,ca7b5327
hr,/hr/purchase/success/,hr/home.json,body.purchase.download.button,Preuzmite svoj paket slagalica,MISSING_KEY,YES,"generator/Ui-app-DB-json/components/PurchaseDownloadLink.tsx:66,76",ca7b5327
hr,/hr/purchase/success/,hr/home.json,body.purchase.download.demoText,Na stvarnom zaslonu uspješne kupnje ovdje se prikazuje gumb za preuzimanje PDF-a. Lokalna demo verzija ne otključava privatnu datoteku.,MISSING_KEY,YES,generator/Ui-app-DB-json/components/PurchaseDownloadLink.tsx:65,ca7b5327
hr,/hr/purchase/success/,hr/home.json,body.purchase.download.demoTitle,Lokalni test plaćanja uspješno je proveden.,MISSING_KEY,YES,generator/Ui-app-DB-json/components/PurchaseDownloadLink.tsx:64,ca7b5327
hr,/hr/purchase/success/,hr/home.json,body.purchase.download.expires,Ova poveznica istječe za 24 sata. Spremite preuzetu datoteku na sigurno mjesto.,MISSING_KEY,YES,generator/Ui-app-DB-json/components/PurchaseDownloadLink.tsx:79,ca7b5327
hr,/hr/purchase/success/,hr/home.json,body.purchase.download.failed,"Još nismo mogli potvrditi vašu kupnju. Ako vam je naplaćeno, osvježite ovu stranicu za minutu ili nas kontaktirajte za pomoć.",MISSING_KEY,YES,generator/Ui-app-DB-json/components/PurchaseDownloadLink.tsx:92,ca7b5327
hr,/hr/purchase/success/,hr/home.json,body.purchase.download.preparing,Priprema vašeg preuzimanja...,MISSING_KEY,YES,generator/Ui-app-DB-json/components/PurchaseDownloadLink.tsx:102,ca7b5327
hr,/hr/premium/,hr/home.json,body.purchase.premium.benefits.classroomUse,Za korištenje kod kuće ili u jednoj učionici,MISSING_KEY,YES,generator/Ui-app-DB-json/app/[locale]/premium/page.tsx:71,ca7b5327
hr,/hr/premium/,hr/home.json,body.purchase.premium.benefits.instantAccess,Trenutni pristup nakon uspješnog plaćanja,MISSING_KEY,YES,generator/Ui-app-DB-json/app/[locale]/premium/page.tsx:71,ca7b5327
hr,/hr/premium/,hr/home.json,body.purchase.premium.benefits.kidFriendly,Slagalice prilagođene djeci s različitim stupnjevima težine,MISSING_KEY,YES,generator/Ui-app-DB-json/app/[locale]/premium/page.tsx:71,ca7b5327
hr,/hr/premium/,hr/home.json,body.purchase.premium.benefits.onePdf,Jedan praktičan PDF spreman za ispis,MISSING_KEY,YES,generator/Ui-app-DB-json/app/[locale]/premium/page.tsx:71,ca7b5327
hr,/hr/premium/,hr/home.json,body.purchase.premium.benefits.paperSizes,Radi na papiru US Letter i A4 formata,MISSING_KEY,YES,generator/Ui-app-DB-json/app/[locale]/premium/page.tsx:71,ca7b5327
hr,/hr/premium/,hr/home.json,body.purchase.premium.buyButton,Nabavite paket slagalica,MISSING_KEY,YES,generator/Ui-app-DB-json/app/[locale]/premium/page.tsx:60,ca7b5327
hr,/hr/premium/,hr/home.json,body.purchase.premium.coverAlt,Best of 2026 - naslovnica knjige s 25 slagalica spoji točke,MISSING_KEY,YES,generator/Ui-app-DB-json/app/[locale]/premium/page.tsx:45; generator/Ui-app-DB-json/components/BestOf2026BookAd.tsx:12,ca7b5327
hr,/hr/premium/,hr/home.json,body.purchase.premium.detailsEyebrow,Osmišljeno za jednostavan ispis i igru,MISSING_KEY,YES,generator/Ui-app-DB-json/app/[locale]/premium/page.tsx:66,ca7b5327
hr,/hr/premium/,hr/home.json,body.purchase.premium.detailsText,"Preuzmite jednom, držite pri ruci i ispišite željene aktivnosti kad god vam zatrebaju.",MISSING_KEY,YES,generator/Ui-app-DB-json/app/[locale]/premium/page.tsx:68,ca7b5327
hr,/hr/premium/,hr/home.json,body.purchase.premium.digitalPdf,Digitalni PDF,MISSING_KEY,YES,generator/Ui-app-DB-json/app/[locale]/premium/page.tsx:36,ca7b5327
hr,/hr/premium/,hr/home.json,body.purchase.premium.eyebrow,Premium zbirka za ispis,MISSING_KEY,YES,generator/Ui-app-DB-json/app/[locale]/premium/page.tsx:32,ca7b5327
hr,/hr/premium/,hr/home.json,body.purchase.premium.guaranteeText,Nakon plaćanja odmah se pojavljuje vaša privatna poveznica za preuzimanje. Bez pretplate i bez iznenadnih obnova.,MISSING_KEY,YES,generator/Ui-app-DB-json/app/[locale]/premium/page.tsx:76,ca7b5327
hr,/hr/premium/,hr/home.json,body.purchase.premium.instantAccess,Trenutni pristup,MISSING_KEY,YES,generator/Ui-app-DB-json/app/[locale]/premium/page.tsx:38,ca7b5327
hr,/hr/premium/,hr/home.json,body.purchase.premium.lede,"Zbirka Best of 2026 donosi naše omiljene aktivnosti spoji-točke u jednom paketu jednostavnom za ispis, savršenom za mirne trenutke, kišne dane, kućno obrazovanje i učionicu.",MISSING_KEY,YES,generator/Ui-app-DB-json/app/[locale]/premium/page.tsx:34,ca7b5327
hr,/hr/premium/,hr/home.json,body.purchase.premium.localNote,Na localhostu ovo otvara sigurnu demo verziju plaćanja i nikada ne naplaćuje karticu.,MISSING_KEY,YES,generator/Ui-app-DB-json/app/[locale]/premium/page.tsx:61,ca7b5327
hr,/hr/premium/,hr/home.json,body.purchase.premium.metaDescription,"Zbirka omiljenih dječjih slagalica spoji-točke, spremna za ispis i objedinjena u praktičan PDF.",MISSING_KEY,YES,generator/Ui-app-DB-json/app/[locale]/premium/page.tsx:18,ca7b5327
hr,/hr/premium/,hr/home.json,body.purchase.premium.metaTitle,Premium paket Best of 2026 – slagalice spoji točke,MISSING_KEY,YES,generator/Ui-app-DB-json/app/[locale]/premium/page.tsx:18,ca7b5327
hr,/hr/premium/,hr/home.json,body.purchase.premium.oneTime,jednokratno,MISSING_KEY,YES,generator/Ui-app-DB-json/app/[locale]/premium/page.tsx:56,ca7b5327
hr,/hr/premium/,hr/home.json,body.purchase.premium.printAtHome,Ispis kod kuće,MISSING_KEY,YES,generator/Ui-app-DB-json/app/[locale]/premium/page.tsx:37,ca7b5327
hr,/hr/premium/,hr/home.json,body.purchase.premium.purchaseAria,Kupite paket slagalica Best of 2026,MISSING_KEY,YES,generator/Ui-app-DB-json/app/[locale]/premium/page.tsx:41,ca7b5327
hr,/hr/purchase/success/,hr/home.json,body.purchase.shared.contactUs,Kontaktirajte nas,MISSING_KEY,YES,"generator/Ui-app-DB-json/components/PurchaseDownloadLink.tsx:82,95",ca7b5327
hr,/hr/purchase/success/; /hr/purchase/cancelled/,hr/home.json,body.purchase.shared.returnToPack,Povratak na paket slagalica,MISSING_KEY,YES,generator/Ui-app-DB-json/components/PurchaseDownloadLink.tsx:67; generator/Ui-app-DB-json/app/[locale]/purchase/cancelled/page.tsx:31,ca7b5327
hr,/hr/purchase/success/,hr/home.json,body.purchase.success.eyebrow,Plaćanje potvrđeno,MISSING_KEY,YES,generator/Ui-app-DB-json/app/[locale]/purchase/success/page.tsx:30,ca7b5327
hr,/hr/purchase/success/,hr/home.json,body.purchase.success.lede,Vaše plaćanje je uspješno provedeno. Kupnja se na vašem računu može pojaviti nakon nekoliko sekundi.,MISSING_KEY,YES,generator/Ui-app-DB-json/app/[locale]/purchase/success/page.tsx:32,ca7b5327
hr,/hr/purchase/success/,hr/home.json,body.purchase.success.metaTitle,Hvala vam na kupnji,MISSING_KEY,YES,generator/Ui-app-DB-json/app/[locale]/purchase/success/page.tsx:19,ca7b5327
hu,/hu/purchase/cancelled/,hu/home.json,body.purchase.cancelled.eyebrow,Nem történt terhelés,MISSING_KEY,YES,generator/Ui-app-DB-json/app/[locale]/purchase/cancelled/page.tsx:28,ca7b5327
hu,/hu/purchase/cancelled/,hu/home.json,body.purchase.cancelled.lede,Nem történt terhelés. Bármikor újra megpróbálhatod.,MISSING_KEY,YES,generator/Ui-app-DB-json/app/[locale]/purchase/cancelled/page.tsx:30,ca7b5327
hu,/hu/purchase/cancelled/,hu/home.json,body.purchase.cancelled.metaTitle,Fizetés megszakítva,MISSING_KEY,YES,generator/Ui-app-DB-json/app/[locale]/purchase/cancelled/page.tsx:17,ca7b5327
hu,/hu/premium/,hu/home.json,body.purchase.checkout.consent,"Elfogadom ennek a digitális PDF-nek az azonnali kézbesítését, és tudomásul veszem, hogy a hozzáférés megkezdését követően a vásárlás végleges és nem visszatéríthető, kivéve, ha ezt jogszabály írja elő, vagy ha a fájlt nem kézbesítik, illetve az hibás.",MISSING_KEY,YES,generator/Ui-app-DB-json/components/BuyButton.tsx:50,ca7b5327
hu,/hu/premium/,hu/home.json,body.purchase.checkout.error,"Hiba történt a fizetés indításakor. Kérjük, próbáld újra.",MISSING_KEY,YES,generator/Ui-app-DB-json/components/BuyButton.tsx:57,ca7b5327
hu,/hu/premium/,hu/home.json,body.purchase.checkout.opening,Fizetési folyamat megnyitása...,MISSING_KEY,YES,generator/Ui-app-DB-json/components/BuyButton.tsx:54,ca7b5327
hu,/hu/premium/,hu/home.json,body.purchase.checkout.refundPolicy,Visszatérítési szabályzat elolvasása,MISSING_KEY,YES,generator/Ui-app-DB-json/components/BuyButton.tsx:50,ca7b5327
hu,/hu/premium/,hu/home.json,body.purchase.checkout.secureNote,Biztonságos fizetés a Stripe támogatásával. Egyszeri fizetés. Nincs előfizetés.,MISSING_KEY,YES,generator/Ui-app-DB-json/components/BuyButton.tsx:56,ca7b5327
hu,/hu/purchase/success/,hu/home.json,body.purchase.download.button,Töltsd le a rejtvénycsomagot,MISSING_KEY,YES,"generator/Ui-app-DB-json/components/PurchaseDownloadLink.tsx:66,76",ca7b5327
hu,/hu/purchase/success/,hu/home.json,body.purchase.download.demoText,A valódi sikeres fizetési képernyőn itt jelenik meg a PDF letöltési gombja. A helyi demó nem adja ki a privát fájlt.,MISSING_KEY,YES,generator/Ui-app-DB-json/components/PurchaseDownloadLink.tsx:65,ca7b5327
hu,/hu/purchase/success/,hu/home.json,body.purchase.download.demoTitle,A helyi fizetési teszt sikeres volt.,MISSING_KEY,YES,generator/Ui-app-DB-json/components/PurchaseDownloadLink.tsx:64,ca7b5327
hu,/hu/purchase/success/,hu/home.json,body.purchase.download.expires,Ez a link 24 óra múlva lejár. Mentsd el a letöltött fájlt biztonságos helyre.,MISSING_KEY,YES,generator/Ui-app-DB-json/components/PurchaseDownloadLink.tsx:79,ca7b5327
hu,/hu/purchase/success/,hu/home.json,body.purchase.download.failed,"Még nem tudtuk megerősíteni a vásárlásodat. Ha megtörtént a terhelés, frissítsd az oldalt egy perc múlva, vagy vedd fel velünk a kapcsolatot segítségért.",MISSING_KEY,YES,generator/Ui-app-DB-json/components/PurchaseDownloadLink.tsx:92,ca7b5327
hu,/hu/purchase/success/,hu/home.json,body.purchase.download.preparing,Letöltés előkészítése...,MISSING_KEY,YES,generator/Ui-app-DB-json/components/PurchaseDownloadLink.tsx:102,ca7b5327
hu,/hu/premium/,hu/home.json,body.purchase.premium.benefits.classroomUse,Otthon vagy egyetlen tanteremben használható,MISSING_KEY,YES,generator/Ui-app-DB-json/app/[locale]/premium/page.tsx:71,ca7b5327
hu,/hu/premium/,hu/home.json,body.purchase.premium.benefits.instantAccess,Azonnali hozzáférés sikeres fizetés után,MISSING_KEY,YES,generator/Ui-app-DB-json/app/[locale]/premium/page.tsx:71,ca7b5327
hu,/hu/premium/,hu/home.json,body.purchase.premium.benefits.kidFriendly,Gyerekbarát rejtvények változatos nehézségi szinttel,MISSING_KEY,YES,generator/Ui-app-DB-json/app/[locale]/premium/page.tsx:71,ca7b5327
hu,/hu/premium/,hu/home.json,body.purchase.premium.benefits.onePdf,"Egy kényelmes, nyomtatásra kész PDF",MISSING_KEY,YES,generator/Ui-app-DB-json/app/[locale]/premium/page.tsx:71,ca7b5327
hu,/hu/premium/,hu/home.json,body.purchase.premium.benefits.paperSizes,US Letter és A4 papírméretre is alkalmas,MISSING_KEY,YES,generator/Ui-app-DB-json/app/[locale]/premium/page.tsx:71,ca7b5327
hu,/hu/premium/,hu/home.json,body.purchase.premium.buyButton,Szerezd meg a rejtvénycsomagot,MISSING_KEY,YES,generator/Ui-app-DB-json/app/[locale]/premium/page.tsx:60,ca7b5327
hu,/hu/premium/,hu/home.json,body.purchase.premium.coverAlt,"Best of 2026 - 25 pontösszekötős rejtvény, könyvborító",MISSING_KEY,YES,generator/Ui-app-DB-json/app/[locale]/premium/page.tsx:45; generator/Ui-app-DB-json/components/BestOf2026BookAd.tsx:12,ca7b5327
hu,/hu/premium/,hu/home.json,body.purchase.premium.detailsEyebrow,Egyszerű nyomtatásra és játékra tervezve,MISSING_KEY,YES,generator/Ui-app-DB-json/app/[locale]/premium/page.tsx:66,ca7b5327
hu,/hu/premium/,hu/home.json,body.purchase.premium.detailsText,"Töltsd le egyszer, tartsd kéznél, és nyomtasd ki a kívánt tevékenységeket, amikor csak szükséged van rájuk.",MISSING_KEY,YES,generator/Ui-app-DB-json/app/[locale]/premium/page.tsx:68,ca7b5327
hu,/hu/premium/,hu/home.json,body.purchase.premium.digitalPdf,Digitális PDF,MISSING_KEY,YES,generator/Ui-app-DB-json/app/[locale]/premium/page.tsx:36,ca7b5327
hu,/hu/premium/,hu/home.json,body.purchase.premium.eyebrow,Nyomtatható prémium gyűjtemény,MISSING_KEY,YES,generator/Ui-app-DB-json/app/[locale]/premium/page.tsx:32,ca7b5327
hu,/hu/premium/,hu/home.json,body.purchase.premium.guaranteeText,"A fizetés után azonnal megjelenik a privát letöltési linked. Nincs előfizetés, és nincs meglepetésszerű megújítás.",MISSING_KEY,YES,generator/Ui-app-DB-json/app/[locale]/premium/page.tsx:76,ca7b5327
hu,/hu/premium/,hu/home.json,body.purchase.premium.instantAccess,Azonnali hozzáférés,MISSING_KEY,YES,generator/Ui-app-DB-json/app/[locale]/premium/page.tsx:38,ca7b5327
hu,/hu/premium/,hu/home.json,body.purchase.premium.lede,"A Best of 2026 gyűjtemény egyetlen, könnyen nyomtatható csomagba gyűjti kedvenc pontösszekötős tevékenységeinket – tökéletes a nyugodt percekre, esős napokra, otthoni tanulásra és a tanórákra.",MISSING_KEY,YES,generator/Ui-app-DB-json/app/[locale]/premium/page.tsx:34,ca7b5327
hu,/hu/premium/,hu/home.json,body.purchase.premium.localNote,"Localhoston ez egy biztonságos fizetési demót nyit meg, és soha nem terheli meg a kártyát.",MISSING_KEY,YES,generator/Ui-app-DB-json/app/[locale]/premium/page.tsx:61,ca7b5327
hu,/hu/premium/,hu/home.json,body.purchase.premium.metaDescription,"Nyomtatásra kész gyűjtemény a gyerekek kedvenc pontösszekötős rejtvényeiből, egyetlen kényelmes PDF-be gyűjtve.",MISSING_KEY,YES,generator/Ui-app-DB-json/app/[locale]/premium/page.tsx:18,ca7b5327
hu,/hu/premium/,hu/home.json,body.purchase.premium.metaTitle,Best of 2026 Prémium Kösd Össze a Pontokat Puzzle-csomag,MISSING_KEY,YES,generator/Ui-app-DB-json/app/[locale]/premium/page.tsx:18,ca7b5327
hu,/hu/premium/,hu/home.json,body.purchase.premium.oneTime,egyszeri fizetés,MISSING_KEY,YES,generator/Ui-app-DB-json/app/[locale]/premium/page.tsx:56,ca7b5327
hu,/hu/premium/,hu/home.json,body.purchase.premium.printAtHome,Otthoni nyomtatás,MISSING_KEY,YES,generator/Ui-app-DB-json/app/[locale]/premium/page.tsx:37,ca7b5327
hu,/hu/premium/,hu/home.json,body.purchase.premium.purchaseAria,Best of 2026 rejtvénycsomag megvásárlása,MISSING_KEY,YES,generator/Ui-app-DB-json/app/[locale]/premium/page.tsx:41,ca7b5327
hu,/hu/purchase/success/,hu/home.json,body.purchase.shared.contactUs,Kapcsolatfelvétel,MISSING_KEY,YES,"generator/Ui-app-DB-json/components/PurchaseDownloadLink.tsx:82,95",ca7b5327
hu,/hu/purchase/success/; /hu/purchase/cancelled/,hu/home.json,body.purchase.shared.returnToPack,Vissza a rejtvénycsomaghoz,MISSING_KEY,YES,generator/Ui-app-DB-json/components/PurchaseDownloadLink.tsx:67; generator/Ui-app-DB-json/app/[locale]/purchase/cancelled/page.tsx:31,ca7b5327
hu,/hu/purchase/success/,hu/home.json,body.purchase.success.eyebrow,Fizetés megerősítve,MISSING_KEY,YES,generator/Ui-app-DB-json/app/[locale]/purchase/success/page.tsx:30,ca7b5327
hu,/hu/purchase/success/,hu/home.json,body.purchase.success.lede,"A fizetés sikeres volt. Előfordulhat, hogy néhány másodpercbe telik, amíg a vásárlás megjelenik a fiókodban.",MISSING_KEY,YES,generator/Ui-app-DB-json/app/[locale]/purchase/success/page.tsx:32,ca7b5327
hu,/hu/purchase/success/,hu/home.json,body.purchase.success.metaTitle,Köszönjük a vásárlást,MISSING_KEY,YES,generator/Ui-app-DB-json/app/[locale]/purchase/success/page.tsx:19,ca7b5327
id,/id/purchase/cancelled/,id/home.json,body.purchase.cancelled.eyebrow,Tidak ada pembayaran yang dilakukan,MISSING_KEY,YES,generator/Ui-app-DB-json/app/[locale]/purchase/cancelled/page.tsx:28,ca7b5327
id,/id/purchase/cancelled/,id/home.json,body.purchase.cancelled.lede,Tidak ada biaya yang dikenakan. Anda dapat mencoba lagi kapan saja.,MISSING_KEY,YES,generator/Ui-app-DB-json/app/[locale]/purchase/cancelled/page.tsx:30,ca7b5327
id,/id/purchase/cancelled/,id/home.json,body.purchase.cancelled.metaTitle,Checkout Dibatalkan,MISSING_KEY,YES,generator/Ui-app-DB-json/app/[locale]/purchase/cancelled/page.tsx:17,ca7b5327
id,/id/premium/,id/home.json,body.purchase.checkout.consent,"Saya setuju dengan pengiriman langsung PDF digital ini dan memahami bahwa, setelah akses dimulai, pembelian ini bersifat final dan tidak dapat dikembalikan kecuali diwajibkan oleh hukum atau jika berkas tidak terkirim atau cacat.",MISSING_KEY,YES,generator/Ui-app-DB-json/components/BuyButton.tsx:50,ca7b5327
id,/id/premium/,id/home.json,body.purchase.checkout.error,Terjadi kesalahan saat memulai checkout. Silakan coba lagi.,MISSING_KEY,YES,generator/Ui-app-DB-json/components/BuyButton.tsx:57,ca7b5327
id,/id/premium/,id/home.json,body.purchase.checkout.opening,Membuka proses checkout...,MISSING_KEY,YES,generator/Ui-app-DB-json/components/BuyButton.tsx:54,ca7b5327
id,/id/premium/,id/home.json,body.purchase.checkout.refundPolicy,Baca kebijakan pengembalian dana,MISSING_KEY,YES,generator/Ui-app-DB-json/components/BuyButton.tsx:50,ca7b5327
id,/id/premium/,id/home.json,body.purchase.checkout.secureNote,Checkout aman didukung oleh Stripe. Pembayaran sekali. Tanpa langganan.,MISSING_KEY,YES,generator/Ui-app-DB-json/components/BuyButton.tsx:56,ca7b5327
id,/id/purchase/success/,id/home.json,body.purchase.download.button,Unduh paket teka-teki Anda,MISSING_KEY,YES,"generator/Ui-app-DB-json/components/PurchaseDownloadLink.tsx:66,76",ca7b5327
id,/id/purchase/success/,id/home.json,body.purchase.download.demoText,Layar keberhasilan pembayaran yang sebenarnya menampilkan tombol unduh PDF di sini. Demo lokal tidak merilis berkas pribadi.,MISSING_KEY,YES,generator/Ui-app-DB-json/components/PurchaseDownloadLink.tsx:65,ca7b5327
id,/id/purchase/success/,id/home.json,body.purchase.download.demoTitle,Uji coba checkout lokal berhasil.,MISSING_KEY,YES,generator/Ui-app-DB-json/components/PurchaseDownloadLink.tsx:64,ca7b5327
id,/id/purchase/success/,id/home.json,body.purchase.download.expires,Tautan ini akan kedaluwarsa dalam 24 jam. Simpan hasil unduhan Anda di tempat yang aman.,MISSING_KEY,YES,generator/Ui-app-DB-json/components/PurchaseDownloadLink.tsx:79,ca7b5327
id,/id/purchase/success/,id/home.json,body.purchase.download.failed,"Kami belum dapat mengonfirmasi pembelian Anda. Jika Anda telah dikenakan biaya, muat ulang halaman ini beberapa saat lagi atau hubungi kami untuk bantuan.",MISSING_KEY,YES,generator/Ui-app-DB-json/components/PurchaseDownloadLink.tsx:92,ca7b5327
id,/id/purchase/success/,id/home.json,body.purchase.download.preparing,Menyiapkan unduhan Anda...,MISSING_KEY,YES,generator/Ui-app-DB-json/components/PurchaseDownloadLink.tsx:102,ca7b5327
id,/id/premium/,id/home.json,body.purchase.premium.benefits.classroomUse,Dapat digunakan di rumah atau di satu kelas,MISSING_KEY,YES,generator/Ui-app-DB-json/app/[locale]/premium/page.tsx:71,ca7b5327
id,/id/premium/,id/home.json,body.purchase.premium.benefits.instantAccess,Akses instan setelah pembayaran berhasil,MISSING_KEY,YES,generator/Ui-app-DB-json/app/[locale]/premium/page.tsx:71,ca7b5327
id,/id/premium/,id/home.json,body.purchase.premium.benefits.kidFriendly,Teka-teki ramah anak dengan berbagai tingkat kesulitan,MISSING_KEY,YES,generator/Ui-app-DB-json/app/[locale]/premium/page.tsx:71,ca7b5327
id,/id/premium/,id/home.json,body.purchase.premium.benefits.onePdf,Satu PDF praktis yang siap cetak,MISSING_KEY,YES,generator/Ui-app-DB-json/app/[locale]/premium/page.tsx:71,ca7b5327
id,/id/premium/,id/home.json,body.purchase.premium.benefits.paperSizes,Cocok untuk kertas US Letter dan A4,MISSING_KEY,YES,generator/Ui-app-DB-json/app/[locale]/premium/page.tsx:71,ca7b5327
id,/id/premium/,id/home.json,body.purchase.premium.buyButton,Dapatkan paket teka-teki,MISSING_KEY,YES,generator/Ui-app-DB-json/app/[locale]/premium/page.tsx:60,ca7b5327
id,/id/premium/,id/home.json,body.purchase.premium.coverAlt,Best of 2026 - Sampul buku 25 Teka-teki Hubungkan Titik,MISSING_KEY,YES,generator/Ui-app-DB-json/app/[locale]/premium/page.tsx:45; generator/Ui-app-DB-json/components/BestOf2026BookAd.tsx:12,ca7b5327
id,/id/premium/,id/home.json,body.purchase.premium.detailsEyebrow,Dirancang untuk cetak dan main yang mudah,MISSING_KEY,YES,generator/Ui-app-DB-json/app/[locale]/premium/page.tsx:66,ca7b5327
id,/id/premium/,id/home.json,body.purchase.premium.detailsText,"Unduh sekali, simpan agar mudah diakses, dan cetak aktivitas yang Anda inginkan kapan saja dibutuhkan.",MISSING_KEY,YES,generator/Ui-app-DB-json/app/[locale]/premium/page.tsx:68,ca7b5327
id,/id/premium/,id/home.json,body.purchase.premium.digitalPdf,PDF digital,MISSING_KEY,YES,generator/Ui-app-DB-json/app/[locale]/premium/page.tsx:36,ca7b5327
id,/id/premium/,id/home.json,body.purchase.premium.eyebrow,Koleksi premium siap cetak,MISSING_KEY,YES,generator/Ui-app-DB-json/app/[locale]/premium/page.tsx:32,ca7b5327
id,/id/premium/,id/home.json,body.purchase.premium.guaranteeText,"Setelah checkout, tautan unduhan pribadi Anda langsung muncul. Tanpa langganan dan tanpa perpanjangan tak terduga.",MISSING_KEY,YES,generator/Ui-app-DB-json/app/[locale]/premium/page.tsx:76,ca7b5327
id,/id/premium/,id/home.json,body.purchase.premium.instantAccess,Akses instan,MISSING_KEY,YES,generator/Ui-app-DB-json/app/[locale]/premium/page.tsx:38,ca7b5327
id,/id/premium/,id/home.json,body.purchase.premium.lede,"Koleksi Best of 2026 menghadirkan aktivitas hubungkan titik favorit kami dalam satu paket yang mudah dicetak, cocok untuk waktu santai, hari hujan, homeschooling, dan kelas.",MISSING_KEY,YES,generator/Ui-app-DB-json/app/[locale]/premium/page.tsx:34,ca7b5327
id,/id/premium/,id/home.json,body.purchase.premium.localNote,"Di localhost, ini membuka demo checkout yang aman dan tidak pernah membebankan biaya ke kartu apa pun.",MISSING_KEY,YES,generator/Ui-app-DB-json/app/[locale]/premium/page.tsx:61,ca7b5327
id,/id/premium/,id/home.json,body.purchase.premium.metaDescription,"Koleksi siap cetak berisi teka-teki hubungkan titik favorit anak-anak, digabung dalam satu PDF yang praktis.",MISSING_KEY,YES,generator/Ui-app-DB-json/app/[locale]/premium/page.tsx:18,ca7b5327
id,/id/premium/,id/home.json,body.purchase.premium.metaTitle,Paket Premium Best of 2026 Teka-teki Hubungkan Titik,MISSING_KEY,YES,generator/Ui-app-DB-json/app/[locale]/premium/page.tsx:18,ca7b5327
id,/id/premium/,id/home.json,body.purchase.premium.oneTime,sekali bayar,MISSING_KEY,YES,generator/Ui-app-DB-json/app/[locale]/premium/page.tsx:56,ca7b5327
id,/id/premium/,id/home.json,body.purchase.premium.printAtHome,Cetak di rumah,MISSING_KEY,YES,generator/Ui-app-DB-json/app/[locale]/premium/page.tsx:37,ca7b5327
id,/id/premium/,id/home.json,body.purchase.premium.purchaseAria,Beli paket teka-teki Best of 2026,MISSING_KEY,YES,generator/Ui-app-DB-json/app/[locale]/premium/page.tsx:41,ca7b5327
id,/id/purchase/success/,id/home.json,body.purchase.shared.contactUs,Hubungi kami,MISSING_KEY,YES,"generator/Ui-app-DB-json/components/PurchaseDownloadLink.tsx:82,95",ca7b5327
id,/id/purchase/success/; /id/purchase/cancelled/,id/home.json,body.purchase.shared.returnToPack,Kembali ke paket teka-teki,MISSING_KEY,YES,generator/Ui-app-DB-json/components/PurchaseDownloadLink.tsx:67; generator/Ui-app-DB-json/app/[locale]/purchase/cancelled/page.tsx:31,ca7b5327
id,/id/purchase/success/,id/home.json,body.purchase.success.eyebrow,Pembayaran dikonfirmasi,MISSING_KEY,YES,generator/Ui-app-DB-json/app/[locale]/purchase/success/page.tsx:30,ca7b5327
id,/id/purchase/success/,id/home.json,body.purchase.success.lede,Pembayaran Anda berhasil. Mungkin butuh beberapa detik hingga pembelian Anda muncul di akun Anda.,MISSING_KEY,YES,generator/Ui-app-DB-json/app/[locale]/purchase/success/page.tsx:32,ca7b5327
id,/id/purchase/success/,id/home.json,body.purchase.success.metaTitle,Terima Kasih atas Pembelian Anda,MISSING_KEY,YES,generator/Ui-app-DB-json/app/[locale]/purchase/success/page.tsx:19,ca7b5327
it,/it/purchase/cancelled/,it/home.json,body.purchase.cancelled.eyebrow,Nessun addebito effettuato,MISSING_KEY,YES,generator/Ui-app-DB-json/app/[locale]/purchase/cancelled/page.tsx:28,ca7b5327
it,/it/purchase/cancelled/,it/home.json,body.purchase.cancelled.lede,Non è stato effettuato alcun addebito. Puoi riprovare in qualsiasi momento.,MISSING_KEY,YES,generator/Ui-app-DB-json/app/[locale]/purchase/cancelled/page.tsx:30,ca7b5327
it,/it/purchase/cancelled/,it/home.json,body.purchase.cancelled.metaTitle,Pagamento annullato,MISSING_KEY,YES,generator/Ui-app-DB-json/app/[locale]/purchase/cancelled/page.tsx:17,ca7b5327
it,/it/premium/,it/home.json,body.purchase.checkout.consent,"Accetto la consegna immediata di questo PDF digitale e comprendo che, una volta iniziato l'accesso, la vendita è definitiva e non rimborsabile, salvo quanto richiesto dalla legge o nel caso in cui il file non venga consegnato o sia difettoso.",MISSING_KEY,YES,generator/Ui-app-DB-json/components/BuyButton.tsx:50,ca7b5327
it,/it/premium/,it/home.json,body.purchase.checkout.error,Si è verificato un problema durante l'avvio del pagamento. Riprova.,MISSING_KEY,YES,generator/Ui-app-DB-json/components/BuyButton.tsx:57,ca7b5327
it,/it/premium/,it/home.json,body.purchase.checkout.opening,Apertura del pagamento in corso...,MISSING_KEY,YES,generator/Ui-app-DB-json/components/BuyButton.tsx:54,ca7b5327
it,/it/premium/,it/home.json,body.purchase.checkout.refundPolicy,Leggi la politica di rimborso,MISSING_KEY,YES,generator/Ui-app-DB-json/components/BuyButton.tsx:50,ca7b5327
it,/it/premium/,it/home.json,body.purchase.checkout.secureNote,Pagamento sicuro offerto da Stripe. Pagamento unico. Nessun abbonamento.,MISSING_KEY,YES,generator/Ui-app-DB-json/components/BuyButton.tsx:56,ca7b5327
it,/it/purchase/success/,it/home.json,body.purchase.download.button,Scarica il tuo pacchetto puzzle,MISSING_KEY,YES,"generator/Ui-app-DB-json/components/PurchaseDownloadLink.tsx:66,76",ca7b5327
it,/it/purchase/success/,it/home.json,body.purchase.download.demoText,La vera schermata di pagamento riuscito mostra qui il pulsante di download del PDF. La demo locale non rilascia il file privato.,MISSING_KEY,YES,generator/Ui-app-DB-json/components/PurchaseDownloadLink.tsx:65,ca7b5327
it,/it/purchase/success/,it/home.json,body.purchase.download.demoTitle,Test di pagamento locale superato.,MISSING_KEY,YES,generator/Ui-app-DB-json/components/PurchaseDownloadLink.tsx:64,ca7b5327
it,/it/purchase/success/,it/home.json,body.purchase.download.expires,Questo link scade tra 24 ore. Salva il file scaricato in un luogo sicuro.,MISSING_KEY,YES,generator/Ui-app-DB-json/components/PurchaseDownloadLink.tsx:79,ca7b5327
it,/it/purchase/success/,it/home.json,body.purchase.download.failed,"Non siamo ancora riusciti a confermare il tuo acquisto. Se l'addebito è stato effettuato, aggiorna questa pagina tra un minuto o contattaci per assistenza.",MISSING_KEY,YES,generator/Ui-app-DB-json/components/PurchaseDownloadLink.tsx:92,ca7b5327
it,/it/purchase/success/,it/home.json,body.purchase.download.preparing,Preparazione del download in corso...,MISSING_KEY,YES,generator/Ui-app-DB-json/components/PurchaseDownloadLink.tsx:102,ca7b5327
it,/it/premium/,it/home.json,body.purchase.premium.benefits.classroomUse,Utilizzabile a casa o in una singola classe,MISSING_KEY,YES,generator/Ui-app-DB-json/app/[locale]/premium/page.tsx:71,ca7b5327
it,/it/premium/,it/home.json,body.purchase.premium.benefits.instantAccess,Accesso immediato dopo un pagamento riuscito,MISSING_KEY,YES,generator/Ui-app-DB-json/app/[locale]/premium/page.tsx:71,ca7b5327
it,/it/premium/,it/home.json,body.purchase.premium.benefits.kidFriendly,Puzzle adatti ai bambini con diversi livelli di difficoltà,MISSING_KEY,YES,generator/Ui-app-DB-json/app/[locale]/premium/page.tsx:71,ca7b5327
it,/it/premium/,it/home.json,body.purchase.premium.benefits.onePdf,"Un unico PDF comodo, pronto da stampare",MISSING_KEY,YES,generator/Ui-app-DB-json/app/[locale]/premium/page.tsx:71,ca7b5327
it,/it/premium/,it/home.json,body.purchase.premium.benefits.paperSizes,Compatibile con carta US Letter e A4,MISSING_KEY,YES,generator/Ui-app-DB-json/app/[locale]/premium/page.tsx:71,ca7b5327
it,/it/premium/,it/home.json,body.purchase.premium.buyButton,Ottieni il pacchetto puzzle,MISSING_KEY,YES,generator/Ui-app-DB-json/app/[locale]/premium/page.tsx:60,ca7b5327
it,/it/premium/,it/home.json,body.purchase.premium.coverAlt,Best of 2026 - Copertina del libro con 25 puzzle Unisci i Puntini,MISSING_KEY,YES,generator/Ui-app-DB-json/app/[locale]/premium/page.tsx:45; generator/Ui-app-DB-json/components/BestOf2026BookAd.tsx:12,ca7b5327
it,/it/premium/,it/home.json,body.purchase.premium.detailsEyebrow,Pensato per stampare e giocare senza complicazioni,MISSING_KEY,YES,generator/Ui-app-DB-json/app/[locale]/premium/page.tsx:66,ca7b5327
it,/it/premium/,it/home.json,body.purchase.premium.detailsText,"Scarica una volta, tienilo sempre a portata di mano e stampa le attività che vuoi quando ne hai bisogno.",MISSING_KEY,YES,generator/Ui-app-DB-json/app/[locale]/premium/page.tsx:68,ca7b5327
it,/it/premium/,it/home.json,body.purchase.premium.digitalPdf,PDF digitale,MISSING_KEY,YES,generator/Ui-app-DB-json/app/[locale]/premium/page.tsx:36,ca7b5327
it,/it/premium/,it/home.json,body.purchase.premium.eyebrow,Collezione premium stampabile,MISSING_KEY,YES,generator/Ui-app-DB-json/app/[locale]/premium/page.tsx:32,ca7b5327
it,/it/premium/,it/home.json,body.purchase.premium.guaranteeText,"Dopo il pagamento, il tuo link di download privato appare immediatamente. Nessun abbonamento e nessun rinnovo a sorpresa.",MISSING_KEY,YES,generator/Ui-app-DB-json/app/[locale]/premium/page.tsx:76,ca7b5327
it,/it/premium/,it/home.json,body.purchase.premium.instantAccess,Accesso immediato,MISSING_KEY,YES,generator/Ui-app-DB-json/app/[locale]/premium/page.tsx:38,ca7b5327
it,/it/premium/,it/home.json,body.purchase.premium.lede,"La collezione Best of 2026 raccoglie le nostre attività unisci i puntini preferite in un pacchetto facile da stampare, perfetto per i momenti tranquilli, i giorni di pioggia, l'homeschooling e la classe.",MISSING_KEY,YES,generator/Ui-app-DB-json/app/[locale]/premium/page.tsx:34,ca7b5327
it,/it/premium/,it/home.json,body.purchase.premium.localNote,"Su localhost, questo apre una demo di pagamento sicura e non addebita mai alcuna carta.",MISSING_KEY,YES,generator/Ui-app-DB-json/app/[locale]/premium/page.tsx:61,ca7b5327
it,/it/premium/,it/home.json,body.purchase.premium.metaDescription,"Una raccolta pronta da stampare dei puzzle unisci i puntini preferiti dai bambini, riuniti in un comodo PDF.",MISSING_KEY,YES,generator/Ui-app-DB-json/app/[locale]/premium/page.tsx:18,ca7b5327
it,/it/premium/,it/home.json,body.purchase.premium.metaTitle,Pacchetto Premium Best of 2026 Puzzle Unisci i Puntini,MISSING_KEY,YES,generator/Ui-app-DB-json/app/[locale]/premium/page.tsx:18,ca7b5327
it,/it/premium/,it/home.json,body.purchase.premium.oneTime,pagamento unico,MISSING_KEY,YES,generator/Ui-app-DB-json/app/[locale]/premium/page.tsx:56,ca7b5327
it,/it/premium/,it/home.json,body.purchase.premium.printAtHome,Stampa a casa,MISSING_KEY,YES,generator/Ui-app-DB-json/app/[locale]/premium/page.tsx:37,ca7b5327
it,/it/premium/,it/home.json,body.purchase.premium.purchaseAria,Acquista il pacchetto puzzle Best of 2026,MISSING_KEY,YES,generator/Ui-app-DB-json/app/[locale]/premium/page.tsx:41,ca7b5327
it,/it/purchase/success/,it/home.json,body.purchase.shared.contactUs,Contattaci,MISSING_KEY,YES,"generator/Ui-app-DB-json/components/PurchaseDownloadLink.tsx:82,95",ca7b5327
it,/it/purchase/success/; /it/purchase/cancelled/,it/home.json,body.purchase.shared.returnToPack,Torna al pacchetto puzzle,MISSING_KEY,YES,generator/Ui-app-DB-json/components/PurchaseDownloadLink.tsx:67; generator/Ui-app-DB-json/app/[locale]/purchase/cancelled/page.tsx:31,ca7b5327
it,/it/purchase/success/,it/home.json,body.purchase.success.eyebrow,Pagamento confermato,MISSING_KEY,YES,generator/Ui-app-DB-json/app/[locale]/purchase/success/page.tsx:30,ca7b5327
it,/it/purchase/success/,it/home.json,body.purchase.success.lede,Il pagamento è andato a buon fine. Potrebbero volerci alcuni secondi prima che l'acquisto compaia nel tuo account.,MISSING_KEY,YES,generator/Ui-app-DB-json/app/[locale]/purchase/success/page.tsx:32,ca7b5327
it,/it/purchase/success/,it/home.json,body.purchase.success.metaTitle,Grazie per il tuo acquisto,MISSING_KEY,YES,generator/Ui-app-DB-json/app/[locale]/purchase/success/page.tsx:19,ca7b5327
ja,/ja/purchase/cancelled/,ja/home.json,body.purchase.cancelled.eyebrow,お支払いは行われていません,MISSING_KEY,YES,generator/Ui-app-DB-json/app/[locale]/purchase/cancelled/page.tsx:28,ca7b5327
ja,/ja/purchase/cancelled/,ja/home.json,body.purchase.cancelled.lede,料金は請求されていません。いつでも再度お試しいただけます。,MISSING_KEY,YES,generator/Ui-app-DB-json/app/[locale]/purchase/cancelled/page.tsx:30,ca7b5327
ja,/ja/purchase/cancelled/,ja/home.json,body.purchase.cancelled.metaTitle,チェックアウトがキャンセルされました,MISSING_KEY,YES,generator/Ui-app-DB-json/app/[locale]/purchase/cancelled/page.tsx:17,ca7b5327
ja,/ja/premium/,ja/home.json,body.purchase.checkout.consent,このデジタルPDFの即時配信に同意します。アクセスが開始された後は、法律で義務付けられている場合、またはファイルが配信されない・不良品である場合を除き、購入は最終的なものであり返金できないことを理解しています。,MISSING_KEY,YES,generator/Ui-app-DB-json/components/BuyButton.tsx:50,ca7b5327
ja,/ja/premium/,ja/home.json,body.purchase.checkout.error,チェックアウトの開始中に問題が発生しました。もう一度お試しください。,MISSING_KEY,YES,generator/Ui-app-DB-json/components/BuyButton.tsx:57,ca7b5327
ja,/ja/premium/,ja/home.json,body.purchase.checkout.opening,チェックアウトを開いています...,MISSING_KEY,YES,generator/Ui-app-DB-json/components/BuyButton.tsx:54,ca7b5327
ja,/ja/premium/,ja/home.json,body.purchase.checkout.refundPolicy,返金ポリシーを読む,MISSING_KEY,YES,generator/Ui-app-DB-json/components/BuyButton.tsx:50,ca7b5327
ja,/ja/premium/,ja/home.json,body.purchase.checkout.secureNote,Stripeによる安全なチェックアウト。一回限りのお支払い。定期購入ではありません。,MISSING_KEY,YES,generator/Ui-app-DB-json/components/BuyButton.tsx:56,ca7b5327
ja,/ja/purchase/success/,ja/home.json,body.purchase.download.button,パズルパックをダウンロードする,MISSING_KEY,YES,"generator/Ui-app-DB-json/components/PurchaseDownloadLink.tsx:66,76",ca7b5327
ja,/ja/purchase/success/,ja/home.json,body.purchase.download.demoText,実際の購入完了画面では、ここにPDFダウンロードボタンが表示されます。ローカルデモでは非公開ファイルは配布されません。,MISSING_KEY,YES,generator/Ui-app-DB-json/components/PurchaseDownloadLink.tsx:65,ca7b5327
ja,/ja/purchase/success/,ja/home.json,body.purchase.download.demoTitle,ローカルチェックアウトのテストに成功しました。,MISSING_KEY,YES,generator/Ui-app-DB-json/components/PurchaseDownloadLink.tsx:64,ca7b5327
ja,/ja/purchase/success/,ja/home.json,body.purchase.download.expires,このリンクは24時間で有効期限が切れます。ダウンロードしたファイルは安全な場所に保存してください。,MISSING_KEY,YES,generator/Ui-app-DB-json/components/PurchaseDownloadLink.tsx:79,ca7b5327
ja,/ja/purchase/success/,ja/home.json,body.purchase.download.failed,まだご購入の確認が取れていません。お支払いが完了している場合は、しばらくしてからこのページを更新するか、サポートまでお問い合わせください。,MISSING_KEY,YES,generator/Ui-app-DB-json/components/PurchaseDownloadLink.tsx:92,ca7b5327
ja,/ja/purchase/success/,ja/home.json,body.purchase.download.preparing,ダウンロードを準備しています...,MISSING_KEY,YES,generator/Ui-app-DB-json/components/PurchaseDownloadLink.tsx:102,ca7b5327
ja,/ja/premium/,ja/home.json,body.purchase.premium.benefits.classroomUse,ご家庭で、または1つの教室でご利用いただけます,MISSING_KEY,YES,generator/Ui-app-DB-json/app/[locale]/premium/page.tsx:71,ca7b5327
ja,/ja/premium/,ja/home.json,body.purchase.premium.benefits.instantAccess,お支払い完了後すぐにアクセス可能,MISSING_KEY,YES,generator/Ui-app-DB-json/app/[locale]/premium/page.tsx:71,ca7b5327
ja,/ja/premium/,ja/home.json,body.purchase.premium.benefits.kidFriendly,難易度もさまざまな、子ども向けパズル,MISSING_KEY,YES,generator/Ui-app-DB-json/app/[locale]/premium/page.tsx:71,ca7b5327
ja,/ja/premium/,ja/home.json,body.purchase.premium.benefits.onePdf,印刷しやすい便利なPDFが1つに,MISSING_KEY,YES,generator/Ui-app-DB-json/app/[locale]/premium/page.tsx:71,ca7b5327
ja,/ja/premium/,ja/home.json,body.purchase.premium.benefits.paperSizes,US Letterサイズ・A4サイズどちらの用紙にも対応,MISSING_KEY,YES,generator/Ui-app-DB-json/app/[locale]/premium/page.tsx:71,ca7b5327
ja,/ja/premium/,ja/home.json,body.purchase.premium.buyButton,パズルパックを手に入れる,MISSING_KEY,YES,generator/Ui-app-DB-json/app/[locale]/premium/page.tsx:60,ca7b5327
ja,/ja/premium/,ja/home.json,body.purchase.premium.coverAlt,Best of 2026 - 点つなぎパズル25問 書籍カバー,MISSING_KEY,YES,generator/Ui-app-DB-json/app/[locale]/premium/page.tsx:45; generator/Ui-app-DB-json/components/BestOf2026BookAd.tsx:12,ca7b5327
ja,/ja/premium/,ja/home.json,body.purchase.premium.detailsEyebrow,印刷してすぐ遊べる設計,MISSING_KEY,YES,generator/Ui-app-DB-json/app/[locale]/premium/page.tsx:66,ca7b5327
ja,/ja/premium/,ja/home.json,body.purchase.premium.detailsText,一度ダウンロードすれば手元にいつでも置いておけて、必要なときに好きなアクティビティを印刷できます。,MISSING_KEY,YES,generator/Ui-app-DB-json/app/[locale]/premium/page.tsx:68,ca7b5327
ja,/ja/premium/,ja/home.json,body.purchase.premium.digitalPdf,デジタルPDF,MISSING_KEY,YES,generator/Ui-app-DB-json/app/[locale]/premium/page.tsx:36,ca7b5327
ja,/ja/premium/,ja/home.json,body.purchase.premium.eyebrow,印刷用プレミアムコレクション,MISSING_KEY,YES,generator/Ui-app-DB-json/app/[locale]/premium/page.tsx:32,ca7b5327
ja,/ja/premium/,ja/home.json,body.purchase.premium.guaranteeText,お支払い完了後、専用のダウンロードリンクがすぐに表示されます。定期購入や予期しない更新はありません。,MISSING_KEY,YES,generator/Ui-app-DB-json/app/[locale]/premium/page.tsx:76,ca7b5327
ja,/ja/premium/,ja/home.json,body.purchase.premium.instantAccess,即時アクセス,MISSING_KEY,YES,generator/Ui-app-DB-json/app/[locale]/premium/page.tsx:38,ca7b5327
ja,/ja/premium/,ja/home.json,body.purchase.premium.lede,Best of 2026コレクションは、人気の点つなぎアクティビティを1つの印刷しやすいパックにまとめました。静かな時間、雨の日、ホームスクール、教室での学習にぴったりです。,MISSING_KEY,YES,generator/Ui-app-DB-json/app/[locale]/premium/page.tsx:34,ca7b5327
ja,/ja/premium/,ja/home.json,body.purchase.premium.localNote,localhostでは、安全なチェックアウトのデモが開き、カードに請求されることは一切ありません。,MISSING_KEY,YES,generator/Ui-app-DB-json/app/[locale]/premium/page.tsx:61,ca7b5327
ja,/ja/premium/,ja/home.json,body.purchase.premium.metaDescription,子どもたちに人気の点つなぎパズルを集めた、印刷してすぐ使える便利なPDFコレクションです。,MISSING_KEY,YES,generator/Ui-app-DB-json/app/[locale]/premium/page.tsx:18,ca7b5327
ja,/ja/premium/,ja/home.json,body.purchase.premium.metaTitle,Best of 2026 プレミアム 点つなぎパズルパック,MISSING_KEY,YES,generator/Ui-app-DB-json/app/[locale]/premium/page.tsx:18,ca7b5327
ja,/ja/premium/,ja/home.json,body.purchase.premium.oneTime,一回限りのお支払い,MISSING_KEY,YES,generator/Ui-app-DB-json/app/[locale]/premium/page.tsx:56,ca7b5327
ja,/ja/premium/,ja/home.json,body.purchase.premium.printAtHome,自宅で印刷,MISSING_KEY,YES,generator/Ui-app-DB-json/app/[locale]/premium/page.tsx:37,ca7b5327
ja,/ja/premium/,ja/home.json,body.purchase.premium.purchaseAria,Best of 2026パズルパックを購入する,MISSING_KEY,YES,generator/Ui-app-DB-json/app/[locale]/premium/page.tsx:41,ca7b5327
ja,/ja/purchase/success/,ja/home.json,body.purchase.shared.contactUs,お問い合わせ,MISSING_KEY,YES,"generator/Ui-app-DB-json/components/PurchaseDownloadLink.tsx:82,95",ca7b5327
ja,/ja/purchase/success/; /ja/purchase/cancelled/,ja/home.json,body.purchase.shared.returnToPack,パズルパックに戻る,MISSING_KEY,YES,generator/Ui-app-DB-json/components/PurchaseDownloadLink.tsx:67; generator/Ui-app-DB-json/app/[locale]/purchase/cancelled/page.tsx:31,ca7b5327
ja,/ja/purchase/success/,ja/home.json,body.purchase.success.eyebrow,お支払い確認済み,MISSING_KEY,YES,generator/Ui-app-DB-json/app/[locale]/purchase/success/page.tsx:30,ca7b5327
ja,/ja/purchase/success/,ja/home.json,body.purchase.success.lede,お支払いが正常に完了しました。アカウントに購入内容が反映されるまで、数秒かかる場合があります。,MISSING_KEY,YES,generator/Ui-app-DB-json/app/[locale]/purchase/success/page.tsx:32,ca7b5327
ja,/ja/purchase/success/,ja/home.json,body.purchase.success.metaTitle,ご購入ありがとうございます,MISSING_KEY,YES,generator/Ui-app-DB-json/app/[locale]/purchase/success/page.tsx:19,ca7b5327
ko,/ko/purchase/cancelled/,ko/home.json,body.purchase.cancelled.eyebrow,결제되지 않음,MISSING_KEY,YES,generator/Ui-app-DB-json/app/[locale]/purchase/cancelled/page.tsx:28,ca7b5327
ko,/ko/purchase/cancelled/,ko/home.json,body.purchase.cancelled.lede,결제된 금액이 없습니다. 언제든지 다시 시도하실 수 있습니다.,MISSING_KEY,YES,generator/Ui-app-DB-json/app/[locale]/purchase/cancelled/page.tsx:30,ca7b5327
ko,/ko/purchase/cancelled/,ko/home.json,body.purchase.cancelled.metaTitle,결제가 취소되었습니다,MISSING_KEY,YES,generator/Ui-app-DB-json/app/[locale]/purchase/cancelled/page.tsx:17,ca7b5327
ko,/ko/premium/,ko/home.json,body.purchase.checkout.consent,"이 디지털 PDF가 즉시 제공되는 것에 동의하며, 접근이 시작된 후에는 법률상 요구되는 경우나 파일이 제공되지 않거나 결함이 있는 경우를 제외하고 판매가 최종적이며 환불이 불가능함을 이해합니다.",MISSING_KEY,YES,generator/Ui-app-DB-json/components/BuyButton.tsx:50,ca7b5327
ko,/ko/premium/,ko/home.json,body.purchase.checkout.error,결제를 시작하는 중 문제가 발생했습니다. 다시 시도해 주세요.,MISSING_KEY,YES,generator/Ui-app-DB-json/components/BuyButton.tsx:57,ca7b5327
ko,/ko/premium/,ko/home.json,body.purchase.checkout.opening,결제 페이지를 여는 중...,MISSING_KEY,YES,generator/Ui-app-DB-json/components/BuyButton.tsx:54,ca7b5327
ko,/ko/premium/,ko/home.json,body.purchase.checkout.refundPolicy,환불 정책 보기,MISSING_KEY,YES,generator/Ui-app-DB-json/components/BuyButton.tsx:50,ca7b5327
ko,/ko/premium/,ko/home.json,body.purchase.checkout.secureNote,Stripe가 지원하는 안전한 결제입니다. 일회성 결제이며 구독이 아닙니다.,MISSING_KEY,YES,generator/Ui-app-DB-json/components/BuyButton.tsx:56,ca7b5327
ko,/ko/purchase/success/,ko/home.json,body.purchase.download.button,퍼즐 팩 다운로드하기,MISSING_KEY,YES,"generator/Ui-app-DB-json/components/PurchaseDownloadLink.tsx:66,76",ca7b5327
ko,/ko/purchase/success/,ko/home.json,body.purchase.download.demoText,실제 결제 성공 화면에서는 이 위치에 PDF 다운로드 버튼이 표시됩니다. 로컬 데모에서는 비공개 파일이 제공되지 않습니다.,MISSING_KEY,YES,generator/Ui-app-DB-json/components/PurchaseDownloadLink.tsx:65,ca7b5327
ko,/ko/purchase/success/,ko/home.json,body.purchase.download.demoTitle,로컬 결제 테스트를 통과했습니다.,MISSING_KEY,YES,generator/Ui-app-DB-json/components/PurchaseDownloadLink.tsx:64,ca7b5327
ko,/ko/purchase/success/,ko/home.json,body.purchase.download.expires,이 링크는 24시간 후 만료됩니다. 다운로드한 파일을 안전한 곳에 보관하세요.,MISSING_KEY,YES,generator/Ui-app-DB-json/components/PurchaseDownloadLink.tsx:79,ca7b5327
ko,/ko/purchase/success/,ko/home.json,body.purchase.download.failed,아직 구매를 확인하지 못했습니다. 결제가 이루어졌다면 잠시 후 이 페이지를 새로고침하거나 도움을 받으려면 문의해 주세요.,MISSING_KEY,YES,generator/Ui-app-DB-json/components/PurchaseDownloadLink.tsx:92,ca7b5327
ko,/ko/purchase/success/,ko/home.json,body.purchase.download.preparing,다운로드를 준비하는 중...,MISSING_KEY,YES,generator/Ui-app-DB-json/components/PurchaseDownloadLink.tsx:102,ca7b5327
ko,/ko/premium/,ko/home.json,body.purchase.premium.benefits.classroomUse,가정 또는 하나의 교실에서 사용 가능,MISSING_KEY,YES,generator/Ui-app-DB-json/app/[locale]/premium/page.tsx:71,ca7b5327
ko,/ko/premium/,ko/home.json,body.purchase.premium.benefits.instantAccess,결제 완료 후 즉시 이용 가능,MISSING_KEY,YES,generator/Ui-app-DB-json/app/[locale]/premium/page.tsx:71,ca7b5327
ko,/ko/premium/,ko/home.json,body.purchase.premium.benefits.kidFriendly,다양한 난이도의 어린이 친화적인 퍼즐,MISSING_KEY,YES,generator/Ui-app-DB-json/app/[locale]/premium/page.tsx:71,ca7b5327
ko,/ko/premium/,ko/home.json,body.purchase.premium.benefits.onePdf,편리하고 인쇄하기 쉬운 PDF 한 권,MISSING_KEY,YES,generator/Ui-app-DB-json/app/[locale]/premium/page.tsx:71,ca7b5327
ko,/ko/premium/,ko/home.json,body.purchase.premium.benefits.paperSizes,US 레터 및 A4 용지 모두 지원,MISSING_KEY,YES,generator/Ui-app-DB-json/app/[locale]/premium/page.tsx:71,ca7b5327
ko,/ko/premium/,ko/home.json,body.purchase.premium.buyButton,퍼즐 팩 받기,MISSING_KEY,YES,generator/Ui-app-DB-json/app/[locale]/premium/page.tsx:60,ca7b5327
ko,/ko/premium/,ko/home.json,body.purchase.premium.coverAlt,Best of 2026 - 점 잇기 퍼즐 25종 책 표지,MISSING_KEY,YES,generator/Ui-app-DB-json/app/[locale]/premium/page.tsx:45; generator/Ui-app-DB-json/components/BestOf2026BookAd.tsx:12,ca7b5327
ko,/ko/premium/,ko/home.json,body.purchase.premium.detailsEyebrow,쉽게 인쇄하고 바로 즐기도록 제작,MISSING_KEY,YES,generator/Ui-app-DB-json/app/[locale]/premium/page.tsx:66,ca7b5327
ko,/ko/premium/,ko/home.json,body.purchase.premium.detailsText,"한 번 다운로드하면 언제든 꺼내 볼 수 있고, 필요할 때마다 원하는 활동을 인쇄하세요.",MISSING_KEY,YES,generator/Ui-app-DB-json/app/[locale]/premium/page.tsx:68,ca7b5327
ko,/ko/premium/,ko/home.json,body.purchase.premium.digitalPdf,디지털 PDF,MISSING_KEY,YES,generator/Ui-app-DB-json/app/[locale]/premium/page.tsx:36,ca7b5327
ko,/ko/premium/,ko/home.json,body.purchase.premium.eyebrow,인쇄용 프리미엄 컬렉션,MISSING_KEY,YES,generator/Ui-app-DB-json/app/[locale]/premium/page.tsx:32,ca7b5327
ko,/ko/premium/,ko/home.json,body.purchase.premium.guaranteeText,"결제가 완료되면 개인 다운로드 링크가 바로 나타납니다. 구독도, 예상치 못한 갱신도 없습니다.",MISSING_KEY,YES,generator/Ui-app-DB-json/app/[locale]/premium/page.tsx:76,ca7b5327
ko,/ko/premium/,ko/home.json,body.purchase.premium.instantAccess,즉시 이용 가능,MISSING_KEY,YES,generator/Ui-app-DB-json/app/[locale]/premium/page.tsx:38,ca7b5327
ko,/ko/premium/,ko/home.json,body.purchase.premium.lede,"Best of 2026 컬렉션은 인기 있는 점 잇기 활동을 조용한 시간, 비 오는 날, 홈스쿨링, 교실 수업에 딱 맞는 인쇄하기 쉬운 팩 하나로 모았습니다.",MISSING_KEY,YES,generator/Ui-app-DB-json/app/[locale]/premium/page.tsx:34,ca7b5327
ko,/ko/premium/,ko/home.json,body.purchase.premium.localNote,"localhost에서는 안전한 결제 데모 화면이 열리며, 카드에 청구되는 일은 절대 없습니다.",MISSING_KEY,YES,generator/Ui-app-DB-json/app/[locale]/premium/page.tsx:61,ca7b5327
ko,/ko/premium/,ko/home.json,body.purchase.premium.metaDescription,"아이들에게 인기 있는 점 잇기 퍼즐을 한 권의 편리한 PDF로 모은, 인쇄 준비가 된 컬렉션입니다.",MISSING_KEY,YES,generator/Ui-app-DB-json/app/[locale]/premium/page.tsx:18,ca7b5327
ko,/ko/premium/,ko/home.json,body.purchase.premium.metaTitle,Best of 2026 프리미엄 점 잇기 퍼즐 팩,MISSING_KEY,YES,generator/Ui-app-DB-json/app/[locale]/premium/page.tsx:18,ca7b5327
ko,/ko/premium/,ko/home.json,body.purchase.premium.oneTime,일회성 결제,MISSING_KEY,YES,generator/Ui-app-DB-json/app/[locale]/premium/page.tsx:56,ca7b5327
ko,/ko/premium/,ko/home.json,body.purchase.premium.printAtHome,집에서 인쇄,MISSING_KEY,YES,generator/Ui-app-DB-json/app/[locale]/premium/page.tsx:37,ca7b5327
ko,/ko/premium/,ko/home.json,body.purchase.premium.purchaseAria,Best of 2026 퍼즐 팩 구매하기,MISSING_KEY,YES,generator/Ui-app-DB-json/app/[locale]/premium/page.tsx:41,ca7b5327
ko,/ko/purchase/success/,ko/home.json,body.purchase.shared.contactUs,문의하기,MISSING_KEY,YES,"generator/Ui-app-DB-json/components/PurchaseDownloadLink.tsx:82,95",ca7b5327
ko,/ko/purchase/success/; /ko/purchase/cancelled/,ko/home.json,body.purchase.shared.returnToPack,퍼즐 팩으로 돌아가기,MISSING_KEY,YES,generator/Ui-app-DB-json/components/PurchaseDownloadLink.tsx:67; generator/Ui-app-DB-json/app/[locale]/purchase/cancelled/page.tsx:31,ca7b5327
ko,/ko/purchase/success/,ko/home.json,body.purchase.success.eyebrow,결제 확인됨,MISSING_KEY,YES,generator/Ui-app-DB-json/app/[locale]/purchase/success/page.tsx:30,ca7b5327
ko,/ko/purchase/success/,ko/home.json,body.purchase.success.lede,결제가 성공적으로 완료되었습니다. 계정에 구매 내역이 표시되기까지 몇 초 정도 걸릴 수 있습니다.,MISSING_KEY,YES,generator/Ui-app-DB-json/app/[locale]/purchase/success/page.tsx:32,ca7b5327
ko,/ko/purchase/success/,ko/home.json,body.purchase.success.metaTitle,구매해 주셔서 감사합니다,MISSING_KEY,YES,generator/Ui-app-DB-json/app/[locale]/purchase/success/page.tsx:19,ca7b5327
lt,/lt/purchase/cancelled/,lt/home.json,body.purchase.cancelled.eyebrow,Mokėjimas nebuvo nuskaitytas,MISSING_KEY,YES,generator/Ui-app-DB-json/app/[locale]/purchase/cancelled/page.tsx:28,ca7b5327
lt,/lt/purchase/cancelled/,lt/home.json,body.purchase.cancelled.lede,Jokia suma nebuvo nuskaityta. Galite bandyti dar kartą bet kuriuo metu.,MISSING_KEY,YES,generator/Ui-app-DB-json/app/[locale]/purchase/cancelled/page.tsx:30,ca7b5327
lt,/lt/purchase/cancelled/,lt/home.json,body.purchase.cancelled.metaTitle,Apmokėjimas atšauktas,MISSING_KEY,YES,generator/Ui-app-DB-json/app/[locale]/purchase/cancelled/page.tsx:17,ca7b5327
lt,/lt/premium/,lt/home.json,body.purchase.checkout.consent,"Sutinku, kad šis skaitmeninis PDF failas būtų pateiktas nedelsiant, ir suprantu, kad, prasidėjus prieigai, pirkimas yra galutinis ir negrąžinamas, išskyrus atvejus, kai to reikalauja įstatymai arba jei failas nepateikiamas ar yra su defektu.",MISSING_KEY,YES,generator/Ui-app-DB-json/components/BuyButton.tsx:50,ca7b5327
lt,/lt/premium/,lt/home.json,body.purchase.checkout.error,Pradedant apmokėjimą įvyko klaida. Bandykite dar kartą.,MISSING_KEY,YES,generator/Ui-app-DB-json/components/BuyButton.tsx:57,ca7b5327
lt,/lt/premium/,lt/home.json,body.purchase.checkout.opening,Atidaromas apmokėjimas...,MISSING_KEY,YES,generator/Ui-app-DB-json/components/BuyButton.tsx:54,ca7b5327
lt,/lt/premium/,lt/home.json,body.purchase.checkout.refundPolicy,Skaityti grąžinimo politiką,MISSING_KEY,YES,generator/Ui-app-DB-json/components/BuyButton.tsx:50,ca7b5327
lt,/lt/premium/,lt/home.json,body.purchase.checkout.secureNote,Saugus atsiskaitymas per „Stripe“. Vienkartinis mokėjimas. Jokios prenumeratos.,MISSING_KEY,YES,generator/Ui-app-DB-json/components/BuyButton.tsx:56,ca7b5327
lt,/lt/purchase/success/,lt/home.json,body.purchase.download.button,Atsisiųsti galvosūkių rinkinį,MISSING_KEY,YES,"generator/Ui-app-DB-json/components/PurchaseDownloadLink.tsx:66,76",ca7b5327
lt,/lt/purchase/success/,lt/home.json,body.purchase.download.demoText,Tikrame sėkmingo pirkimo ekrane čia rodomas PDF atsisiuntimo mygtukas. Vietinė demo versija neatskleidžia privataus failo.,MISSING_KEY,YES,generator/Ui-app-DB-json/components/PurchaseDownloadLink.tsx:65,ca7b5327
lt,/lt/purchase/success/,lt/home.json,body.purchase.download.demoTitle,Vietinis apmokėjimo testas sėkmingas.,MISSING_KEY,YES,generator/Ui-app-DB-json/components/PurchaseDownloadLink.tsx:64,ca7b5327
lt,/lt/purchase/success/,lt/home.json,body.purchase.download.expires,Ši nuoroda nustos galioti po 24 valandų. Išsaugokite atsisiųstą failą saugioje vietoje.,MISSING_KEY,YES,generator/Ui-app-DB-json/components/PurchaseDownloadLink.tsx:79,ca7b5327
lt,/lt/purchase/success/,lt/home.json,body.purchase.download.failed,"Kol kas negalėjome patvirtinti jūsų pirkimo. Jei pinigai buvo nuskaityti, atnaujinkite šį puslapį po minutės arba susisiekite su mumis pagalbos.",MISSING_KEY,YES,generator/Ui-app-DB-json/components/PurchaseDownloadLink.tsx:92,ca7b5327
lt,/lt/purchase/success/,lt/home.json,body.purchase.download.preparing,Ruošiamas jūsų atsisiuntimas...,MISSING_KEY,YES,generator/Ui-app-DB-json/components/PurchaseDownloadLink.tsx:102,ca7b5327
lt,/lt/premium/,lt/home.json,body.purchase.premium.benefits.classroomUse,Galima naudoti namuose arba vienoje klasėje,MISSING_KEY,YES,generator/Ui-app-DB-json/app/[locale]/premium/page.tsx:71,ca7b5327
lt,/lt/premium/,lt/home.json,body.purchase.premium.benefits.instantAccess,Prieiga akimirksniu po sėkmingo apmokėjimo,MISSING_KEY,YES,generator/Ui-app-DB-json/app/[locale]/premium/page.tsx:71,ca7b5327
lt,/lt/premium/,lt/home.json,body.purchase.premium.benefits.kidFriendly,Vaikams pritaikyti galvosūkiai su įvairiu sudėtingumo lygiu,MISSING_KEY,YES,generator/Ui-app-DB-json/app/[locale]/premium/page.tsx:71,ca7b5327
lt,/lt/premium/,lt/home.json,body.purchase.premium.benefits.onePdf,"Vienas patogus, spausdinti paruoštas PDF failas",MISSING_KEY,YES,generator/Ui-app-DB-json/app/[locale]/premium/page.tsx:71,ca7b5327
lt,/lt/premium/,lt/home.json,body.purchase.premium.benefits.paperSizes,Tinka US Letter ir A4 formato popieriui,MISSING_KEY,YES,generator/Ui-app-DB-json/app/[locale]/premium/page.tsx:71,ca7b5327
lt,/lt/premium/,lt/home.json,body.purchase.premium.buyButton,Įsigyti galvosūkių rinkinį,MISSING_KEY,YES,generator/Ui-app-DB-json/app/[locale]/premium/page.tsx:60,ca7b5327
lt,/lt/premium/,lt/home.json,body.purchase.premium.coverAlt,"Best of 2026 - 25 taškų jungimo galvosūkiai, knygos viršelis",MISSING_KEY,YES,generator/Ui-app-DB-json/app/[locale]/premium/page.tsx:45; generator/Ui-app-DB-json/components/BestOf2026BookAd.tsx:12,ca7b5327
lt,/lt/premium/,lt/home.json,body.purchase.premium.detailsEyebrow,Sukurta lengvam spausdinimui ir žaidimui,MISSING_KEY,YES,generator/Ui-app-DB-json/app/[locale]/premium/page.tsx:66,ca7b5327
lt,/lt/premium/,lt/home.json,body.purchase.premium.detailsText,"Atsisiųskite vieną kartą, laikykite po ranka ir spausdinkite norimas veiklas, kada tik jų reikia.",MISSING_KEY,YES,generator/Ui-app-DB-json/app/[locale]/premium/page.tsx:68,ca7b5327
lt,/lt/premium/,lt/home.json,body.purchase.premium.digitalPdf,Skaitmeninis PDF,MISSING_KEY,YES,generator/Ui-app-DB-json/app/[locale]/premium/page.tsx:36,ca7b5327
lt,/lt/premium/,lt/home.json,body.purchase.premium.eyebrow,Spausdinama „Premium“ kolekcija,MISSING_KEY,YES,generator/Ui-app-DB-json/app/[locale]/premium/page.tsx:32,ca7b5327
lt,/lt/premium/,lt/home.json,body.purchase.premium.guaranteeText,"Apmokėjus, iš karto pasirodo jūsų asmeninė atsisiuntimo nuoroda. Jokios prenumeratos ir jokio netikėto pratęsimo.",MISSING_KEY,YES,generator/Ui-app-DB-json/app/[locale]/premium/page.tsx:76,ca7b5327
lt,/lt/premium/,lt/home.json,body.purchase.premium.instantAccess,Prieiga akimirksniu,MISSING_KEY,YES,generator/Ui-app-DB-json/app/[locale]/premium/page.tsx:38,ca7b5327
lt,/lt/premium/,lt/home.json,body.purchase.premium.lede,"Kolekcijoje „Best of 2026“ sutelktos mūsų mėgstamiausios taškų jungimo veiklos viename lengvai atspausdinamame rinkinyje – puikiai tinka ramioms akimirkoms, lietingoms dienoms, namų mokymui ir pamokoms.",MISSING_KEY,YES,generator/Ui-app-DB-json/app/[locale]/premium/page.tsx:34,ca7b5327
lt,/lt/premium/,lt/home.json,body.purchase.premium.localNote,„Localhost“ aplinkoje atsidaro saugi apmokėjimo demo versija ir jokia kortelė niekada nenuskaitoma.,MISSING_KEY,YES,generator/Ui-app-DB-json/app/[locale]/premium/page.tsx:61,ca7b5327
lt,/lt/premium/,lt/home.json,body.purchase.premium.metaDescription,"Spausdinti paruošta mėgstamiausių vaikiškų taškų jungimo galvosūkių kolekcija, sutalpinta viename patogiame PDF faile.",MISSING_KEY,YES,generator/Ui-app-DB-json/app/[locale]/premium/page.tsx:18,ca7b5327
lt,/lt/premium/,lt/home.json,body.purchase.premium.metaTitle,Best of 2026 „Premium“ taškų jungimo galvosūkių rinkinys,MISSING_KEY,YES,generator/Ui-app-DB-json/app/[locale]/premium/page.tsx:18,ca7b5327
lt,/lt/premium/,lt/home.json,body.purchase.premium.oneTime,vienkartinis mokėjimas,MISSING_KEY,YES,generator/Ui-app-DB-json/app/[locale]/premium/page.tsx:56,ca7b5327
lt,/lt/premium/,lt/home.json,body.purchase.premium.printAtHome,Spausdinkite namuose,MISSING_KEY,YES,generator/Ui-app-DB-json/app/[locale]/premium/page.tsx:37,ca7b5327
lt,/lt/premium/,lt/home.json,body.purchase.premium.purchaseAria,Pirkti „Best of 2026“ galvosūkių rinkinį,MISSING_KEY,YES,generator/Ui-app-DB-json/app/[locale]/premium/page.tsx:41,ca7b5327
lt,/lt/purchase/success/,lt/home.json,body.purchase.shared.contactUs,Susisiekite su mumis,MISSING_KEY,YES,"generator/Ui-app-DB-json/components/PurchaseDownloadLink.tsx:82,95",ca7b5327
lt,/lt/purchase/success/; /lt/purchase/cancelled/,lt/home.json,body.purchase.shared.returnToPack,Grįžti į galvosūkių rinkinį,MISSING_KEY,YES,generator/Ui-app-DB-json/components/PurchaseDownloadLink.tsx:67; generator/Ui-app-DB-json/app/[locale]/purchase/cancelled/page.tsx:31,ca7b5327
lt,/lt/purchase/success/,lt/home.json,body.purchase.success.eyebrow,Mokėjimas patvirtintas,MISSING_KEY,YES,generator/Ui-app-DB-json/app/[locale]/purchase/success/page.tsx:30,ca7b5327
lt,/lt/purchase/success/,lt/home.json,body.purchase.success.lede,"Jūsų mokėjimas sėkmingai atliktas. Gali praeiti kelios sekundės, kol pirkinys atsiras jūsų paskyroje.",MISSING_KEY,YES,generator/Ui-app-DB-json/app/[locale]/purchase/success/page.tsx:32,ca7b5327
lt,/lt/purchase/success/,lt/home.json,body.purchase.success.metaTitle,Dėkojame už pirkinį,MISSING_KEY,YES,generator/Ui-app-DB-json/app/[locale]/purchase/success/page.tsx:19,ca7b5327
lv,/lv/purchase/cancelled/,lv/home.json,body.purchase.cancelled.eyebrow,Maksājums nav veikts,MISSING_KEY,YES,generator/Ui-app-DB-json/app/[locale]/purchase/cancelled/page.tsx:28,ca7b5327
lv,/lv/purchase/cancelled/,lv/home.json,body.purchase.cancelled.lede,Maksājums netika veikts. Varat mēģināt vēlreiz jebkurā laikā.,MISSING_KEY,YES,generator/Ui-app-DB-json/app/[locale]/purchase/cancelled/page.tsx:30,ca7b5327
lv,/lv/purchase/cancelled/,lv/home.json,body.purchase.cancelled.metaTitle,Apmaksa atcelta,MISSING_KEY,YES,generator/Ui-app-DB-json/app/[locale]/purchase/cancelled/page.tsx:17,ca7b5327
lv,/lv/premium/,lv/home.json,body.purchase.checkout.consent,"Es piekrītu šī digitālā PDF faila tūlītējai piegādei un saprotu, ka pēc piekļuves sākuma pirkums ir galīgs un neatgriežams, izņemot gadījumus, kad to prasa likums, vai ja fails netiek piegādāts vai ir bojāts.",MISSING_KEY,YES,generator/Ui-app-DB-json/components/BuyButton.tsx:50,ca7b5327
lv,/lv/premium/,lv/home.json,body.purchase.checkout.error,"Sākot apmaksu, radās kļūda. Lūdzu, mēģiniet vēlreiz.",MISSING_KEY,YES,generator/Ui-app-DB-json/components/BuyButton.tsx:57,ca7b5327
lv,/lv/premium/,lv/home.json,body.purchase.checkout.opening,Tiek atvērta apmaksas lapa...,MISSING_KEY,YES,generator/Ui-app-DB-json/components/BuyButton.tsx:54,ca7b5327
lv,/lv/premium/,lv/home.json,body.purchase.checkout.refundPolicy,Lasīt atmaksas politiku,MISSING_KEY,YES,generator/Ui-app-DB-json/components/BuyButton.tsx:50,ca7b5327
lv,/lv/premium/,lv/home.json,body.purchase.checkout.secureNote,"Droša apmaksa, ko nodrošina „Stripe“. Vienreizējs maksājums. Bez abonementa.",MISSING_KEY,YES,generator/Ui-app-DB-json/components/BuyButton.tsx:56,ca7b5327
lv,/lv/purchase/success/,lv/home.json,body.purchase.download.button,Lejupielādēt savu puzļu komplektu,MISSING_KEY,YES,"generator/Ui-app-DB-json/components/PurchaseDownloadLink.tsx:66,76",ca7b5327
lv,/lv/purchase/success/,lv/home.json,body.purchase.download.demoText,Īstajā veiksmīga pirkuma ekrānā šeit tiek rādīta PDF lejupielādes poga. Lokālā demo versija neatklāj privāto failu.,MISSING_KEY,YES,generator/Ui-app-DB-json/components/PurchaseDownloadLink.tsx:65,ca7b5327
lv,/lv/purchase/success/,lv/home.json,body.purchase.download.demoTitle,Lokālā apmaksas pārbaude bija veiksmīga.,MISSING_KEY,YES,generator/Ui-app-DB-json/components/PurchaseDownloadLink.tsx:64,ca7b5327
lv,/lv/purchase/success/,lv/home.json,body.purchase.download.expires,Šīs saites derīguma termiņš beidzas pēc 24 stundām. Saglabājiet lejupielādēto failu drošā vietā.,MISSING_KEY,YES,generator/Ui-app-DB-json/components/PurchaseDownloadLink.tsx:79,ca7b5327
lv,/lv/purchase/success/,lv/home.json,body.purchase.download.failed,"Mēs vēl nevarējām apstiprināt jūsu pirkumu. Ja jums tika izrakstīts maksājums, atsvaidziniet šo lapu pēc minūtes vai sazinieties ar mums, lai saņemtu palīdzību.",MISSING_KEY,YES,generator/Ui-app-DB-json/components/PurchaseDownloadLink.tsx:92,ca7b5327
lv,/lv/purchase/success/,lv/home.json,body.purchase.download.preparing,Tiek sagatavota jūsu lejupielāde...,MISSING_KEY,YES,generator/Ui-app-DB-json/components/PurchaseDownloadLink.tsx:102,ca7b5327
lv,/lv/premium/,lv/home.json,body.purchase.premium.benefits.classroomUse,Izmantojama mājās vai vienā klasē,MISSING_KEY,YES,generator/Ui-app-DB-json/app/[locale]/premium/page.tsx:71,ca7b5327
lv,/lv/premium/,lv/home.json,body.purchase.premium.benefits.instantAccess,Tūlītēja piekļuve pēc veiksmīga maksājuma,MISSING_KEY,YES,generator/Ui-app-DB-json/app/[locale]/premium/page.tsx:71,ca7b5327
lv,/lv/premium/,lv/home.json,body.purchase.premium.benefits.kidFriendly,Bērniem piemērotas puzles ar dažādu grūtības pakāpi,MISSING_KEY,YES,generator/Ui-app-DB-json/app/[locale]/premium/page.tsx:71,ca7b5327
lv,/lv/premium/,lv/home.json,body.purchase.premium.benefits.onePdf,"Viens ērts, drukāšanai gatavs PDF fails",MISSING_KEY,YES,generator/Ui-app-DB-json/app/[locale]/premium/page.tsx:71,ca7b5327
lv,/lv/premium/,lv/home.json,body.purchase.premium.benefits.paperSizes,"Der gan US Letter, gan A4 formāta papīram",MISSING_KEY,YES,generator/Ui-app-DB-json/app/[locale]/premium/page.tsx:71,ca7b5327
lv,/lv/premium/,lv/home.json,body.purchase.premium.buyButton,Iegūt puzļu komplektu,MISSING_KEY,YES,generator/Ui-app-DB-json/app/[locale]/premium/page.tsx:60,ca7b5327
lv,/lv/premium/,lv/home.json,body.purchase.premium.coverAlt,"Best of 2026 - 25 punktu savienošanas puzles, grāmatas vāks",MISSING_KEY,YES,generator/Ui-app-DB-json/app/[locale]/premium/page.tsx:45; generator/Ui-app-DB-json/components/BestOf2026BookAd.tsx:12,ca7b5327
lv,/lv/premium/,lv/home.json,body.purchase.premium.detailsEyebrow,Radīts vienkāršai drukāšanai un spēlēšanai,MISSING_KEY,YES,generator/Ui-app-DB-json/app/[locale]/premium/page.tsx:66,ca7b5327
lv,/lv/premium/,lv/home.json,body.purchase.premium.detailsText,"Lejupielādējiet vienreiz, glabājiet pa rokai un izdrukājiet vēlamās aktivitātes, kad vien tās nepieciešamas.",MISSING_KEY,YES,generator/Ui-app-DB-json/app/[locale]/premium/page.tsx:68,ca7b5327
lv,/lv/premium/,lv/home.json,body.purchase.premium.digitalPdf,Digitāls PDF,MISSING_KEY,YES,generator/Ui-app-DB-json/app/[locale]/premium/page.tsx:36,ca7b5327
lv,/lv/premium/,lv/home.json,body.purchase.premium.eyebrow,Drukājama „Premium“ kolekcija,MISSING_KEY,YES,generator/Ui-app-DB-json/app/[locale]/premium/page.tsx:32,ca7b5327
lv,/lv/premium/,lv/home.json,body.purchase.premium.guaranteeText,Pēc apmaksas nekavējoties parādās jūsu personīgā lejupielādes saite. Bez abonementa un bez negaidītas atjaunošanas.,MISSING_KEY,YES,generator/Ui-app-DB-json/app/[locale]/premium/page.tsx:76,ca7b5327
lv,/lv/premium/,lv/home.json,body.purchase.premium.instantAccess,Tūlītēja piekļuve,MISSING_KEY,YES,generator/Ui-app-DB-json/app/[locale]/premium/page.tsx:38,ca7b5327
lv,/lv/premium/,lv/home.json,body.purchase.premium.lede,"Kolekcijā „Best of 2026“ apkopotas mūsu iemīļotākās punktu savienošanas aktivitātes vienā viegli izdrukājamā komplektā — ideāli piemērots mierīgiem brīžiem, lietainām dienām, mājmācībai un klasei.",MISSING_KEY,YES,generator/Ui-app-DB-json/app/[locale]/premium/page.tsx:34,ca7b5327
lv,/lv/premium/,lv/home.json,body.purchase.premium.localNote,"Vietnē „localhost“ tiek atvērta droša apmaksas demo versija, un karte nekad netiek apmaksāta.",MISSING_KEY,YES,generator/Ui-app-DB-json/app/[locale]/premium/page.tsx:61,ca7b5327
lv,/lv/premium/,lv/home.json,body.purchase.premium.metaDescription,"Drukāšanai gatava kolekcija ar bērnu iemīļotākajām punktu savienošanas puzlēm, apkopota vienā ērtā PDF failā.",MISSING_KEY,YES,generator/Ui-app-DB-json/app/[locale]/premium/page.tsx:18,ca7b5327
lv,/lv/premium/,lv/home.json,body.purchase.premium.metaTitle,Best of 2026 „Premium“ punktu savienošanas puzles komplekts,MISSING_KEY,YES,generator/Ui-app-DB-json/app/[locale]/premium/page.tsx:18,ca7b5327
lv,/lv/premium/,lv/home.json,body.purchase.premium.oneTime,vienreizējs maksājums,MISSING_KEY,YES,generator/Ui-app-DB-json/app/[locale]/premium/page.tsx:56,ca7b5327
lv,/lv/premium/,lv/home.json,body.purchase.premium.printAtHome,Izdrukāt mājās,MISSING_KEY,YES,generator/Ui-app-DB-json/app/[locale]/premium/page.tsx:37,ca7b5327
lv,/lv/premium/,lv/home.json,body.purchase.premium.purchaseAria,Iegādāties „Best of 2026“ puzļu komplektu,MISSING_KEY,YES,generator/Ui-app-DB-json/app/[locale]/premium/page.tsx:41,ca7b5327
lv,/lv/purchase/success/,lv/home.json,body.purchase.shared.contactUs,Sazinieties ar mums,MISSING_KEY,YES,"generator/Ui-app-DB-json/components/PurchaseDownloadLink.tsx:82,95",ca7b5327
lv,/lv/purchase/success/; /lv/purchase/cancelled/,lv/home.json,body.purchase.shared.returnToPack,Atgriezties pie puzļu komplekta,MISSING_KEY,YES,generator/Ui-app-DB-json/components/PurchaseDownloadLink.tsx:67; generator/Ui-app-DB-json/app/[locale]/purchase/cancelled/page.tsx:31,ca7b5327
lv,/lv/purchase/success/,lv/home.json,body.purchase.success.eyebrow,Maksājums apstiprināts,MISSING_KEY,YES,generator/Ui-app-DB-json/app/[locale]/purchase/success/page.tsx:30,ca7b5327
lv,/lv/purchase/success/,lv/home.json,body.purchase.success.lede,"Jūsu maksājums bija veiksmīgs. Var paiet dažas sekundes, līdz pirkums parādīsies jūsu kontā.",MISSING_KEY,YES,generator/Ui-app-DB-json/app/[locale]/purchase/success/page.tsx:32,ca7b5327
lv,/lv/purchase/success/,lv/home.json,body.purchase.success.metaTitle,Paldies par jūsu pirkumu,MISSING_KEY,YES,generator/Ui-app-DB-json/app/[locale]/purchase/success/page.tsx:19,ca7b5327
nl,/nl/purchase/cancelled/,nl/home.json,body.purchase.cancelled.eyebrow,Geen betaling uitgevoerd,MISSING_KEY,YES,generator/Ui-app-DB-json/app/[locale]/purchase/cancelled/page.tsx:28,ca7b5327
nl,/nl/purchase/cancelled/,nl/home.json,body.purchase.cancelled.lede,Er is geen bedrag afgeschreven. Je kunt het op elk moment opnieuw proberen.,MISSING_KEY,YES,generator/Ui-app-DB-json/app/[locale]/purchase/cancelled/page.tsx:30,ca7b5327
nl,/nl/purchase/cancelled/,nl/home.json,body.purchase.cancelled.metaTitle,Checkout geannuleerd,MISSING_KEY,YES,generator/Ui-app-DB-json/app/[locale]/purchase/cancelled/page.tsx:17,ca7b5327
nl,/nl/premium/,nl/home.json,body.purchase.checkout.consent,"Ik ga akkoord met de directe levering van deze digitale PDF en begrijp dat, zodra de toegang begint, de verkoop definitief en niet-restitueerbaar is, tenzij dit wettelijk verplicht is of als het bestand niet is geleverd of defect is.",MISSING_KEY,YES,generator/Ui-app-DB-json/components/BuyButton.tsx:50,ca7b5327
nl,/nl/premium/,nl/home.json,body.purchase.checkout.error,Er is iets misgegaan bij het starten van de checkout. Probeer het opnieuw.,MISSING_KEY,YES,generator/Ui-app-DB-json/components/BuyButton.tsx:57,ca7b5327
nl,/nl/premium/,nl/home.json,body.purchase.checkout.opening,Checkout wordt geopend...,MISSING_KEY,YES,generator/Ui-app-DB-json/components/BuyButton.tsx:54,ca7b5327
nl,/nl/premium/,nl/home.json,body.purchase.checkout.refundPolicy,Lees het restitutiebeleid,MISSING_KEY,YES,generator/Ui-app-DB-json/components/BuyButton.tsx:50,ca7b5327
nl,/nl/premium/,nl/home.json,body.purchase.checkout.secureNote,Veilige checkout mogelijk gemaakt door Stripe. Eenmalige betaling. Geen abonnement.,MISSING_KEY,YES,generator/Ui-app-DB-json/components/BuyButton.tsx:56,ca7b5327
nl,/nl/purchase/success/,nl/home.json,body.purchase.download.button,Download je puzzelpakket,MISSING_KEY,YES,"generator/Ui-app-DB-json/components/PurchaseDownloadLink.tsx:66,76",ca7b5327
nl,/nl/purchase/success/,nl/home.json,body.purchase.download.demoText,Op het echte succesvolle betaalscherm staat hier de PDF-downloadknop. De lokale demo geeft het privébestand niet vrij.,MISSING_KEY,YES,generator/Ui-app-DB-json/components/PurchaseDownloadLink.tsx:65,ca7b5327
nl,/nl/purchase/success/,nl/home.json,body.purchase.download.demoTitle,Lokale checkouttest geslaagd.,MISSING_KEY,YES,generator/Ui-app-DB-json/components/PurchaseDownloadLink.tsx:64,ca7b5327
nl,/nl/purchase/success/,nl/home.json,body.purchase.download.expires,Deze link verloopt over 24 uur. Bewaar je download op een veilige plek.,MISSING_KEY,YES,generator/Ui-app-DB-json/components/PurchaseDownloadLink.tsx:79,ca7b5327
nl,/nl/purchase/success/,nl/home.json,body.purchase.download.failed,"We konden je aankoop nog niet bevestigen. Als er bij je is afgeschreven, vernieuw deze pagina dan over een minuut of neem contact met ons op voor hulp.",MISSING_KEY,YES,generator/Ui-app-DB-json/components/PurchaseDownloadLink.tsx:92,ca7b5327
nl,/nl/purchase/success/,nl/home.json,body.purchase.download.preparing,Je download wordt voorbereid...,MISSING_KEY,YES,generator/Ui-app-DB-json/components/PurchaseDownloadLink.tsx:102,ca7b5327
nl,/nl/premium/,nl/home.json,body.purchase.premium.benefits.classroomUse,Te gebruiken thuis of in één klaslokaal,MISSING_KEY,YES,generator/Ui-app-DB-json/app/[locale]/premium/page.tsx:71,ca7b5327
nl,/nl/premium/,nl/home.json,body.purchase.premium.benefits.instantAccess,Directe toegang na succesvolle betaling,MISSING_KEY,YES,generator/Ui-app-DB-json/app/[locale]/premium/page.tsx:71,ca7b5327
nl,/nl/premium/,nl/home.json,body.purchase.premium.benefits.kidFriendly,Kindvriendelijke puzzels met verschillende moeilijkheidsgraden,MISSING_KEY,YES,generator/Ui-app-DB-json/app/[locale]/premium/page.tsx:71,ca7b5327
nl,/nl/premium/,nl/home.json,body.purchase.premium.benefits.onePdf,"Eén handige, printklare PDF",MISSING_KEY,YES,generator/Ui-app-DB-json/app/[locale]/premium/page.tsx:71,ca7b5327
nl,/nl/premium/,nl/home.json,body.purchase.premium.benefits.paperSizes,Werkt op US Letter- en A4-papier,MISSING_KEY,YES,generator/Ui-app-DB-json/app/[locale]/premium/page.tsx:71,ca7b5327
nl,/nl/premium/,nl/home.json,body.purchase.premium.buyButton,Bestel het puzzelpakket,MISSING_KEY,YES,generator/Ui-app-DB-json/app/[locale]/premium/page.tsx:60,ca7b5327
nl,/nl/premium/,nl/home.json,body.purchase.premium.coverAlt,"Best of 2026 - 25 verbind-de-puntjes puzzels, boekomslag",MISSING_KEY,YES,generator/Ui-app-DB-json/app/[locale]/premium/page.tsx:45; generator/Ui-app-DB-json/components/BestOf2026BookAd.tsx:12,ca7b5327
nl,/nl/premium/,nl/home.json,body.purchase.premium.detailsEyebrow,Gemaakt om makkelijk te printen en te spelen,MISSING_KEY,YES,generator/Ui-app-DB-json/app/[locale]/premium/page.tsx:66,ca7b5327
nl,/nl/premium/,nl/home.json,body.purchase.premium.detailsText,"Download eenmalig, houd het bij de hand en print de activiteiten die je wilt wanneer je ze nodig hebt.",MISSING_KEY,YES,generator/Ui-app-DB-json/app/[locale]/premium/page.tsx:68,ca7b5327
nl,/nl/premium/,nl/home.json,body.purchase.premium.digitalPdf,Digitale PDF,MISSING_KEY,YES,generator/Ui-app-DB-json/app/[locale]/premium/page.tsx:36,ca7b5327
nl,/nl/premium/,nl/home.json,body.purchase.premium.eyebrow,Printbare premium collectie,MISSING_KEY,YES,generator/Ui-app-DB-json/app/[locale]/premium/page.tsx:32,ca7b5327
nl,/nl/premium/,nl/home.json,body.purchase.premium.guaranteeText,Na het afrekenen verschijnt je persoonlijke downloadlink direct. Geen abonnement en geen onverwachte verlenging.,MISSING_KEY,YES,generator/Ui-app-DB-json/app/[locale]/premium/page.tsx:76,ca7b5327
nl,/nl/premium/,nl/home.json,body.purchase.premium.instantAccess,Directe toegang,MISSING_KEY,YES,generator/Ui-app-DB-json/app/[locale]/premium/page.tsx:38,ca7b5327
nl,/nl/premium/,nl/home.json,body.purchase.premium.lede,"De Best of 2026-collectie brengt onze favoriete verbind-de-puntjes activiteiten samen in één gemakkelijk te printen pakket voor rustige momenten, regenachtige dagen, thuisonderwijs en de klas.",MISSING_KEY,YES,generator/Ui-app-DB-json/app/[locale]/premium/page.tsx:34,ca7b5327
nl,/nl/premium/,nl/home.json,body.purchase.premium.localNote,Op localhost opent dit een veilige checkout-demo en wordt er nooit een kaart belast.,MISSING_KEY,YES,generator/Ui-app-DB-json/app/[locale]/premium/page.tsx:61,ca7b5327
nl,/nl/premium/,nl/home.json,body.purchase.premium.metaDescription,"Een printklare collectie van favoriete verbind-de-puntjes puzzels voor kinderen, gebundeld in één handige PDF.",MISSING_KEY,YES,generator/Ui-app-DB-json/app/[locale]/premium/page.tsx:18,ca7b5327
nl,/nl/premium/,nl/home.json,body.purchase.premium.metaTitle,Best of 2026 Premium Verbind-de-Puntjes Puzzelpakket,MISSING_KEY,YES,generator/Ui-app-DB-json/app/[locale]/premium/page.tsx:18,ca7b5327
nl,/nl/premium/,nl/home.json,body.purchase.premium.oneTime,eenmalig,MISSING_KEY,YES,generator/Ui-app-DB-json/app/[locale]/premium/page.tsx:56,ca7b5327
nl,/nl/premium/,nl/home.json,body.purchase.premium.printAtHome,Thuis printen,MISSING_KEY,YES,generator/Ui-app-DB-json/app/[locale]/premium/page.tsx:37,ca7b5327
nl,/nl/premium/,nl/home.json,body.purchase.premium.purchaseAria,Koop het Best of 2026 puzzelpakket,MISSING_KEY,YES,generator/Ui-app-DB-json/app/[locale]/premium/page.tsx:41,ca7b5327
nl,/nl/purchase/success/,nl/home.json,body.purchase.shared.contactUs,Neem contact met ons op,MISSING_KEY,YES,"generator/Ui-app-DB-json/components/PurchaseDownloadLink.tsx:82,95",ca7b5327
nl,/nl/purchase/success/; /nl/purchase/cancelled/,nl/home.json,body.purchase.shared.returnToPack,Terug naar het puzzelpakket,MISSING_KEY,YES,generator/Ui-app-DB-json/components/PurchaseDownloadLink.tsx:67; generator/Ui-app-DB-json/app/[locale]/purchase/cancelled/page.tsx:31,ca7b5327
nl,/nl/purchase/success/,nl/home.json,body.purchase.success.eyebrow,Betaling bevestigd,MISSING_KEY,YES,generator/Ui-app-DB-json/app/[locale]/purchase/success/page.tsx:30,ca7b5327
nl,/nl/purchase/success/,nl/home.json,body.purchase.success.lede,Je betaling is geslaagd. Het kan een paar seconden duren voordat je aankoop op je account verschijnt.,MISSING_KEY,YES,generator/Ui-app-DB-json/app/[locale]/purchase/success/page.tsx:32,ca7b5327
nl,/nl/purchase/success/,nl/home.json,body.purchase.success.metaTitle,Bedankt voor je aankoop,MISSING_KEY,YES,generator/Ui-app-DB-json/app/[locale]/purchase/success/page.tsx:19,ca7b5327
no,/no/purchase/cancelled/,no/home.json,body.purchase.cancelled.eyebrow,Ingen betaling ble gjennomført,MISSING_KEY,YES,generator/Ui-app-DB-json/app/[locale]/purchase/cancelled/page.tsx:28,ca7b5327
no,/no/purchase/cancelled/,no/home.json,body.purchase.cancelled.lede,Ingen belastning ble gjort. Du kan prøve igjen når som helst.,MISSING_KEY,YES,generator/Ui-app-DB-json/app/[locale]/purchase/cancelled/page.tsx:30,ca7b5327
no,/no/purchase/cancelled/,no/home.json,body.purchase.cancelled.metaTitle,Betaling avbrutt,MISSING_KEY,YES,generator/Ui-app-DB-json/app/[locale]/purchase/cancelled/page.tsx:17,ca7b5327
no,/no/premium/,no/home.json,body.purchase.checkout.consent,"Jeg godtar umiddelbar levering av denne digitale PDF-en og forstår at når tilgangen har startet, er kjøpet endelig og kan ikke refunderes, unntatt der loven krever det, eller hvis filen ikke leveres eller er defekt.",MISSING_KEY,YES,generator/Ui-app-DB-json/components/BuyButton.tsx:50,ca7b5327
no,/no/premium/,no/home.json,body.purchase.checkout.error,Noe gikk galt under start av betalingen. Prøv igjen.,MISSING_KEY,YES,generator/Ui-app-DB-json/components/BuyButton.tsx:57,ca7b5327
no,/no/premium/,no/home.json,body.purchase.checkout.opening,Åpner betalingsløsningen...,MISSING_KEY,YES,generator/Ui-app-DB-json/components/BuyButton.tsx:54,ca7b5327
no,/no/premium/,no/home.json,body.purchase.checkout.refundPolicy,Les refusjonspolicyen,MISSING_KEY,YES,generator/Ui-app-DB-json/components/BuyButton.tsx:50,ca7b5327
no,/no/premium/,no/home.json,body.purchase.checkout.secureNote,Trygg betaling levert av Stripe. Engangsbetaling. Ingen abonnement.,MISSING_KEY,YES,generator/Ui-app-DB-json/components/BuyButton.tsx:56,ca7b5327
no,/no/purchase/success/,no/home.json,body.purchase.download.button,Last ned puslespillpakken din,MISSING_KEY,YES,"generator/Ui-app-DB-json/components/PurchaseDownloadLink.tsx:66,76",ca7b5327
no,/no/purchase/success/,no/home.json,body.purchase.download.demoText,Den ekte suksessiden viser PDF-nedlastingsknappen her. Den lokale demoen gir ikke ut den private filen.,MISSING_KEY,YES,generator/Ui-app-DB-json/components/PurchaseDownloadLink.tsx:65,ca7b5327
no,/no/purchase/success/,no/home.json,body.purchase.download.demoTitle,Lokal betalingstest bestått.,MISSING_KEY,YES,generator/Ui-app-DB-json/components/PurchaseDownloadLink.tsx:64,ca7b5327
no,/no/purchase/success/,no/home.json,body.purchase.download.expires,Denne lenken utløper om 24 timer. Lagre nedlastingen din et trygt sted.,MISSING_KEY,YES,generator/Ui-app-DB-json/components/PurchaseDownloadLink.tsx:79,ca7b5327
no,/no/purchase/success/,no/home.json,body.purchase.download.failed,"Vi kunne ikke bekrefte kjøpet ditt ennå. Hvis du ble belastet, kan du oppdatere denne siden om et minutt eller kontakte oss for hjelp.",MISSING_KEY,YES,generator/Ui-app-DB-json/components/PurchaseDownloadLink.tsx:92,ca7b5327
no,/no/purchase/success/,no/home.json,body.purchase.download.preparing,Forbereder nedlastingen din...,MISSING_KEY,YES,generator/Ui-app-DB-json/components/PurchaseDownloadLink.tsx:102,ca7b5327
no,/no/premium/,no/home.json,body.purchase.premium.benefits.classroomUse,Kan brukes hjemme eller i ett klasserom,MISSING_KEY,YES,generator/Ui-app-DB-json/app/[locale]/premium/page.tsx:71,ca7b5327
no,/no/premium/,no/home.json,body.purchase.premium.benefits.instantAccess,Umiddelbar tilgang etter vellykket betaling,MISSING_KEY,YES,generator/Ui-app-DB-json/app/[locale]/premium/page.tsx:71,ca7b5327
no,/no/premium/,no/home.json,body.purchase.premium.benefits.kidFriendly,Barnevennlige puslespill med varierende vanskelighetsgrad,MISSING_KEY,YES,generator/Ui-app-DB-json/app/[locale]/premium/page.tsx:71,ca7b5327
no,/no/premium/,no/home.json,body.purchase.premium.benefits.onePdf,"Én praktisk PDF, klar for utskrift",MISSING_KEY,YES,generator/Ui-app-DB-json/app/[locale]/premium/page.tsx:71,ca7b5327
no,/no/premium/,no/home.json,body.purchase.premium.benefits.paperSizes,Fungerer på US Letter- og A4-papir,MISSING_KEY,YES,generator/Ui-app-DB-json/app/[locale]/premium/page.tsx:71,ca7b5327
no,/no/premium/,no/home.json,body.purchase.premium.buyButton,Få puslespillpakken,MISSING_KEY,YES,generator/Ui-app-DB-json/app/[locale]/premium/page.tsx:60,ca7b5327
no,/no/premium/,no/home.json,body.purchase.premium.coverAlt,"Best of 2026 - 25 prikk-til-prikk-puslespill, bokomslag",MISSING_KEY,YES,generator/Ui-app-DB-json/app/[locale]/premium/page.tsx:45; generator/Ui-app-DB-json/components/BestOf2026BookAd.tsx:12,ca7b5327
no,/no/premium/,no/home.json,body.purchase.premium.detailsEyebrow,Laget for enkel utskrift og lek,MISSING_KEY,YES,generator/Ui-app-DB-json/app/[locale]/premium/page.tsx:66,ca7b5327
no,/no/premium/,no/home.json,body.purchase.premium.detailsText,"Last ned én gang, hold den for hånden, og skriv ut aktivitetene du vil ha når du trenger dem.",MISSING_KEY,YES,generator/Ui-app-DB-json/app/[locale]/premium/page.tsx:68,ca7b5327
no,/no/premium/,no/home.json,body.purchase.premium.digitalPdf,Digital PDF,MISSING_KEY,YES,generator/Ui-app-DB-json/app/[locale]/premium/page.tsx:36,ca7b5327
no,/no/premium/,no/home.json,body.purchase.premium.eyebrow,Utskriftsvennlig premiumsamling,MISSING_KEY,YES,generator/Ui-app-DB-json/app/[locale]/premium/page.tsx:32,ca7b5327
no,/no/premium/,no/home.json,body.purchase.premium.guaranteeText,Etter betaling vises din private nedlastingslenke umiddelbart. Ingen abonnement og ingen overraskende fornyelse.,MISSING_KEY,YES,generator/Ui-app-DB-json/app/[locale]/premium/page.tsx:76,ca7b5327
no,/no/premium/,no/home.json,body.purchase.premium.instantAccess,Umiddelbar tilgang,MISSING_KEY,YES,generator/Ui-app-DB-json/app/[locale]/premium/page.tsx:38,ca7b5327
no,/no/premium/,no/home.json,body.purchase.premium.lede,"Best of 2026-samlingen samler våre favoritt prikk-til-prikk-aktiviteter i én lettvint utskriftspakke – perfekt for rolige stunder, regnværsdager, hjemmeundervisning og klasserommet.",MISSING_KEY,YES,generator/Ui-app-DB-json/app/[locale]/premium/page.tsx:34,ca7b5327
no,/no/premium/,no/home.json,body.purchase.premium.localNote,"På localhost åpner dette en trygg kassedemo, og det belastes aldri noe kort.",MISSING_KEY,YES,generator/Ui-app-DB-json/app/[locale]/premium/page.tsx:61,ca7b5327
no,/no/premium/,no/home.json,body.purchase.premium.metaDescription,"En utskriftsklar samling av de mest populære prikk-til-prikk-oppgavene for barn, samlet i én praktisk PDF.",MISSING_KEY,YES,generator/Ui-app-DB-json/app/[locale]/premium/page.tsx:18,ca7b5327
no,/no/premium/,no/home.json,body.purchase.premium.metaTitle,Best of 2026 Premium prikk-til-prikk-puslespillpakke,MISSING_KEY,YES,generator/Ui-app-DB-json/app/[locale]/premium/page.tsx:18,ca7b5327
no,/no/premium/,no/home.json,body.purchase.premium.oneTime,engangsbeløp,MISSING_KEY,YES,generator/Ui-app-DB-json/app/[locale]/premium/page.tsx:56,ca7b5327
no,/no/premium/,no/home.json,body.purchase.premium.printAtHome,Skriv ut hjemme,MISSING_KEY,YES,generator/Ui-app-DB-json/app/[locale]/premium/page.tsx:37,ca7b5327
no,/no/premium/,no/home.json,body.purchase.premium.purchaseAria,Kjøp Best of 2026-puslespillpakken,MISSING_KEY,YES,generator/Ui-app-DB-json/app/[locale]/premium/page.tsx:41,ca7b5327
no,/no/purchase/success/,no/home.json,body.purchase.shared.contactUs,Kontakt oss,MISSING_KEY,YES,"generator/Ui-app-DB-json/components/PurchaseDownloadLink.tsx:82,95",ca7b5327
no,/no/purchase/success/; /no/purchase/cancelled/,no/home.json,body.purchase.shared.returnToPack,Tilbake til puslespillpakken,MISSING_KEY,YES,generator/Ui-app-DB-json/components/PurchaseDownloadLink.tsx:67; generator/Ui-app-DB-json/app/[locale]/purchase/cancelled/page.tsx:31,ca7b5327
no,/no/purchase/success/,no/home.json,body.purchase.success.eyebrow,Betaling bekreftet,MISSING_KEY,YES,generator/Ui-app-DB-json/app/[locale]/purchase/success/page.tsx:30,ca7b5327
no,/no/purchase/success/,no/home.json,body.purchase.success.lede,Betalingen din var vellykket. Det kan ta noen sekunder før kjøpet vises på kontoen din.,MISSING_KEY,YES,generator/Ui-app-DB-json/app/[locale]/purchase/success/page.tsx:32,ca7b5327
no,/no/purchase/success/,no/home.json,body.purchase.success.metaTitle,Takk for kjøpet ditt,MISSING_KEY,YES,generator/Ui-app-DB-json/app/[locale]/purchase/success/page.tsx:19,ca7b5327
pl,/pl/purchase/cancelled/,pl/home.json,body.purchase.cancelled.eyebrow,Nie pobrano żadnej opłaty,MISSING_KEY,YES,generator/Ui-app-DB-json/app/[locale]/purchase/cancelled/page.tsx:28,ca7b5327
pl,/pl/purchase/cancelled/,pl/home.json,body.purchase.cancelled.lede,Nie pobrano żadnej opłaty. Możesz spróbować ponownie w dowolnym momencie.,MISSING_KEY,YES,generator/Ui-app-DB-json/app/[locale]/purchase/cancelled/page.tsx:30,ca7b5327
pl,/pl/purchase/cancelled/,pl/home.json,body.purchase.cancelled.metaTitle,Płatność anulowana,MISSING_KEY,YES,generator/Ui-app-DB-json/app/[locale]/purchase/cancelled/page.tsx:17,ca7b5327
pl,/pl/premium/,pl/home.json,body.purchase.checkout.consent,"Zgadzam się na natychmiastowe dostarczenie tego cyfrowego pliku PDF i rozumiem, że po rozpoczęciu dostępu zakup jest ostateczny i niepodlegający zwrotowi, chyba że wymaga tego prawo lub gdy plik nie zostanie dostarczony bądź jest wadliwy.",MISSING_KEY,YES,generator/Ui-app-DB-json/components/BuyButton.tsx:50,ca7b5327
pl,/pl/premium/,pl/home.json,body.purchase.checkout.error,Wystąpił problem podczas uruchamiania płatności. Spróbuj ponownie.,MISSING_KEY,YES,generator/Ui-app-DB-json/components/BuyButton.tsx:57,ca7b5327
pl,/pl/premium/,pl/home.json,body.purchase.checkout.opening,Otwieranie płatności...,MISSING_KEY,YES,generator/Ui-app-DB-json/components/BuyButton.tsx:54,ca7b5327
pl,/pl/premium/,pl/home.json,body.purchase.checkout.refundPolicy,Przeczytaj zasady zwrotów,MISSING_KEY,YES,generator/Ui-app-DB-json/components/BuyButton.tsx:50,ca7b5327
pl,/pl/premium/,pl/home.json,body.purchase.checkout.secureNote,Bezpieczna płatność obsługiwana przez Stripe. Płatność jednorazowa. Bez subskrypcji.,MISSING_KEY,YES,generator/Ui-app-DB-json/components/BuyButton.tsx:56,ca7b5327
pl,/pl/purchase/success/,pl/home.json,body.purchase.download.button,Pobierz swój pakiet łamigłówek,MISSING_KEY,YES,"generator/Ui-app-DB-json/components/PurchaseDownloadLink.tsx:66,76",ca7b5327
pl,/pl/purchase/success/,pl/home.json,body.purchase.download.demoText,Na prawdziwym ekranie udanego zakupu pojawia się tutaj przycisk pobierania pliku PDF. Lokalne demo nie udostępnia prywatnego pliku.,MISSING_KEY,YES,generator/Ui-app-DB-json/components/PurchaseDownloadLink.tsx:65,ca7b5327
pl,/pl/purchase/success/,pl/home.json,body.purchase.download.demoTitle,Lokalny test płatności zakończony powodzeniem.,MISSING_KEY,YES,generator/Ui-app-DB-json/components/PurchaseDownloadLink.tsx:64,ca7b5327
pl,/pl/purchase/success/,pl/home.json,body.purchase.download.expires,Ten link wygasa za 24 godziny. Zapisz pobrany plik w bezpiecznym miejscu.,MISSING_KEY,YES,generator/Ui-app-DB-json/components/PurchaseDownloadLink.tsx:79,ca7b5327
pl,/pl/purchase/success/,pl/home.json,body.purchase.download.failed,"Nie mogliśmy jeszcze potwierdzić Twojego zakupu. Jeśli zostałeś obciążony opłatą, odśwież tę stronę za minutę lub skontaktuj się z nami po pomoc.",MISSING_KEY,YES,generator/Ui-app-DB-json/components/PurchaseDownloadLink.tsx:92,ca7b5327
pl,/pl/purchase/success/,pl/home.json,body.purchase.download.preparing,Przygotowywanie pobierania...,MISSING_KEY,YES,generator/Ui-app-DB-json/components/PurchaseDownloadLink.tsx:102,ca7b5327
pl,/pl/premium/,pl/home.json,body.purchase.premium.benefits.classroomUse,Do użytku w domu lub w jednej klasie,MISSING_KEY,YES,generator/Ui-app-DB-json/app/[locale]/premium/page.tsx:71,ca7b5327
pl,/pl/premium/,pl/home.json,body.purchase.premium.benefits.instantAccess,Natychmiastowy dostęp po pomyślnej płatności,MISSING_KEY,YES,generator/Ui-app-DB-json/app/[locale]/premium/page.tsx:71,ca7b5327
pl,/pl/premium/,pl/home.json,body.purchase.premium.benefits.kidFriendly,Łamigłówki przyjazne dzieciom o różnym poziomie trudności,MISSING_KEY,YES,generator/Ui-app-DB-json/app/[locale]/premium/page.tsx:71,ca7b5327
pl,/pl/premium/,pl/home.json,body.purchase.premium.benefits.onePdf,Jeden wygodny plik PDF gotowy do druku,MISSING_KEY,YES,generator/Ui-app-DB-json/app/[locale]/premium/page.tsx:71,ca7b5327
pl,/pl/premium/,pl/home.json,body.purchase.premium.benefits.paperSizes,Działa na papierze US Letter i A4,MISSING_KEY,YES,generator/Ui-app-DB-json/app/[locale]/premium/page.tsx:71,ca7b5327
pl,/pl/premium/,pl/home.json,body.purchase.premium.buyButton,Zdobądź pakiet łamigłówek,MISSING_KEY,YES,generator/Ui-app-DB-json/app/[locale]/premium/page.tsx:60,ca7b5327
pl,/pl/premium/,pl/home.json,body.purchase.premium.coverAlt,Best of 2026 - okładka książki z 25 łamigłówkami łącz kropki,MISSING_KEY,YES,generator/Ui-app-DB-json/app/[locale]/premium/page.tsx:45; generator/Ui-app-DB-json/components/BestOf2026BookAd.tsx:12,ca7b5327
pl,/pl/premium/,pl/home.json,body.purchase.premium.detailsEyebrow,Stworzone z myślą o łatwym druku i zabawie,MISSING_KEY,YES,generator/Ui-app-DB-json/app/[locale]/premium/page.tsx:66,ca7b5327
pl,/pl/premium/,pl/home.json,body.purchase.premium.detailsText,"Pobierz raz, miej pod ręką i drukuj wybrane zajęcia zawsze, kiedy tego potrzebujesz.",MISSING_KEY,YES,generator/Ui-app-DB-json/app/[locale]/premium/page.tsx:68,ca7b5327
pl,/pl/premium/,pl/home.json,body.purchase.premium.digitalPdf,Cyfrowy PDF,MISSING_KEY,YES,generator/Ui-app-DB-json/app/[locale]/premium/page.tsx:36,ca7b5327
pl,/pl/premium/,pl/home.json,body.purchase.premium.eyebrow,Kolekcja premium do druku,MISSING_KEY,YES,generator/Ui-app-DB-json/app/[locale]/premium/page.tsx:32,ca7b5327
pl,/pl/premium/,pl/home.json,body.purchase.premium.guaranteeText,Po zakupie od razu pojawia się Twój prywatny link do pobrania. Bez subskrypcji i bez niespodziewanego odnowienia.,MISSING_KEY,YES,generator/Ui-app-DB-json/app/[locale]/premium/page.tsx:76,ca7b5327
pl,/pl/premium/,pl/home.json,body.purchase.premium.instantAccess,Natychmiastowy dostęp,MISSING_KEY,YES,generator/Ui-app-DB-json/app/[locale]/premium/page.tsx:38,ca7b5327
pl,/pl/premium/,pl/home.json,body.purchase.premium.lede,"Kolekcja Best of 2026 łączy nasze ulubione zabawy łącz kropki w jednym łatwym do wydrukowania pakiecie – idealnym na spokojne chwile, deszczowe dni, edukację domową i lekcje w klasie.",MISSING_KEY,YES,generator/Ui-app-DB-json/app/[locale]/premium/page.tsx:34,ca7b5327
pl,/pl/premium/,pl/home.json,body.purchase.premium.localNote,Na localhost otwiera się bezpieczne demo płatności i karta nigdy nie zostaje obciążona.,MISSING_KEY,YES,generator/Ui-app-DB-json/app/[locale]/premium/page.tsx:61,ca7b5327
pl,/pl/premium/,pl/home.json,body.purchase.premium.metaDescription,"Gotowa do druku kolekcja ulubionych łamigłówek łącz kropki dla dzieci, zebrana w jednym wygodnym pliku PDF.",MISSING_KEY,YES,generator/Ui-app-DB-json/app/[locale]/premium/page.tsx:18,ca7b5327
pl,/pl/premium/,pl/home.json,body.purchase.premium.metaTitle,Pakiet Premium Best of 2026 – łącz kropki,MISSING_KEY,YES,generator/Ui-app-DB-json/app/[locale]/premium/page.tsx:18,ca7b5327
pl,/pl/premium/,pl/home.json,body.purchase.premium.oneTime,płatność jednorazowa,MISSING_KEY,YES,generator/Ui-app-DB-json/app/[locale]/premium/page.tsx:56,ca7b5327
pl,/pl/premium/,pl/home.json,body.purchase.premium.printAtHome,Drukuj w domu,MISSING_KEY,YES,generator/Ui-app-DB-json/app/[locale]/premium/page.tsx:37,ca7b5327
pl,/pl/premium/,pl/home.json,body.purchase.premium.purchaseAria,Kup pakiet łamigłówek Best of 2026,MISSING_KEY,YES,generator/Ui-app-DB-json/app/[locale]/premium/page.tsx:41,ca7b5327
pl,/pl/purchase/success/,pl/home.json,body.purchase.shared.contactUs,Skontaktuj się z nami,MISSING_KEY,YES,"generator/Ui-app-DB-json/components/PurchaseDownloadLink.tsx:82,95",ca7b5327
pl,/pl/purchase/success/; /pl/purchase/cancelled/,pl/home.json,body.purchase.shared.returnToPack,Wróć do pakietu łamigłówek,MISSING_KEY,YES,generator/Ui-app-DB-json/components/PurchaseDownloadLink.tsx:67; generator/Ui-app-DB-json/app/[locale]/purchase/cancelled/page.tsx:31,ca7b5327
pl,/pl/purchase/success/,pl/home.json,body.purchase.success.eyebrow,Płatność potwierdzona,MISSING_KEY,YES,generator/Ui-app-DB-json/app/[locale]/purchase/success/page.tsx:30,ca7b5327
pl,/pl/purchase/success/,pl/home.json,body.purchase.success.lede,Twoja płatność zakończyła się powodzeniem. Wyświetlenie zakupu na Twoim koncie może zająć kilka sekund.,MISSING_KEY,YES,generator/Ui-app-DB-json/app/[locale]/purchase/success/page.tsx:32,ca7b5327
pl,/pl/purchase/success/,pl/home.json,body.purchase.success.metaTitle,Dziękujemy za zakup,MISSING_KEY,YES,generator/Ui-app-DB-json/app/[locale]/purchase/success/page.tsx:19,ca7b5327
pt,/pt/purchase/cancelled/,pt/home.json,body.purchase.cancelled.eyebrow,Nenhum pagamento efetuado,MISSING_KEY,YES,generator/Ui-app-DB-json/app/[locale]/purchase/cancelled/page.tsx:28,ca7b5327
pt,/pt/purchase/cancelled/,pt/home.json,body.purchase.cancelled.lede,Não foi feita qualquer cobrança. Pode tentar novamente a qualquer momento.,MISSING_KEY,YES,generator/Ui-app-DB-json/app/[locale]/purchase/cancelled/page.tsx:30,ca7b5327
pt,/pt/purchase/cancelled/,pt/home.json,body.purchase.cancelled.metaTitle,Pagamento cancelado,MISSING_KEY,YES,generator/Ui-app-DB-json/app/[locale]/purchase/cancelled/page.tsx:17,ca7b5327
pt,/pt/premium/,pt/home.json,body.purchase.checkout.consent,"Concordo com a entrega imediata deste PDF digital e compreendo que, assim que o acesso for iniciado, a venda é final e não reembolsável, exceto quando exigido por lei ou se o ficheiro não for entregue ou estiver com defeito.",MISSING_KEY,YES,generator/Ui-app-DB-json/components/BuyButton.tsx:50,ca7b5327
pt,/pt/premium/,pt/home.json,body.purchase.checkout.error,Ocorreu um problema ao iniciar o pagamento. Tente novamente.,MISSING_KEY,YES,generator/Ui-app-DB-json/components/BuyButton.tsx:57,ca7b5327
pt,/pt/premium/,pt/home.json,body.purchase.checkout.opening,A abrir o pagamento...,MISSING_KEY,YES,generator/Ui-app-DB-json/components/BuyButton.tsx:54,ca7b5327
pt,/pt/premium/,pt/home.json,body.purchase.checkout.refundPolicy,Ler a política de reembolso,MISSING_KEY,YES,generator/Ui-app-DB-json/components/BuyButton.tsx:50,ca7b5327
pt,/pt/premium/,pt/home.json,body.purchase.checkout.secureNote,Pagamento seguro fornecido pela Stripe. Pagamento único. Sem subscrição.,MISSING_KEY,YES,generator/Ui-app-DB-json/components/BuyButton.tsx:56,ca7b5327
pt,/pt/purchase/success/,pt/home.json,body.purchase.download.button,Descarregue o seu pacote de puzzles,MISSING_KEY,YES,"generator/Ui-app-DB-json/components/PurchaseDownloadLink.tsx:66,76",ca7b5327
pt,/pt/purchase/success/,pt/home.json,body.purchase.download.demoText,O verdadeiro ecrã de compra bem-sucedida mostra aqui o botão de download do PDF. A demonstração local não disponibiliza o ficheiro privado.,MISSING_KEY,YES,generator/Ui-app-DB-json/components/PurchaseDownloadLink.tsx:65,ca7b5327
pt,/pt/purchase/success/,pt/home.json,body.purchase.download.demoTitle,Teste de pagamento local concluído com sucesso.,MISSING_KEY,YES,generator/Ui-app-DB-json/components/PurchaseDownloadLink.tsx:64,ca7b5327
pt,/pt/purchase/success/,pt/home.json,body.purchase.download.expires,Este link expira dentro de 24 horas. Guarde o seu download num local seguro.,MISSING_KEY,YES,generator/Ui-app-DB-json/components/PurchaseDownloadLink.tsx:79,ca7b5327
pt,/pt/purchase/success/,pt/home.json,body.purchase.download.failed,"Ainda não foi possível confirmar a sua compra. Se foi cobrado, atualize esta página dentro de um minuto ou contacte-nos para obter ajuda.",MISSING_KEY,YES,generator/Ui-app-DB-json/components/PurchaseDownloadLink.tsx:92,ca7b5327
pt,/pt/purchase/success/,pt/home.json,body.purchase.download.preparing,A preparar o seu download...,MISSING_KEY,YES,generator/Ui-app-DB-json/components/PurchaseDownloadLink.tsx:102,ca7b5327
pt,/pt/premium/,pt/home.json,body.purchase.premium.benefits.classroomUse,Pode ser usado em casa ou numa única sala de aula,MISSING_KEY,YES,generator/Ui-app-DB-json/app/[locale]/premium/page.tsx:71,ca7b5327
pt,/pt/premium/,pt/home.json,body.purchase.premium.benefits.instantAccess,Acesso imediato após pagamento bem-sucedido,MISSING_KEY,YES,generator/Ui-app-DB-json/app/[locale]/premium/page.tsx:71,ca7b5327
pt,/pt/premium/,pt/home.json,body.purchase.premium.benefits.kidFriendly,"Puzzles adequados a crianças, com vários níveis de dificuldade",MISSING_KEY,YES,generator/Ui-app-DB-json/app/[locale]/premium/page.tsx:71,ca7b5327
pt,/pt/premium/,pt/home.json,body.purchase.premium.benefits.onePdf,"Um único PDF prático, pronto a imprimir",MISSING_KEY,YES,generator/Ui-app-DB-json/app/[locale]/premium/page.tsx:71,ca7b5327
pt,/pt/premium/,pt/home.json,body.purchase.premium.benefits.paperSizes,Compatível com papel US Letter e A4,MISSING_KEY,YES,generator/Ui-app-DB-json/app/[locale]/premium/page.tsx:71,ca7b5327
pt,/pt/premium/,pt/home.json,body.purchase.premium.buyButton,Adquirir o pacote de puzzles,MISSING_KEY,YES,generator/Ui-app-DB-json/app/[locale]/premium/page.tsx:60,ca7b5327
pt,/pt/premium/,pt/home.json,body.purchase.premium.coverAlt,Best of 2026 - capa do livro com 25 puzzles Une os Pontos,MISSING_KEY,YES,generator/Ui-app-DB-json/app/[locale]/premium/page.tsx:45; generator/Ui-app-DB-json/components/BestOf2026BookAd.tsx:12,ca7b5327
pt,/pt/premium/,pt/home.json,body.purchase.premium.detailsEyebrow,Pensado para imprimir e brincar sem complicações,MISSING_KEY,YES,generator/Ui-app-DB-json/app/[locale]/premium/page.tsx:66,ca7b5327
pt,/pt/premium/,pt/home.json,body.purchase.premium.detailsText,"Faça o download uma vez, mantenha-o à mão e imprima as atividades que quiser sempre que precisar.",MISSING_KEY,YES,generator/Ui-app-DB-json/app/[locale]/premium/page.tsx:68,ca7b5327
pt,/pt/premium/,pt/home.json,body.purchase.premium.digitalPdf,PDF digital,MISSING_KEY,YES,generator/Ui-app-DB-json/app/[locale]/premium/page.tsx:36,ca7b5327
pt,/pt/premium/,pt/home.json,body.purchase.premium.eyebrow,Coleção premium para imprimir,MISSING_KEY,YES,generator/Ui-app-DB-json/app/[locale]/premium/page.tsx:32,ca7b5327
pt,/pt/premium/,pt/home.json,body.purchase.premium.guaranteeText,"Após a compra, o seu link privado de download aparece de imediato. Sem subscrição e sem renovações surpresa.",MISSING_KEY,YES,generator/Ui-app-DB-json/app/[locale]/premium/page.tsx:76,ca7b5327
pt,/pt/premium/,pt/home.json,body.purchase.premium.instantAccess,Acesso imediato,MISSING_KEY,YES,generator/Ui-app-DB-json/app/[locale]/premium/page.tsx:38,ca7b5327
pt,/pt/premium/,pt/home.json,body.purchase.premium.lede,"A coleção Best of 2026 reúne as nossas atividades de unir pontos preferidas num pacote fácil de imprimir, ideal para momentos calmos, dias de chuva, ensino doméstico e a sala de aula.",MISSING_KEY,YES,generator/Ui-app-DB-json/app/[locale]/premium/page.tsx:34,ca7b5327
pt,/pt/premium/,pt/home.json,body.purchase.premium.localNote,"Em localhost, isto abre uma demonstração de pagamento segura e nunca é cobrado qualquer cartão.",MISSING_KEY,YES,generator/Ui-app-DB-json/app/[locale]/premium/page.tsx:61,ca7b5327
pt,/pt/premium/,pt/home.json,body.purchase.premium.metaDescription,"Uma coleção pronta a imprimir com os puzzles de unir pontos preferidos das crianças, reunidos num PDF prático.",MISSING_KEY,YES,generator/Ui-app-DB-json/app/[locale]/premium/page.tsx:18,ca7b5327
pt,/pt/premium/,pt/home.json,body.purchase.premium.metaTitle,Pacote Premium Best of 2026 de Puzzles Une os Pontos,MISSING_KEY,YES,generator/Ui-app-DB-json/app/[locale]/premium/page.tsx:18,ca7b5327
pt,/pt/premium/,pt/home.json,body.purchase.premium.oneTime,pagamento único,MISSING_KEY,YES,generator/Ui-app-DB-json/app/[locale]/premium/page.tsx:56,ca7b5327
pt,/pt/premium/,pt/home.json,body.purchase.premium.printAtHome,Imprimir em casa,MISSING_KEY,YES,generator/Ui-app-DB-json/app/[locale]/premium/page.tsx:37,ca7b5327
pt,/pt/premium/,pt/home.json,body.purchase.premium.purchaseAria,Comprar o pacote de puzzles Best of 2026,MISSING_KEY,YES,generator/Ui-app-DB-json/app/[locale]/premium/page.tsx:41,ca7b5327
pt,/pt/purchase/success/,pt/home.json,body.purchase.shared.contactUs,Contacte-nos,MISSING_KEY,YES,"generator/Ui-app-DB-json/components/PurchaseDownloadLink.tsx:82,95",ca7b5327
pt,/pt/purchase/success/; /pt/purchase/cancelled/,pt/home.json,body.purchase.shared.returnToPack,Voltar ao pacote de puzzles,MISSING_KEY,YES,generator/Ui-app-DB-json/components/PurchaseDownloadLink.tsx:67; generator/Ui-app-DB-json/app/[locale]/purchase/cancelled/page.tsx:31,ca7b5327
pt,/pt/purchase/success/,pt/home.json,body.purchase.success.eyebrow,Pagamento confirmado,MISSING_KEY,YES,generator/Ui-app-DB-json/app/[locale]/purchase/success/page.tsx:30,ca7b5327
pt,/pt/purchase/success/,pt/home.json,body.purchase.success.lede,O seu pagamento foi bem-sucedido. Pode demorar alguns segundos até a compra aparecer na sua conta.,MISSING_KEY,YES,generator/Ui-app-DB-json/app/[locale]/purchase/success/page.tsx:32,ca7b5327
pt,/pt/purchase/success/,pt/home.json,body.purchase.success.metaTitle,Obrigado pela sua compra,MISSING_KEY,YES,generator/Ui-app-DB-json/app/[locale]/purchase/success/page.tsx:19,ca7b5327
pt-BR,/pt-BR/purchase/cancelled/,pt-BR/home.json,body.purchase.cancelled.eyebrow,Nenhum pagamento realizado,MISSING_KEY,YES,generator/Ui-app-DB-json/app/[locale]/purchase/cancelled/page.tsx:28,ca7b5327
pt-BR,/pt-BR/purchase/cancelled/,pt-BR/home.json,body.purchase.cancelled.lede,Nenhuma cobrança foi feita. Você pode tentar novamente quando quiser.,MISSING_KEY,YES,generator/Ui-app-DB-json/app/[locale]/purchase/cancelled/page.tsx:30,ca7b5327
pt-BR,/pt-BR/purchase/cancelled/,pt-BR/home.json,body.purchase.cancelled.metaTitle,Checkout cancelado,MISSING_KEY,YES,generator/Ui-app-DB-json/app/[locale]/purchase/cancelled/page.tsx:17,ca7b5327
pt-BR,/pt-BR/premium/,pt-BR/home.json,body.purchase.checkout.consent,"Concordo com a entrega imediata deste PDF digital e entendo que, assim que o acesso começar, a compra é final e não reembolsável, exceto quando exigido por lei ou se o arquivo não for entregue ou estiver com defeito.",MISSING_KEY,YES,generator/Ui-app-DB-json/components/BuyButton.tsx:50,ca7b5327
pt-BR,/pt-BR/premium/,pt-BR/home.json,body.purchase.checkout.error,Algo deu errado ao iniciar o checkout. Tente novamente.,MISSING_KEY,YES,generator/Ui-app-DB-json/components/BuyButton.tsx:57,ca7b5327
pt-BR,/pt-BR/premium/,pt-BR/home.json,body.purchase.checkout.opening,Abrindo o checkout...,MISSING_KEY,YES,generator/Ui-app-DB-json/components/BuyButton.tsx:54,ca7b5327
pt-BR,/pt-BR/premium/,pt-BR/home.json,body.purchase.checkout.refundPolicy,Leia a política de reembolso,MISSING_KEY,YES,generator/Ui-app-DB-json/components/BuyButton.tsx:50,ca7b5327
pt-BR,/pt-BR/premium/,pt-BR/home.json,body.purchase.checkout.secureNote,Checkout seguro com tecnologia Stripe. Pagamento único. Sem assinatura.,MISSING_KEY,YES,generator/Ui-app-DB-json/components/BuyButton.tsx:56,ca7b5327
pt-BR,/pt-BR/purchase/success/,pt-BR/home.json,body.purchase.download.button,Baixe seu pacote de quebra-cabeças,MISSING_KEY,YES,"generator/Ui-app-DB-json/components/PurchaseDownloadLink.tsx:66,76",ca7b5327
pt-BR,/pt-BR/purchase/success/,pt-BR/home.json,body.purchase.download.demoText,"Na tela real de compra aprovada, o botão de download do PDF aparece aqui. A demonstração local não libera o arquivo privado.",MISSING_KEY,YES,generator/Ui-app-DB-json/components/PurchaseDownloadLink.tsx:65,ca7b5327
pt-BR,/pt-BR/purchase/success/,pt-BR/home.json,body.purchase.download.demoTitle,Teste de checkout local concluído com sucesso.,MISSING_KEY,YES,generator/Ui-app-DB-json/components/PurchaseDownloadLink.tsx:64,ca7b5327
pt-BR,/pt-BR/purchase/success/,pt-BR/home.json,body.purchase.download.expires,Este link expira em 24 horas. Salve seu download em um lugar seguro.,MISSING_KEY,YES,generator/Ui-app-DB-json/components/PurchaseDownloadLink.tsx:79,ca7b5327
pt-BR,/pt-BR/purchase/success/,pt-BR/home.json,body.purchase.download.failed,"Ainda não conseguimos confirmar sua compra. Se você foi cobrado, atualize esta página em um minuto ou entre em contato conosco para obter ajuda.",MISSING_KEY,YES,generator/Ui-app-DB-json/components/PurchaseDownloadLink.tsx:92,ca7b5327
pt-BR,/pt-BR/purchase/success/,pt-BR/home.json,body.purchase.download.preparing,Preparando seu download...,MISSING_KEY,YES,generator/Ui-app-DB-json/components/PurchaseDownloadLink.tsx:102,ca7b5327
pt-BR,/pt-BR/premium/,pt-BR/home.json,body.purchase.premium.benefits.classroomUse,Pode ser usado em casa ou em uma sala de aula,MISSING_KEY,YES,generator/Ui-app-DB-json/app/[locale]/premium/page.tsx:71,ca7b5327
pt-BR,/pt-BR/premium/,pt-BR/home.json,body.purchase.premium.benefits.instantAccess,Acesso instantâneo após pagamento aprovado,MISSING_KEY,YES,generator/Ui-app-DB-json/app/[locale]/premium/page.tsx:71,ca7b5327
pt-BR,/pt-BR/premium/,pt-BR/home.json,body.purchase.premium.benefits.kidFriendly,"Quebra-cabeças pensados para crianças, com vários níveis de dificuldade",MISSING_KEY,YES,generator/Ui-app-DB-json/app/[locale]/premium/page.tsx:71,ca7b5327
pt-BR,/pt-BR/premium/,pt-BR/home.json,body.purchase.premium.benefits.onePdf,"Um único PDF prático, pronto para imprimir",MISSING_KEY,YES,generator/Ui-app-DB-json/app/[locale]/premium/page.tsx:71,ca7b5327
pt-BR,/pt-BR/premium/,pt-BR/home.json,body.purchase.premium.benefits.paperSizes,Compatível com papel US Letter e A4,MISSING_KEY,YES,generator/Ui-app-DB-json/app/[locale]/premium/page.tsx:71,ca7b5327
pt-BR,/pt-BR/premium/,pt-BR/home.json,body.purchase.premium.buyButton,Garantir o pacote de quebra-cabeças,MISSING_KEY,YES,generator/Ui-app-DB-json/app/[locale]/premium/page.tsx:60,ca7b5327
pt-BR,/pt-BR/premium/,pt-BR/home.json,body.purchase.premium.coverAlt,Best of 2026 - capa do livro com 25 quebra-cabeças Ligue os Pontos,MISSING_KEY,YES,generator/Ui-app-DB-json/app/[locale]/premium/page.tsx:45; generator/Ui-app-DB-json/components/BestOf2026BookAd.tsx:12,ca7b5327
pt-BR,/pt-BR/premium/,pt-BR/home.json,body.purchase.premium.detailsEyebrow,Feito para imprimir e brincar com facilidade,MISSING_KEY,YES,generator/Ui-app-DB-json/app/[locale]/premium/page.tsx:66,ca7b5327
pt-BR,/pt-BR/premium/,pt-BR/home.json,body.purchase.premium.detailsText,"Baixe uma vez, mantenha à mão e imprima as atividades que quiser sempre que precisar.",MISSING_KEY,YES,generator/Ui-app-DB-json/app/[locale]/premium/page.tsx:68,ca7b5327
pt-BR,/pt-BR/premium/,pt-BR/home.json,body.purchase.premium.digitalPdf,PDF digital,MISSING_KEY,YES,generator/Ui-app-DB-json/app/[locale]/premium/page.tsx:36,ca7b5327
pt-BR,/pt-BR/premium/,pt-BR/home.json,body.purchase.premium.eyebrow,Coleção premium para impressão,MISSING_KEY,YES,generator/Ui-app-DB-json/app/[locale]/premium/page.tsx:32,ca7b5327
pt-BR,/pt-BR/premium/,pt-BR/home.json,body.purchase.premium.guaranteeText,"Depois da compra, seu link de download privado aparece na hora. Sem assinatura e sem renovação surpresa.",MISSING_KEY,YES,generator/Ui-app-DB-json/app/[locale]/premium/page.tsx:76,ca7b5327
pt-BR,/pt-BR/premium/,pt-BR/home.json,body.purchase.premium.instantAccess,Acesso instantâneo,MISSING_KEY,YES,generator/Ui-app-DB-json/app/[locale]/premium/page.tsx:38,ca7b5327
pt-BR,/pt-BR/premium/,pt-BR/home.json,body.purchase.premium.lede,"A coleção Best of 2026 reúne nossas atividades favoritas de ligar pontos em um pacote fácil de imprimir, perfeito para momentos tranquilos, dias de chuva, homeschooling e sala de aula.",MISSING_KEY,YES,generator/Ui-app-DB-json/app/[locale]/premium/page.tsx:34,ca7b5327
pt-BR,/pt-BR/premium/,pt-BR/home.json,body.purchase.premium.localNote,"No localhost, isso abre uma demonstração de checkout segura e nenhum cartão é cobrado.",MISSING_KEY,YES,generator/Ui-app-DB-json/app/[locale]/premium/page.tsx:61,ca7b5327
pt-BR,/pt-BR/premium/,pt-BR/home.json,body.purchase.premium.metaDescription,"Uma coleção pronta para imprimir com os quebra-cabeças de ligar pontos favoritos das crianças, reunidos em um PDF prático.",MISSING_KEY,YES,generator/Ui-app-DB-json/app/[locale]/premium/page.tsx:18,ca7b5327
pt-BR,/pt-BR/premium/,pt-BR/home.json,body.purchase.premium.metaTitle,Pacote Premium Best of 2026 de Quebra-cabeças Ligue os Pontos,MISSING_KEY,YES,generator/Ui-app-DB-json/app/[locale]/premium/page.tsx:18,ca7b5327
pt-BR,/pt-BR/premium/,pt-BR/home.json,body.purchase.premium.oneTime,pagamento único,MISSING_KEY,YES,generator/Ui-app-DB-json/app/[locale]/premium/page.tsx:56,ca7b5327
pt-BR,/pt-BR/premium/,pt-BR/home.json,body.purchase.premium.printAtHome,Imprima em casa,MISSING_KEY,YES,generator/Ui-app-DB-json/app/[locale]/premium/page.tsx:37,ca7b5327
pt-BR,/pt-BR/premium/,pt-BR/home.json,body.purchase.premium.purchaseAria,Comprar o pacote de quebra-cabeças Best of 2026,MISSING_KEY,YES,generator/Ui-app-DB-json/app/[locale]/premium/page.tsx:41,ca7b5327
pt-BR,/pt-BR/purchase/success/,pt-BR/home.json,body.purchase.shared.contactUs,Fale conosco,MISSING_KEY,YES,"generator/Ui-app-DB-json/components/PurchaseDownloadLink.tsx:82,95",ca7b5327
pt-BR,/pt-BR/purchase/success/; /pt-BR/purchase/cancelled/,pt-BR/home.json,body.purchase.shared.returnToPack,Voltar ao pacote de quebra-cabeças,MISSING_KEY,YES,generator/Ui-app-DB-json/components/PurchaseDownloadLink.tsx:67; generator/Ui-app-DB-json/app/[locale]/purchase/cancelled/page.tsx:31,ca7b5327
pt-BR,/pt-BR/purchase/success/,pt-BR/home.json,body.purchase.success.eyebrow,Pagamento confirmado,MISSING_KEY,YES,generator/Ui-app-DB-json/app/[locale]/purchase/success/page.tsx:30,ca7b5327
pt-BR,/pt-BR/purchase/success/,pt-BR/home.json,body.purchase.success.lede,Seu pagamento foi aprovado. Pode levar alguns segundos até a compra aparecer na sua conta.,MISSING_KEY,YES,generator/Ui-app-DB-json/app/[locale]/purchase/success/page.tsx:32,ca7b5327
pt-BR,/pt-BR/purchase/success/,pt-BR/home.json,body.purchase.success.metaTitle,Obrigado pela sua compra,MISSING_KEY,YES,generator/Ui-app-DB-json/app/[locale]/purchase/success/page.tsx:19,ca7b5327
ro,/ro/purchase/cancelled/,ro/home.json,body.purchase.cancelled.eyebrow,Nu a fost efectuată nicio plată,MISSING_KEY,YES,generator/Ui-app-DB-json/app/[locale]/purchase/cancelled/page.tsx:28,ca7b5327
ro,/ro/purchase/cancelled/,ro/home.json,body.purchase.cancelled.lede,Nu a fost efectuată nicio taxă. Poți încerca din nou oricând.,MISSING_KEY,YES,generator/Ui-app-DB-json/app/[locale]/purchase/cancelled/page.tsx:30,ca7b5327
ro,/ro/purchase/cancelled/,ro/home.json,body.purchase.cancelled.metaTitle,Plată anulată,MISSING_KEY,YES,generator/Ui-app-DB-json/app/[locale]/purchase/cancelled/page.tsx:17,ca7b5327
ro,/ro/premium/,ro/home.json,body.purchase.checkout.consent,"Sunt de acord cu livrarea imediată a acestui PDF digital și înțeleg că, odată ce accesul începe, vânzarea este finală și nerambursabilă, cu excepția cazurilor prevăzute de lege sau dacă fișierul nu este livrat ori este defect.",MISSING_KEY,YES,generator/Ui-app-DB-json/components/BuyButton.tsx:50,ca7b5327
ro,/ro/premium/,ro/home.json,body.purchase.checkout.error,A apărut o problemă la inițierea plății. Te rugăm să încerci din nou.,MISSING_KEY,YES,generator/Ui-app-DB-json/components/BuyButton.tsx:57,ca7b5327
ro,/ro/premium/,ro/home.json,body.purchase.checkout.opening,Se deschide plata...,MISSING_KEY,YES,generator/Ui-app-DB-json/components/BuyButton.tsx:54,ca7b5327
ro,/ro/premium/,ro/home.json,body.purchase.checkout.refundPolicy,Citește politica de rambursare,MISSING_KEY,YES,generator/Ui-app-DB-json/components/BuyButton.tsx:50,ca7b5327
ro,/ro/premium/,ro/home.json,body.purchase.checkout.secureNote,"Plată securizată, susținută de Stripe. Plată unică. Fără abonament.",MISSING_KEY,YES,generator/Ui-app-DB-json/components/BuyButton.tsx:56,ca7b5327
ro,/ro/purchase/success/,ro/home.json,body.purchase.download.button,Descarcă-ți pachetul de puzzle-uri,MISSING_KEY,YES,"generator/Ui-app-DB-json/components/PurchaseDownloadLink.tsx:66,76",ca7b5327
ro,/ro/purchase/success/,ro/home.json,body.purchase.download.demoText,Ecranul real de reușită a achiziției afișează aici butonul de descărcare a PDF-ului. Demonstrația locală nu eliberează fișierul privat.,MISSING_KEY,YES,generator/Ui-app-DB-json/components/PurchaseDownloadLink.tsx:65,ca7b5327
ro,/ro/purchase/success/,ro/home.json,body.purchase.download.demoTitle,Testul local de plată a fost finalizat cu succes.,MISSING_KEY,YES,generator/Ui-app-DB-json/components/PurchaseDownloadLink.tsx:64,ca7b5327
ro,/ro/purchase/success/,ro/home.json,body.purchase.download.expires,Acest link expiră în 24 de ore. Salvează fișierul descărcat într-un loc sigur.,MISSING_KEY,YES,generator/Ui-app-DB-json/components/PurchaseDownloadLink.tsx:79,ca7b5327
ro,/ro/purchase/success/,ro/home.json,body.purchase.download.failed,"Nu am putut confirma încă achiziția ta. Dacă ai fost debitat, reîmprospătează această pagină peste un minut sau contactează-ne pentru ajutor.",MISSING_KEY,YES,generator/Ui-app-DB-json/components/PurchaseDownloadLink.tsx:92,ca7b5327
ro,/ro/purchase/success/,ro/home.json,body.purchase.download.preparing,Se pregătește descărcarea...,MISSING_KEY,YES,generator/Ui-app-DB-json/components/PurchaseDownloadLink.tsx:102,ca7b5327
ro,/ro/premium/,ro/home.json,body.purchase.premium.benefits.classroomUse,Poate fi folosit acasă sau într-o singură sală de clasă,MISSING_KEY,YES,generator/Ui-app-DB-json/app/[locale]/premium/page.tsx:71,ca7b5327
ro,/ro/premium/,ro/home.json,body.purchase.premium.benefits.instantAccess,Acces instantaneu după o plată reușită,MISSING_KEY,YES,generator/Ui-app-DB-json/app/[locale]/premium/page.tsx:71,ca7b5327
ro,/ro/premium/,ro/home.json,body.purchase.premium.benefits.kidFriendly,"Puzzle-uri potrivite pentru copii, cu niveluri variate de dificultate",MISSING_KEY,YES,generator/Ui-app-DB-json/app/[locale]/premium/page.tsx:71,ca7b5327
ro,/ro/premium/,ro/home.json,body.purchase.premium.benefits.onePdf,"Un singur PDF practic, gata de tipărit",MISSING_KEY,YES,generator/Ui-app-DB-json/app/[locale]/premium/page.tsx:71,ca7b5327
ro,/ro/premium/,ro/home.json,body.purchase.premium.benefits.paperSizes,Funcționează pe hârtie US Letter și A4,MISSING_KEY,YES,generator/Ui-app-DB-json/app/[locale]/premium/page.tsx:71,ca7b5327
ro,/ro/premium/,ro/home.json,body.purchase.premium.buyButton,Obține pachetul de puzzle-uri,MISSING_KEY,YES,generator/Ui-app-DB-json/app/[locale]/premium/page.tsx:60,ca7b5327
ro,/ro/premium/,ro/home.json,body.purchase.premium.coverAlt,Best of 2026 - coperta cărții cu 25 de puzzle-uri Unește Punctele,MISSING_KEY,YES,generator/Ui-app-DB-json/app/[locale]/premium/page.tsx:45; generator/Ui-app-DB-json/components/BestOf2026BookAd.tsx:12,ca7b5327
ro,/ro/premium/,ro/home.json,body.purchase.premium.detailsEyebrow,Creat pentru tipărire și joacă simplă,MISSING_KEY,YES,generator/Ui-app-DB-json/app/[locale]/premium/page.tsx:66,ca7b5327
ro,/ro/premium/,ro/home.json,body.purchase.premium.detailsText,"Descarcă o dată, păstrează-l la îndemână și tipărește activitățile dorite oricând ai nevoie de ele.",MISSING_KEY,YES,generator/Ui-app-DB-json/app/[locale]/premium/page.tsx:68,ca7b5327
ro,/ro/premium/,ro/home.json,body.purchase.premium.digitalPdf,PDF digital,MISSING_KEY,YES,generator/Ui-app-DB-json/app/[locale]/premium/page.tsx:36,ca7b5327
ro,/ro/premium/,ro/home.json,body.purchase.premium.eyebrow,Colecție premium tipăribilă,MISSING_KEY,YES,generator/Ui-app-DB-json/app/[locale]/premium/page.tsx:32,ca7b5327
ro,/ro/premium/,ro/home.json,body.purchase.premium.guaranteeText,"După finalizarea plății, linkul tău privat de descărcare apare imediat. Fără abonament și fără reînnoire surpriză.",MISSING_KEY,YES,generator/Ui-app-DB-json/app/[locale]/premium/page.tsx:76,ca7b5327
ro,/ro/premium/,ro/home.json,body.purchase.premium.instantAccess,Acces instantaneu,MISSING_KEY,YES,generator/Ui-app-DB-json/app/[locale]/premium/page.tsx:38,ca7b5327
ro,/ro/premium/,ro/home.json,body.purchase.premium.lede,"Colecția Best of 2026 adună activitățile noastre preferate de tip unește punctele într-un pachet ușor de tipărit, ideal pentru momente liniștite, zile ploioase, educație acasă și clasă.",MISSING_KEY,YES,generator/Ui-app-DB-json/app/[locale]/premium/page.tsx:34,ca7b5327
ro,/ro/premium/,ro/home.json,body.purchase.premium.localNote,"Pe localhost, aceasta deschide o demonstrație de plată sigură și nu debitează niciodată vreun card.",MISSING_KEY,YES,generator/Ui-app-DB-json/app/[locale]/premium/page.tsx:61,ca7b5327
ro,/ro/premium/,ro/home.json,body.purchase.premium.metaDescription,"O colecție gata de tipărit cu puzzle-urile preferate de tip unește punctele pentru copii, adunate într-un PDF practic.",MISSING_KEY,YES,generator/Ui-app-DB-json/app/[locale]/premium/page.tsx:18,ca7b5327
ro,/ro/premium/,ro/home.json,body.purchase.premium.metaTitle,Pachetul Premium Best of 2026 de Puzzle-uri Unește Punctele,MISSING_KEY,YES,generator/Ui-app-DB-json/app/[locale]/premium/page.tsx:18,ca7b5327
ro,/ro/premium/,ro/home.json,body.purchase.premium.oneTime,plată unică,MISSING_KEY,YES,generator/Ui-app-DB-json/app/[locale]/premium/page.tsx:56,ca7b5327
ro,/ro/premium/,ro/home.json,body.purchase.premium.printAtHome,Tipărește acasă,MISSING_KEY,YES,generator/Ui-app-DB-json/app/[locale]/premium/page.tsx:37,ca7b5327
ro,/ro/premium/,ro/home.json,body.purchase.premium.purchaseAria,Cumpără pachetul de puzzle-uri Best of 2026,MISSING_KEY,YES,generator/Ui-app-DB-json/app/[locale]/premium/page.tsx:41,ca7b5327
ro,/ro/purchase/success/,ro/home.json,body.purchase.shared.contactUs,Contactează-ne,MISSING_KEY,YES,"generator/Ui-app-DB-json/components/PurchaseDownloadLink.tsx:82,95",ca7b5327
ro,/ro/purchase/success/; /ro/purchase/cancelled/,ro/home.json,body.purchase.shared.returnToPack,Înapoi la pachetul de puzzle-uri,MISSING_KEY,YES,generator/Ui-app-DB-json/components/PurchaseDownloadLink.tsx:67; generator/Ui-app-DB-json/app/[locale]/purchase/cancelled/page.tsx:31,ca7b5327
ro,/ro/purchase/success/,ro/home.json,body.purchase.success.eyebrow,Plată confirmată,MISSING_KEY,YES,generator/Ui-app-DB-json/app/[locale]/purchase/success/page.tsx:30,ca7b5327
ro,/ro/purchase/success/,ro/home.json,body.purchase.success.lede,Plata ta a fost efectuată cu succes. Poate dura câteva secunde până când achiziția apare în contul tău.,MISSING_KEY,YES,generator/Ui-app-DB-json/app/[locale]/purchase/success/page.tsx:32,ca7b5327
ro,/ro/purchase/success/,ro/home.json,body.purchase.success.metaTitle,Îți mulțumim pentru achiziție,MISSING_KEY,YES,generator/Ui-app-DB-json/app/[locale]/purchase/success/page.tsx:19,ca7b5327
ru,/ru/purchase/cancelled/,ru/home.json,body.purchase.cancelled.eyebrow,Списания не было,MISSING_KEY,YES,generator/Ui-app-DB-json/app/[locale]/purchase/cancelled/page.tsx:28,ca7b5327
ru,/ru/purchase/cancelled/,ru/home.json,body.purchase.cancelled.lede,Списания средств не произошло. Вы можете попробовать снова в любое время.,MISSING_KEY,YES,generator/Ui-app-DB-json/app/[locale]/purchase/cancelled/page.tsx:30,ca7b5327
ru,/ru/purchase/cancelled/,ru/home.json,body.purchase.cancelled.metaTitle,Оформление заказа отменено,MISSING_KEY,YES,generator/Ui-app-DB-json/app/[locale]/purchase/cancelled/page.tsx:17,ca7b5327
ru,/ru/premium/,ru/home.json,body.purchase.checkout.consent,"Я согласен на немедленную доставку этого цифрового PDF-файла и понимаю, что после начала доступа покупка является окончательной и не подлежит возврату, за исключением случаев, предусмотренных законом, или если файл не доставлен или имеет дефект.",MISSING_KEY,YES,generator/Ui-app-DB-json/components/BuyButton.tsx:50,ca7b5327
ru,/ru/premium/,ru/home.json,body.purchase.checkout.error,"Что-то пошло не так при запуске оплаты. Пожалуйста, попробуйте снова.",MISSING_KEY,YES,generator/Ui-app-DB-json/components/BuyButton.tsx:57,ca7b5327
ru,/ru/premium/,ru/home.json,body.purchase.checkout.opening,Открывается оформление заказа...,MISSING_KEY,YES,generator/Ui-app-DB-json/components/BuyButton.tsx:54,ca7b5327
ru,/ru/premium/,ru/home.json,body.purchase.checkout.refundPolicy,Ознакомиться с политикой возврата средств,MISSING_KEY,YES,generator/Ui-app-DB-json/components/BuyButton.tsx:50,ca7b5327
ru,/ru/premium/,ru/home.json,body.purchase.checkout.secureNote,Безопасная оплата через Stripe. Единоразовый платёж. Без подписки.,MISSING_KEY,YES,generator/Ui-app-DB-json/components/BuyButton.tsx:56,ca7b5327
ru,/ru/purchase/success/,ru/home.json,body.purchase.download.button,Скачать набор головоломок,MISSING_KEY,YES,"generator/Ui-app-DB-json/components/PurchaseDownloadLink.tsx:66,76",ca7b5327
ru,/ru/purchase/success/,ru/home.json,body.purchase.download.demoText,На реальном экране успешной оплаты здесь отображается кнопка загрузки PDF. Локальная демо-версия не предоставляет доступ к приватному файлу.,MISSING_KEY,YES,generator/Ui-app-DB-json/components/PurchaseDownloadLink.tsx:65,ca7b5327
ru,/ru/purchase/success/,ru/home.json,body.purchase.download.demoTitle,Локальный тест оплаты пройден успешно.,MISSING_KEY,YES,generator/Ui-app-DB-json/components/PurchaseDownloadLink.tsx:64,ca7b5327
ru,/ru/purchase/success/,ru/home.json,body.purchase.download.expires,Срок действия этой ссылки истекает через 24 часа. Сохраните скачанный файл в надёжном месте.,MISSING_KEY,YES,generator/Ui-app-DB-json/components/PurchaseDownloadLink.tsx:79,ca7b5327
ru,/ru/purchase/success/,ru/home.json,body.purchase.download.failed,"Мы пока не смогли подтвердить вашу покупку. Если списание произошло, обновите эту страницу через минуту или свяжитесь с нами для помощи.",MISSING_KEY,YES,generator/Ui-app-DB-json/components/PurchaseDownloadLink.tsx:92,ca7b5327
ru,/ru/purchase/success/,ru/home.json,body.purchase.download.preparing,Подготовка вашей загрузки...,MISSING_KEY,YES,generator/Ui-app-DB-json/components/PurchaseDownloadLink.tsx:102,ca7b5327
ru,/ru/premium/,ru/home.json,body.purchase.premium.benefits.classroomUse,Можно использовать дома или в одном классе,MISSING_KEY,YES,generator/Ui-app-DB-json/app/[locale]/premium/page.tsx:71,ca7b5327
ru,/ru/premium/,ru/home.json,body.purchase.premium.benefits.instantAccess,Мгновенный доступ после успешной оплаты,MISSING_KEY,YES,generator/Ui-app-DB-json/app/[locale]/premium/page.tsx:71,ca7b5327
ru,/ru/premium/,ru/home.json,body.purchase.premium.benefits.kidFriendly,Головоломки для детей с разным уровнем сложности,MISSING_KEY,YES,generator/Ui-app-DB-json/app/[locale]/premium/page.tsx:71,ca7b5327
ru,/ru/premium/,ru/home.json,body.purchase.premium.benefits.onePdf,"Один удобный PDF-файл, готовый к печати",MISSING_KEY,YES,generator/Ui-app-DB-json/app/[locale]/premium/page.tsx:71,ca7b5327
ru,/ru/premium/,ru/home.json,body.purchase.premium.benefits.paperSizes,Подходит для бумаги форматов US Letter и A4,MISSING_KEY,YES,generator/Ui-app-DB-json/app/[locale]/premium/page.tsx:71,ca7b5327
ru,/ru/premium/,ru/home.json,body.purchase.premium.buyButton,Получить набор головоломок,MISSING_KEY,YES,generator/Ui-app-DB-json/app/[locale]/premium/page.tsx:60,ca7b5327
ru,/ru/premium/,ru/home.json,body.purchase.premium.coverAlt,Best of 2026 - обложка книги с 25 головоломками «соедини точки»,MISSING_KEY,YES,generator/Ui-app-DB-json/app/[locale]/premium/page.tsx:45; generator/Ui-app-DB-json/components/BestOf2026BookAd.tsx:12,ca7b5327
ru,/ru/premium/,ru/home.json,body.purchase.premium.detailsEyebrow,Создано для лёгкой печати и игры,MISSING_KEY,YES,generator/Ui-app-DB-json/app/[locale]/premium/page.tsx:66,ca7b5327
ru,/ru/premium/,ru/home.json,body.purchase.premium.detailsText,"Скачайте один раз, держите под рукой и печатайте нужные задания в любое время.",MISSING_KEY,YES,generator/Ui-app-DB-json/app/[locale]/premium/page.tsx:68,ca7b5327
ru,/ru/premium/,ru/home.json,body.purchase.premium.digitalPdf,Цифровой PDF,MISSING_KEY,YES,generator/Ui-app-DB-json/app/[locale]/premium/page.tsx:36,ca7b5327
ru,/ru/premium/,ru/home.json,body.purchase.premium.eyebrow,Премиальная коллекция для печати,MISSING_KEY,YES,generator/Ui-app-DB-json/app/[locale]/premium/page.tsx:32,ca7b5327
ru,/ru/premium/,ru/home.json,body.purchase.premium.guaranteeText,После оплаты сразу появляется ваша личная ссылка для скачивания. Без подписки и без неожиданного продления.,MISSING_KEY,YES,generator/Ui-app-DB-json/app/[locale]/premium/page.tsx:76,ca7b5327
ru,/ru/premium/,ru/home.json,body.purchase.premium.instantAccess,Мгновенный доступ,MISSING_KEY,YES,generator/Ui-app-DB-json/app/[locale]/premium/page.tsx:38,ca7b5327
ru,/ru/premium/,ru/home.json,body.purchase.premium.lede,"Коллекция Best of 2026 объединяет наши любимые задания «соедини точки» в одном легко распечатываемом наборе — идеально для спокойных моментов, дождливых дней, домашнего обучения и занятий в классе.",MISSING_KEY,YES,generator/Ui-app-DB-json/app/[locale]/premium/page.tsx:34,ca7b5327
ru,/ru/premium/,ru/home.json,body.purchase.premium.localNote,"На localhost открывается безопасная демо-версия оплаты, и списания с карты никогда не происходит.",MISSING_KEY,YES,generator/Ui-app-DB-json/app/[locale]/premium/page.tsx:61,ca7b5327
ru,/ru/premium/,ru/home.json,body.purchase.premium.metaDescription,"Готовая к печати коллекция любимых детских головоломок «соедини точки», собранная в одном удобном PDF-файле.",MISSING_KEY,YES,generator/Ui-app-DB-json/app/[locale]/premium/page.tsx:18,ca7b5327
ru,/ru/premium/,ru/home.json,body.purchase.premium.metaTitle,Премиум-набор головоломок «Соедини точки» Best of 2026,MISSING_KEY,YES,generator/Ui-app-DB-json/app/[locale]/premium/page.tsx:18,ca7b5327
ru,/ru/premium/,ru/home.json,body.purchase.premium.oneTime,единоразовый платёж,MISSING_KEY,YES,generator/Ui-app-DB-json/app/[locale]/premium/page.tsx:56,ca7b5327
ru,/ru/premium/,ru/home.json,body.purchase.premium.printAtHome,Печать дома,MISSING_KEY,YES,generator/Ui-app-DB-json/app/[locale]/premium/page.tsx:37,ca7b5327
ru,/ru/premium/,ru/home.json,body.purchase.premium.purchaseAria,Купить набор головоломок Best of 2026,MISSING_KEY,YES,generator/Ui-app-DB-json/app/[locale]/premium/page.tsx:41,ca7b5327
ru,/ru/purchase/success/,ru/home.json,body.purchase.shared.contactUs,Связаться с нами,MISSING_KEY,YES,"generator/Ui-app-DB-json/components/PurchaseDownloadLink.tsx:82,95",ca7b5327
ru,/ru/purchase/success/; /ru/purchase/cancelled/,ru/home.json,body.purchase.shared.returnToPack,Вернуться к набору головоломок,MISSING_KEY,YES,generator/Ui-app-DB-json/components/PurchaseDownloadLink.tsx:67; generator/Ui-app-DB-json/app/[locale]/purchase/cancelled/page.tsx:31,ca7b5327
ru,/ru/purchase/success/,ru/home.json,body.purchase.success.eyebrow,Оплата подтверждена,MISSING_KEY,YES,generator/Ui-app-DB-json/app/[locale]/purchase/success/page.tsx:30,ca7b5327
ru,/ru/purchase/success/,ru/home.json,body.purchase.success.lede,"Ваш платёж прошёл успешно. Может потребоваться несколько секунд, чтобы покупка отобразилась в вашем аккаунте.",MISSING_KEY,YES,generator/Ui-app-DB-json/app/[locale]/purchase/success/page.tsx:32,ca7b5327
ru,/ru/purchase/success/,ru/home.json,body.purchase.success.metaTitle,Спасибо за покупку,MISSING_KEY,YES,generator/Ui-app-DB-json/app/[locale]/purchase/success/page.tsx:19,ca7b5327
sk,/sk/purchase/cancelled/,sk/home.json,body.purchase.cancelled.eyebrow,Platba nebola vykonaná,MISSING_KEY,YES,generator/Ui-app-DB-json/app/[locale]/purchase/cancelled/page.tsx:28,ca7b5327
sk,/sk/purchase/cancelled/,sk/home.json,body.purchase.cancelled.lede,Nebola vykonaná žiadna platba. Môžete to kedykoľvek skúsiť znova.,MISSING_KEY,YES,generator/Ui-app-DB-json/app/[locale]/purchase/cancelled/page.tsx:30,ca7b5327
sk,/sk/purchase/cancelled/,sk/home.json,body.purchase.cancelled.metaTitle,Platba zrušená,MISSING_KEY,YES,generator/Ui-app-DB-json/app/[locale]/purchase/cancelled/page.tsx:17,ca7b5327
sk,/sk/premium/,sk/home.json,body.purchase.checkout.consent,"Súhlasím s okamžitým doručením tohto digitálneho PDF a rozumiem, že po začatí prístupu je nákup konečný a nevratný, s výnimkou prípadov vyžadovaných zákonom alebo ak súbor nie je doručený či je chybný.",MISSING_KEY,YES,generator/Ui-app-DB-json/components/BuyButton.tsx:50,ca7b5327
sk,/sk/premium/,sk/home.json,body.purchase.checkout.error,Pri spúšťaní platby sa vyskytla chyba. Skúste to prosím znova.,MISSING_KEY,YES,generator/Ui-app-DB-json/components/BuyButton.tsx:57,ca7b5327
sk,/sk/premium/,sk/home.json,body.purchase.checkout.opening,Otvára sa platba...,MISSING_KEY,YES,generator/Ui-app-DB-json/components/BuyButton.tsx:54,ca7b5327
sk,/sk/premium/,sk/home.json,body.purchase.checkout.refundPolicy,Prečítať si zásady vrátenia peňazí,MISSING_KEY,YES,generator/Ui-app-DB-json/components/BuyButton.tsx:50,ca7b5327
sk,/sk/premium/,sk/home.json,body.purchase.checkout.secureNote,Bezpečná platba zabezpečená spoločnosťou Stripe. Jednorazová platba. Žiadne predplatné.,MISSING_KEY,YES,generator/Ui-app-DB-json/components/BuyButton.tsx:56,ca7b5327
sk,/sk/purchase/success/,sk/home.json,body.purchase.download.button,Stiahnite si balík hlavolamov,MISSING_KEY,YES,"generator/Ui-app-DB-json/components/PurchaseDownloadLink.tsx:66,76",ca7b5327
sk,/sk/purchase/success/,sk/home.json,body.purchase.download.demoText,Na skutočnej obrazovke úspešného nákupu sa tu zobrazí tlačidlo na stiahnutie PDF. Lokálne demo súkromný súbor neuvoľňuje.,MISSING_KEY,YES,generator/Ui-app-DB-json/components/PurchaseDownloadLink.tsx:65,ca7b5327
sk,/sk/purchase/success/,sk/home.json,body.purchase.download.demoTitle,Lokálny test platby bol úspešný.,MISSING_KEY,YES,generator/Ui-app-DB-json/components/PurchaseDownloadLink.tsx:64,ca7b5327
sk,/sk/purchase/success/,sk/home.json,body.purchase.download.expires,Platnosť tohto odkazu vyprší o 24 hodín. Uložte si stiahnutý súbor na bezpečné miesto.,MISSING_KEY,YES,generator/Ui-app-DB-json/components/PurchaseDownloadLink.tsx:79,ca7b5327
sk,/sk/purchase/success/,sk/home.json,body.purchase.download.failed,"Váš nákup sme zatiaľ nedokázali potvrdiť. Ak vám bola suma odpočítaná, obnovte túto stránku o minútu alebo nás kontaktujte, aby sme vám pomohli.",MISSING_KEY,YES,generator/Ui-app-DB-json/components/PurchaseDownloadLink.tsx:92,ca7b5327
sk,/sk/purchase/success/,sk/home.json,body.purchase.download.preparing,Pripravuje sa vaše stiahnutie...,MISSING_KEY,YES,generator/Ui-app-DB-json/components/PurchaseDownloadLink.tsx:102,ca7b5327
sk,/sk/premium/,sk/home.json,body.purchase.premium.benefits.classroomUse,Možno použiť doma alebo v jednej triede,MISSING_KEY,YES,generator/Ui-app-DB-json/app/[locale]/premium/page.tsx:71,ca7b5327
sk,/sk/premium/,sk/home.json,body.purchase.premium.benefits.instantAccess,Okamžitý prístup po úspešnej platbe,MISSING_KEY,YES,generator/Ui-app-DB-json/app/[locale]/premium/page.tsx:71,ca7b5327
sk,/sk/premium/,sk/home.json,body.purchase.premium.benefits.kidFriendly,Hlavolamy vhodné pre deti s rôznou úrovňou náročnosti,MISSING_KEY,YES,generator/Ui-app-DB-json/app/[locale]/premium/page.tsx:71,ca7b5327
sk,/sk/premium/,sk/home.json,body.purchase.premium.benefits.onePdf,Jedno praktické PDF pripravené na tlač,MISSING_KEY,YES,generator/Ui-app-DB-json/app/[locale]/premium/page.tsx:71,ca7b5327
sk,/sk/premium/,sk/home.json,body.purchase.premium.benefits.paperSizes,Funguje na papieri US Letter aj A4,MISSING_KEY,YES,generator/Ui-app-DB-json/app/[locale]/premium/page.tsx:71,ca7b5327
sk,/sk/premium/,sk/home.json,body.purchase.premium.buyButton,Získať balík hlavolamov,MISSING_KEY,YES,generator/Ui-app-DB-json/app/[locale]/premium/page.tsx:60,ca7b5327
sk,/sk/premium/,sk/home.json,body.purchase.premium.coverAlt,Best of 2026 - obal knihy s 25 hlavolamami spoj bodky,MISSING_KEY,YES,generator/Ui-app-DB-json/app/[locale]/premium/page.tsx:45; generator/Ui-app-DB-json/components/BestOf2026BookAd.tsx:12,ca7b5327
sk,/sk/premium/,sk/home.json,body.purchase.premium.detailsEyebrow,Vytvorené pre jednoduchú tlač a hru,MISSING_KEY,YES,generator/Ui-app-DB-json/app/[locale]/premium/page.tsx:66,ca7b5327
sk,/sk/premium/,sk/home.json,body.purchase.premium.detailsText,"Stiahnite si raz, majte poruke a vytlačte si aktivity, ktoré chcete, kedykoľvek ich potrebujete.",MISSING_KEY,YES,generator/Ui-app-DB-json/app/[locale]/premium/page.tsx:68,ca7b5327
sk,/sk/premium/,sk/home.json,body.purchase.premium.digitalPdf,Digitálne PDF,MISSING_KEY,YES,generator/Ui-app-DB-json/app/[locale]/premium/page.tsx:36,ca7b5327
sk,/sk/premium/,sk/home.json,body.purchase.premium.eyebrow,Prémiová zbierka na tlač,MISSING_KEY,YES,generator/Ui-app-DB-json/app/[locale]/premium/page.tsx:32,ca7b5327
sk,/sk/premium/,sk/home.json,body.purchase.premium.guaranteeText,Po zaplatení sa okamžite zobrazí váš súkromný odkaz na stiahnutie. Žiadne predplatné a žiadne prekvapivé obnovenie.,MISSING_KEY,YES,generator/Ui-app-DB-json/app/[locale]/premium/page.tsx:76,ca7b5327
sk,/sk/premium/,sk/home.json,body.purchase.premium.instantAccess,Okamžitý prístup,MISSING_KEY,YES,generator/Ui-app-DB-json/app/[locale]/premium/page.tsx:38,ca7b5327
sk,/sk/premium/,sk/home.json,body.purchase.premium.lede,"Zbierka Best of 2026 prináša naše obľúbené aktivity spoj bodky v jednom ľahko vytlačiteľnom balíku – ideálne na pokojné chvíle, daždivé dni, domáce vzdelávanie aj vyučovanie.",MISSING_KEY,YES,generator/Ui-app-DB-json/app/[locale]/premium/page.tsx:34,ca7b5327
sk,/sk/premium/,sk/home.json,body.purchase.premium.localNote,Na localhoste sa otvorí bezpečné demo platby a karta nikdy nie je zaťažená.,MISSING_KEY,YES,generator/Ui-app-DB-json/app/[locale]/premium/page.tsx:61,ca7b5327
sk,/sk/premium/,sk/home.json,body.purchase.premium.metaDescription,"Zbierka obľúbených detských hlavolamov spoj bodky pripravená na tlač, spojená do jedného praktického PDF.",MISSING_KEY,YES,generator/Ui-app-DB-json/app/[locale]/premium/page.tsx:18,ca7b5327
sk,/sk/premium/,sk/home.json,body.purchase.premium.metaTitle,Prémiový balík Best of 2026 – hlavolamy spoj bodky,MISSING_KEY,YES,generator/Ui-app-DB-json/app/[locale]/premium/page.tsx:18,ca7b5327
sk,/sk/premium/,sk/home.json,body.purchase.premium.oneTime,jednorazová platba,MISSING_KEY,YES,generator/Ui-app-DB-json/app/[locale]/premium/page.tsx:56,ca7b5327
sk,/sk/premium/,sk/home.json,body.purchase.premium.printAtHome,Tlač doma,MISSING_KEY,YES,generator/Ui-app-DB-json/app/[locale]/premium/page.tsx:37,ca7b5327
sk,/sk/premium/,sk/home.json,body.purchase.premium.purchaseAria,Kúpiť balík hlavolamov Best of 2026,MISSING_KEY,YES,generator/Ui-app-DB-json/app/[locale]/premium/page.tsx:41,ca7b5327
sk,/sk/purchase/success/,sk/home.json,body.purchase.shared.contactUs,Kontaktujte nás,MISSING_KEY,YES,"generator/Ui-app-DB-json/components/PurchaseDownloadLink.tsx:82,95",ca7b5327
sk,/sk/purchase/success/; /sk/purchase/cancelled/,sk/home.json,body.purchase.shared.returnToPack,Späť na balík hlavolamov,MISSING_KEY,YES,generator/Ui-app-DB-json/components/PurchaseDownloadLink.tsx:67; generator/Ui-app-DB-json/app/[locale]/purchase/cancelled/page.tsx:31,ca7b5327
sk,/sk/purchase/success/,sk/home.json,body.purchase.success.eyebrow,Platba potvrdená,MISSING_KEY,YES,generator/Ui-app-DB-json/app/[locale]/purchase/success/page.tsx:30,ca7b5327
sk,/sk/purchase/success/,sk/home.json,body.purchase.success.lede,Vaša platba bola úspešná. Zobrazenie nákupu vo vašom účte môže trvať niekoľko sekúnd.,MISSING_KEY,YES,generator/Ui-app-DB-json/app/[locale]/purchase/success/page.tsx:32,ca7b5327
sk,/sk/purchase/success/,sk/home.json,body.purchase.success.metaTitle,Ďakujeme za nákup,MISSING_KEY,YES,generator/Ui-app-DB-json/app/[locale]/purchase/success/page.tsx:19,ca7b5327
sl,/sl/purchase/cancelled/,sl/home.json,body.purchase.cancelled.eyebrow,Plačilo ni bilo izvedeno,MISSING_KEY,YES,generator/Ui-app-DB-json/app/[locale]/purchase/cancelled/page.tsx:28,ca7b5327
sl,/sl/purchase/cancelled/,sl/home.json,body.purchase.cancelled.lede,Noben znesek ni bil zaračunan. Znova lahko poskusite kadar koli.,MISSING_KEY,YES,generator/Ui-app-DB-json/app/[locale]/purchase/cancelled/page.tsx:30,ca7b5327
sl,/sl/purchase/cancelled/,sl/home.json,body.purchase.cancelled.metaTitle,Plačilo preklicano,MISSING_KEY,YES,generator/Ui-app-DB-json/app/[locale]/purchase/cancelled/page.tsx:17,ca7b5327
sl,/sl/premium/,sl/home.json,body.purchase.checkout.consent,"Strinjam se s takojšnjo dostavo tega digitalnega PDF-ja in razumem, da je po začetku dostopa nakup dokončen in ni vračljiv, razen kadar to zahteva zakon ali če datoteka ni dostavljena oziroma je pomanjkljiva.",MISSING_KEY,YES,generator/Ui-app-DB-json/components/BuyButton.tsx:50,ca7b5327
sl,/sl/premium/,sl/home.json,body.purchase.checkout.error,Pri zagonu plačila je prišlo do napake. Poskusite znova.,MISSING_KEY,YES,generator/Ui-app-DB-json/components/BuyButton.tsx:57,ca7b5327
sl,/sl/premium/,sl/home.json,body.purchase.checkout.opening,Odpiranje plačila...,MISSING_KEY,YES,generator/Ui-app-DB-json/components/BuyButton.tsx:54,ca7b5327
sl,/sl/premium/,sl/home.json,body.purchase.checkout.refundPolicy,Preberite pravilnik o vračilih,MISSING_KEY,YES,generator/Ui-app-DB-json/components/BuyButton.tsx:50,ca7b5327
sl,/sl/premium/,sl/home.json,body.purchase.checkout.secureNote,"Varno plačilo, ki ga omogoča Stripe. Enkratno plačilo. Brez naročnine.",MISSING_KEY,YES,generator/Ui-app-DB-json/components/BuyButton.tsx:56,ca7b5327
sl,/sl/purchase/success/,sl/home.json,body.purchase.download.button,Prenesite svoj paket ugank,MISSING_KEY,YES,"generator/Ui-app-DB-json/components/PurchaseDownloadLink.tsx:66,76",ca7b5327
sl,/sl/purchase/success/,sl/home.json,body.purchase.download.demoText,Na resničnem zaslonu uspešnega nakupa se tu prikaže gumb za prenos PDF-ja. Lokalna predstavitev ne omogoča dostopa do zasebne datoteke.,MISSING_KEY,YES,generator/Ui-app-DB-json/components/PurchaseDownloadLink.tsx:65,ca7b5327
sl,/sl/purchase/success/,sl/home.json,body.purchase.download.demoTitle,Lokalni preizkus plačila je bil uspešen.,MISSING_KEY,YES,generator/Ui-app-DB-json/components/PurchaseDownloadLink.tsx:64,ca7b5327
sl,/sl/purchase/success/,sl/home.json,body.purchase.download.expires,Ta povezava poteče čez 24 ur. Preneseno datoteko shranite na varno mesto.,MISSING_KEY,YES,generator/Ui-app-DB-json/components/PurchaseDownloadLink.tsx:79,ca7b5327
sl,/sl/purchase/success/,sl/home.json,body.purchase.download.failed,"Vašega nakupa še nismo mogli potrditi. Če vam je bil znesek zaračunan, to stran osvežite čez minuto ali nas kontaktirajte za pomoč.",MISSING_KEY,YES,generator/Ui-app-DB-json/components/PurchaseDownloadLink.tsx:92,ca7b5327
sl,/sl/purchase/success/,sl/home.json,body.purchase.download.preparing,Pripravljamo vaš prenos...,MISSING_KEY,YES,generator/Ui-app-DB-json/components/PurchaseDownloadLink.tsx:102,ca7b5327
sl,/sl/premium/,sl/home.json,body.purchase.premium.benefits.classroomUse,Uporabno doma ali v eni učilnici,MISSING_KEY,YES,generator/Ui-app-DB-json/app/[locale]/premium/page.tsx:71,ca7b5327
sl,/sl/premium/,sl/home.json,body.purchase.premium.benefits.instantAccess,Takojšen dostop po uspešnem plačilu,MISSING_KEY,YES,generator/Ui-app-DB-json/app/[locale]/premium/page.tsx:71,ca7b5327
sl,/sl/premium/,sl/home.json,body.purchase.premium.benefits.kidFriendly,"Uganke, primerne za otroke, z različnimi stopnjami težavnosti",MISSING_KEY,YES,generator/Ui-app-DB-json/app/[locale]/premium/page.tsx:71,ca7b5327
sl,/sl/premium/,sl/home.json,body.purchase.premium.benefits.onePdf,"En priročen PDF, pripravljen za tiskanje",MISSING_KEY,YES,generator/Ui-app-DB-json/app/[locale]/premium/page.tsx:71,ca7b5327
sl,/sl/premium/,sl/home.json,body.purchase.premium.benefits.paperSizes,Deluje na papirju formata US Letter in A4,MISSING_KEY,YES,generator/Ui-app-DB-json/app/[locale]/premium/page.tsx:71,ca7b5327
sl,/sl/premium/,sl/home.json,body.purchase.premium.buyButton,Pridobite paket ugank,MISSING_KEY,YES,generator/Ui-app-DB-json/app/[locale]/premium/page.tsx:60,ca7b5327
sl,/sl/premium/,sl/home.json,body.purchase.premium.coverAlt,Best of 2026 - naslovnica knjige s 25 ugankami poveži pike,MISSING_KEY,YES,generator/Ui-app-DB-json/app/[locale]/premium/page.tsx:45; generator/Ui-app-DB-json/components/BestOf2026BookAd.tsx:12,ca7b5327
sl,/sl/premium/,sl/home.json,body.purchase.premium.detailsEyebrow,Zasnovano za enostavno tiskanje in igro,MISSING_KEY,YES,generator/Ui-app-DB-json/app/[locale]/premium/page.tsx:66,ca7b5327
sl,/sl/premium/,sl/home.json,body.purchase.premium.detailsText,"Prenesite enkrat, imejte pri roki in natisnite dejavnosti, ki jih želite, kadar koli jih potrebujete.",MISSING_KEY,YES,generator/Ui-app-DB-json/app/[locale]/premium/page.tsx:68,ca7b5327
sl,/sl/premium/,sl/home.json,body.purchase.premium.digitalPdf,Digitalni PDF,MISSING_KEY,YES,generator/Ui-app-DB-json/app/[locale]/premium/page.tsx:36,ca7b5327
sl,/sl/premium/,sl/home.json,body.purchase.premium.eyebrow,Premijska zbirka za tiskanje,MISSING_KEY,YES,generator/Ui-app-DB-json/app/[locale]/premium/page.tsx:32,ca7b5327
sl,/sl/premium/,sl/home.json,body.purchase.premium.guaranteeText,Po nakupu se takoj prikaže vaša zasebna povezava za prenos. Brez naročnine in brez presenetljive obnovitve.,MISSING_KEY,YES,generator/Ui-app-DB-json/app/[locale]/premium/page.tsx:76,ca7b5327
sl,/sl/premium/,sl/home.json,body.purchase.premium.instantAccess,Takojšen dostop,MISSING_KEY,YES,generator/Ui-app-DB-json/app/[locale]/premium/page.tsx:38,ca7b5327
sl,/sl/premium/,sl/home.json,body.purchase.premium.lede,"Zbirka Best of 2026 združuje naše najljubše aktivnosti poveži pike v enem enostavno natisljivem paketu – idealno za mirne trenutke, deževne dni, domače šolanje in pouk.",MISSING_KEY,YES,generator/Ui-app-DB-json/app/[locale]/premium/page.tsx:34,ca7b5327
sl,/sl/premium/,sl/home.json,body.purchase.premium.localNote,Na localhostu se odpre varen preizkus plačila in kartica nikoli ni bremenjena.,MISSING_KEY,YES,generator/Ui-app-DB-json/app/[locale]/premium/page.tsx:61,ca7b5327
sl,/sl/premium/,sl/home.json,body.purchase.premium.metaDescription,"Za tisk pripravljena zbirka najljubših otroških ugank poveži pike, združenih v enem priročnem PDF-ju.",MISSING_KEY,YES,generator/Ui-app-DB-json/app/[locale]/premium/page.tsx:18,ca7b5327
sl,/sl/premium/,sl/home.json,body.purchase.premium.metaTitle,Premijski paket Best of 2026 – uganke poveži pike,MISSING_KEY,YES,generator/Ui-app-DB-json/app/[locale]/premium/page.tsx:18,ca7b5327
sl,/sl/premium/,sl/home.json,body.purchase.premium.oneTime,enkratno plačilo,MISSING_KEY,YES,generator/Ui-app-DB-json/app/[locale]/premium/page.tsx:56,ca7b5327
sl,/sl/premium/,sl/home.json,body.purchase.premium.printAtHome,Natisnite doma,MISSING_KEY,YES,generator/Ui-app-DB-json/app/[locale]/premium/page.tsx:37,ca7b5327
sl,/sl/premium/,sl/home.json,body.purchase.premium.purchaseAria,Kupite paket ugank Best of 2026,MISSING_KEY,YES,generator/Ui-app-DB-json/app/[locale]/premium/page.tsx:41,ca7b5327
sl,/sl/purchase/success/,sl/home.json,body.purchase.shared.contactUs,Kontaktirajte nas,MISSING_KEY,YES,"generator/Ui-app-DB-json/components/PurchaseDownloadLink.tsx:82,95",ca7b5327
sl,/sl/purchase/success/; /sl/purchase/cancelled/,sl/home.json,body.purchase.shared.returnToPack,Nazaj na paket ugank,MISSING_KEY,YES,generator/Ui-app-DB-json/components/PurchaseDownloadLink.tsx:67; generator/Ui-app-DB-json/app/[locale]/purchase/cancelled/page.tsx:31,ca7b5327
sl,/sl/purchase/success/,sl/home.json,body.purchase.success.eyebrow,Plačilo potrjeno,MISSING_KEY,YES,generator/Ui-app-DB-json/app/[locale]/purchase/success/page.tsx:30,ca7b5327
sl,/sl/purchase/success/,sl/home.json,body.purchase.success.lede,"Vaše plačilo je bilo uspešno. Nekaj sekund lahko traja, da se nakup prikaže v vašem računu.",MISSING_KEY,YES,generator/Ui-app-DB-json/app/[locale]/purchase/success/page.tsx:32,ca7b5327
sl,/sl/purchase/success/,sl/home.json,body.purchase.success.metaTitle,Hvala za nakup,MISSING_KEY,YES,generator/Ui-app-DB-json/app/[locale]/purchase/success/page.tsx:19,ca7b5327
sv,/sv/purchase/cancelled/,sv/home.json,body.purchase.cancelled.eyebrow,Ingen betalning gjordes,MISSING_KEY,YES,generator/Ui-app-DB-json/app/[locale]/purchase/cancelled/page.tsx:28,ca7b5327
sv,/sv/purchase/cancelled/,sv/home.json,body.purchase.cancelled.lede,Ingen debitering gjordes. Du kan försöka igen när som helst.,MISSING_KEY,YES,generator/Ui-app-DB-json/app/[locale]/purchase/cancelled/page.tsx:30,ca7b5327
sv,/sv/purchase/cancelled/,sv/home.json,body.purchase.cancelled.metaTitle,Betalning avbruten,MISSING_KEY,YES,generator/Ui-app-DB-json/app/[locale]/purchase/cancelled/page.tsx:17,ca7b5327
sv,/sv/premium/,sv/home.json,body.purchase.checkout.consent,"Jag godkänner omedelbar leverans av denna digitala PDF och förstår att köpet är slutgiltigt och inte återbetalningsbart när åtkomsten väl har börjat, förutom där lagen kräver det eller om filen inte levereras eller är felaktig.",MISSING_KEY,YES,generator/Ui-app-DB-json/components/BuyButton.tsx:50,ca7b5327
sv,/sv/premium/,sv/home.json,body.purchase.checkout.error,Något gick fel när betalningen skulle startas. Försök igen.,MISSING_KEY,YES,generator/Ui-app-DB-json/components/BuyButton.tsx:57,ca7b5327
sv,/sv/premium/,sv/home.json,body.purchase.checkout.opening,Öppnar betalningen...,MISSING_KEY,YES,generator/Ui-app-DB-json/components/BuyButton.tsx:54,ca7b5327
sv,/sv/premium/,sv/home.json,body.purchase.checkout.refundPolicy,Läs återbetalningspolicyn,MISSING_KEY,YES,generator/Ui-app-DB-json/components/BuyButton.tsx:50,ca7b5327
sv,/sv/premium/,sv/home.json,body.purchase.checkout.secureNote,Säker betalning via Stripe. Engångsbetalning. Inget abonnemang.,MISSING_KEY,YES,generator/Ui-app-DB-json/components/BuyButton.tsx:56,ca7b5327
sv,/sv/purchase/success/,sv/home.json,body.purchase.download.button,Ladda ner ditt pusselpaket,MISSING_KEY,YES,"generator/Ui-app-DB-json/components/PurchaseDownloadLink.tsx:66,76",ca7b5327
sv,/sv/purchase/success/,sv/home.json,body.purchase.download.demoText,På den riktiga skärmen för lyckat köp visas nedladdningsknappen för PDF:en här. Den lokala demon lämnar inte ut den privata filen.,MISSING_KEY,YES,generator/Ui-app-DB-json/components/PurchaseDownloadLink.tsx:65,ca7b5327
sv,/sv/purchase/success/,sv/home.json,body.purchase.download.demoTitle,Lokalt betalningstest lyckades.,MISSING_KEY,YES,generator/Ui-app-DB-json/components/PurchaseDownloadLink.tsx:64,ca7b5327
sv,/sv/purchase/success/,sv/home.json,body.purchase.download.expires,Den här länken slutar gälla om 24 timmar. Spara din nedladdning på en säker plats.,MISSING_KEY,YES,generator/Ui-app-DB-json/components/PurchaseDownloadLink.tsx:79,ca7b5327
sv,/sv/purchase/success/,sv/home.json,body.purchase.download.failed,Vi kunde inte bekräfta ditt köp ännu. Om du har debiterats kan du uppdatera den här sidan om en minut eller kontakta oss för hjälp.,MISSING_KEY,YES,generator/Ui-app-DB-json/components/PurchaseDownloadLink.tsx:92,ca7b5327
sv,/sv/purchase/success/,sv/home.json,body.purchase.download.preparing,Förbereder din nedladdning...,MISSING_KEY,YES,generator/Ui-app-DB-json/components/PurchaseDownloadLink.tsx:102,ca7b5327
sv,/sv/premium/,sv/home.json,body.purchase.premium.benefits.classroomUse,Kan användas hemma eller i ett klassrum,MISSING_KEY,YES,generator/Ui-app-DB-json/app/[locale]/premium/page.tsx:71,ca7b5327
sv,/sv/premium/,sv/home.json,body.purchase.premium.benefits.instantAccess,Omedelbar åtkomst efter lyckad betalning,MISSING_KEY,YES,generator/Ui-app-DB-json/app/[locale]/premium/page.tsx:71,ca7b5327
sv,/sv/premium/,sv/home.json,body.purchase.premium.benefits.kidFriendly,Barnvänliga pussel med varierande svårighetsgrad,MISSING_KEY,YES,generator/Ui-app-DB-json/app/[locale]/premium/page.tsx:71,ca7b5327
sv,/sv/premium/,sv/home.json,body.purchase.premium.benefits.onePdf,"En praktisk PDF, klar att skriva ut",MISSING_KEY,YES,generator/Ui-app-DB-json/app/[locale]/premium/page.tsx:71,ca7b5327
sv,/sv/premium/,sv/home.json,body.purchase.premium.benefits.paperSizes,Fungerar på US Letter- och A4-papper,MISSING_KEY,YES,generator/Ui-app-DB-json/app/[locale]/premium/page.tsx:71,ca7b5327
sv,/sv/premium/,sv/home.json,body.purchase.premium.buyButton,Skaffa pusselpaketet,MISSING_KEY,YES,generator/Ui-app-DB-json/app/[locale]/premium/page.tsx:60,ca7b5327
sv,/sv/premium/,sv/home.json,body.purchase.premium.coverAlt,Best of 2026 - bokomslag med 25 prick-till-prick-pussel,MISSING_KEY,YES,generator/Ui-app-DB-json/app/[locale]/premium/page.tsx:45; generator/Ui-app-DB-json/components/BestOf2026BookAd.tsx:12,ca7b5327
sv,/sv/premium/,sv/home.json,body.purchase.premium.detailsEyebrow,Skapat för enkel utskrift och lek,MISSING_KEY,YES,generator/Ui-app-DB-json/app/[locale]/premium/page.tsx:66,ca7b5327
sv,/sv/premium/,sv/home.json,body.purchase.premium.detailsText,"Ladda ner en gång, ha det nära till hands och skriv ut de aktiviteter du vill ha när du behöver dem.",MISSING_KEY,YES,generator/Ui-app-DB-json/app/[locale]/premium/page.tsx:68,ca7b5327
sv,/sv/premium/,sv/home.json,body.purchase.premium.digitalPdf,Digital PDF,MISSING_KEY,YES,generator/Ui-app-DB-json/app/[locale]/premium/page.tsx:36,ca7b5327
sv,/sv/premium/,sv/home.json,body.purchase.premium.eyebrow,Utskriftsbar premiumsamling,MISSING_KEY,YES,generator/Ui-app-DB-json/app/[locale]/premium/page.tsx:32,ca7b5327
sv,/sv/premium/,sv/home.json,body.purchase.premium.guaranteeText,Efter köpet visas din privata nedladdningslänk direkt. Inget abonnemang och ingen överraskande förnyelse.,MISSING_KEY,YES,generator/Ui-app-DB-json/app/[locale]/premium/page.tsx:76,ca7b5327
sv,/sv/premium/,sv/home.json,body.purchase.premium.instantAccess,Omedelbar åtkomst,MISSING_KEY,YES,generator/Ui-app-DB-json/app/[locale]/premium/page.tsx:38,ca7b5327
sv,/sv/premium/,sv/home.json,body.purchase.premium.lede,"Best of 2026-samlingen för samman våra favoritaktiviteter med prick-till-prick i ett lättutskrivet paket – perfekt för lugna stunder, regniga dagar, hemundervisning och klassrummet.",MISSING_KEY,YES,generator/Ui-app-DB-json/app/[locale]/premium/page.tsx:34,ca7b5327
sv,/sv/premium/,sv/home.json,body.purchase.premium.localNote,På localhost öppnas en säker betalningsdemo och inget kort belastas någonsin.,MISSING_KEY,YES,generator/Ui-app-DB-json/app/[locale]/premium/page.tsx:61,ca7b5327
sv,/sv/premium/,sv/home.json,body.purchase.premium.metaDescription,"En utskriftsklar samling av barnens favoritpussel att dra streck mellan prickar, samlade i en praktisk PDF.",MISSING_KEY,YES,generator/Ui-app-DB-json/app/[locale]/premium/page.tsx:18,ca7b5327
sv,/sv/premium/,sv/home.json,body.purchase.premium.metaTitle,Best of 2026 Premium prick-till-prick-pusselpaket,MISSING_KEY,YES,generator/Ui-app-DB-json/app/[locale]/premium/page.tsx:18,ca7b5327
sv,/sv/premium/,sv/home.json,body.purchase.premium.oneTime,engångsbetalning,MISSING_KEY,YES,generator/Ui-app-DB-json/app/[locale]/premium/page.tsx:56,ca7b5327
sv,/sv/premium/,sv/home.json,body.purchase.premium.printAtHome,Skriv ut hemma,MISSING_KEY,YES,generator/Ui-app-DB-json/app/[locale]/premium/page.tsx:37,ca7b5327
sv,/sv/premium/,sv/home.json,body.purchase.premium.purchaseAria,Köp pusselpaketet Best of 2026,MISSING_KEY,YES,generator/Ui-app-DB-json/app/[locale]/premium/page.tsx:41,ca7b5327
sv,/sv/purchase/success/,sv/home.json,body.purchase.shared.contactUs,Kontakta oss,MISSING_KEY,YES,"generator/Ui-app-DB-json/components/PurchaseDownloadLink.tsx:82,95",ca7b5327
sv,/sv/purchase/success/; /sv/purchase/cancelled/,sv/home.json,body.purchase.shared.returnToPack,Tillbaka till pusselpaketet,MISSING_KEY,YES,generator/Ui-app-DB-json/components/PurchaseDownloadLink.tsx:67; generator/Ui-app-DB-json/app/[locale]/purchase/cancelled/page.tsx:31,ca7b5327
sv,/sv/purchase/success/,sv/home.json,body.purchase.success.eyebrow,Betalning bekräftad,MISSING_KEY,YES,generator/Ui-app-DB-json/app/[locale]/purchase/success/page.tsx:30,ca7b5327
sv,/sv/purchase/success/,sv/home.json,body.purchase.success.lede,Din betalning genomfördes. Det kan ta några sekunder innan köpet visas på ditt konto.,MISSING_KEY,YES,generator/Ui-app-DB-json/app/[locale]/purchase/success/page.tsx:32,ca7b5327
sv,/sv/purchase/success/,sv/home.json,body.purchase.success.metaTitle,Tack för ditt köp,MISSING_KEY,YES,generator/Ui-app-DB-json/app/[locale]/purchase/success/page.tsx:19,ca7b5327
th,/th/purchase/cancelled/,th/home.json,body.purchase.cancelled.eyebrow,ไม่มีการเรียกเก็บเงิน,MISSING_KEY,YES,generator/Ui-app-DB-json/app/[locale]/purchase/cancelled/page.tsx:28,ca7b5327
th,/th/purchase/cancelled/,th/home.json,body.purchase.cancelled.lede,ไม่มีการเรียกเก็บเงินใด ๆ คุณสามารถลองใหม่ได้ทุกเมื่อ,MISSING_KEY,YES,generator/Ui-app-DB-json/app/[locale]/purchase/cancelled/page.tsx:30,ca7b5327
th,/th/purchase/cancelled/,th/home.json,body.purchase.cancelled.metaTitle,ยกเลิกการชำระเงินแล้ว,MISSING_KEY,YES,generator/Ui-app-DB-json/app/[locale]/purchase/cancelled/page.tsx:17,ca7b5327
th,/th/premium/,th/home.json,body.purchase.checkout.consent,ฉันยินยอมให้จัดส่งไฟล์ PDF ดิจิทัลนี้ทันที และเข้าใจว่าเมื่อเริ่มการเข้าถึงแล้ว การซื้อถือเป็นที่สิ้นสุดและไม่สามารถขอคืนเงินได้ ยกเว้นในกรณีที่กฎหมายกำหนด หรือหากไฟล์ไม่ได้รับการจัดส่งหรือมีข้อบกพร่อง,MISSING_KEY,YES,generator/Ui-app-DB-json/components/BuyButton.tsx:50,ca7b5327
th,/th/premium/,th/home.json,body.purchase.checkout.error,เกิดข้อผิดพลาดขณะเริ่มการชำระเงิน กรุณาลองใหม่อีกครั้ง,MISSING_KEY,YES,generator/Ui-app-DB-json/components/BuyButton.tsx:57,ca7b5327
th,/th/premium/,th/home.json,body.purchase.checkout.opening,กำลังเปิดหน้าชำระเงิน...,MISSING_KEY,YES,generator/Ui-app-DB-json/components/BuyButton.tsx:54,ca7b5327
th,/th/premium/,th/home.json,body.purchase.checkout.refundPolicy,อ่านนโยบายการคืนเงิน,MISSING_KEY,YES,generator/Ui-app-DB-json/components/BuyButton.tsx:50,ca7b5327
th,/th/premium/,th/home.json,body.purchase.checkout.secureNote,ชำระเงินอย่างปลอดภัยด้วยระบบ Stripe ชำระเงินครั้งเดียว ไม่มีการสมัครสมาชิก,MISSING_KEY,YES,generator/Ui-app-DB-json/components/BuyButton.tsx:56,ca7b5327
th,/th/purchase/success/,th/home.json,body.purchase.download.button,ดาวน์โหลดแพ็กปริศนาของคุณ,MISSING_KEY,YES,"generator/Ui-app-DB-json/components/PurchaseDownloadLink.tsx:66,76",ca7b5327
th,/th/purchase/success/,th/home.json,body.purchase.download.demoText,หน้าจอการสั่งซื้อสำเร็จจริงจะแสดงปุ่มดาวน์โหลด PDF ตรงนี้ การสาธิตในเครื่องนี้จะไม่ปล่อยไฟล์ส่วนตัวออกมา,MISSING_KEY,YES,generator/Ui-app-DB-json/components/PurchaseDownloadLink.tsx:65,ca7b5327
th,/th/purchase/success/,th/home.json,body.purchase.download.demoTitle,การทดสอบชำระเงินในเครื่องผ่านเรียบร้อยแล้ว,MISSING_KEY,YES,generator/Ui-app-DB-json/components/PurchaseDownloadLink.tsx:64,ca7b5327
th,/th/purchase/success/,th/home.json,body.purchase.download.expires,ลิงก์นี้จะหมดอายุใน 24 ชั่วโมง กรุณาบันทึกไฟล์ที่ดาวน์โหลดไว้ในที่ปลอดภัย,MISSING_KEY,YES,generator/Ui-app-DB-json/components/PurchaseDownloadLink.tsx:79,ca7b5327
th,/th/purchase/success/,th/home.json,body.purchase.download.failed,เรายังไม่สามารถยืนยันการสั่งซื้อของคุณได้ หากคุณถูกเรียกเก็บเงินแล้ว กรุณารีเฟรชหน้านี้อีกครั้งในอีกหนึ่งนาที หรือติดต่อเราเพื่อขอความช่วยเหลือ,MISSING_KEY,YES,generator/Ui-app-DB-json/components/PurchaseDownloadLink.tsx:92,ca7b5327
th,/th/purchase/success/,th/home.json,body.purchase.download.preparing,กำลังเตรียมไฟล์ดาวน์โหลดของคุณ...,MISSING_KEY,YES,generator/Ui-app-DB-json/components/PurchaseDownloadLink.tsx:102,ca7b5327
th,/th/premium/,th/home.json,body.purchase.premium.benefits.classroomUse,ใช้ได้ที่บ้านหรือในห้องเรียนหนึ่งห้อง,MISSING_KEY,YES,generator/Ui-app-DB-json/app/[locale]/premium/page.tsx:71,ca7b5327
th,/th/premium/,th/home.json,body.purchase.premium.benefits.instantAccess,เข้าถึงได้ทันทีหลังชำระเงินสำเร็จ,MISSING_KEY,YES,generator/Ui-app-DB-json/app/[locale]/premium/page.tsx:71,ca7b5327
th,/th/premium/,th/home.json,body.purchase.premium.benefits.kidFriendly,ปริศนาที่เหมาะกับเด็ก มีระดับความยากหลากหลาย,MISSING_KEY,YES,generator/Ui-app-DB-json/app/[locale]/premium/page.tsx:71,ca7b5327
th,/th/premium/,th/home.json,body.purchase.premium.benefits.onePdf,ไฟล์ PDF ที่สะดวกและพร้อมพิมพ์เพียงไฟล์เดียว,MISSING_KEY,YES,generator/Ui-app-DB-json/app/[locale]/premium/page.tsx:71,ca7b5327
th,/th/premium/,th/home.json,body.purchase.premium.benefits.paperSizes,ใช้ได้กับกระดาษขนาด US Letter และ A4,MISSING_KEY,YES,generator/Ui-app-DB-json/app/[locale]/premium/page.tsx:71,ca7b5327
th,/th/premium/,th/home.json,body.purchase.premium.buyButton,รับแพ็กปริศนา,MISSING_KEY,YES,generator/Ui-app-DB-json/app/[locale]/premium/page.tsx:60,ca7b5327
th,/th/premium/,th/home.json,body.purchase.premium.coverAlt,Best of 2026 - ปกหนังสือปริศนาต่อจุด 25 ข้อ,MISSING_KEY,YES,generator/Ui-app-DB-json/app/[locale]/premium/page.tsx:45; generator/Ui-app-DB-json/components/BestOf2026BookAd.tsx:12,ca7b5327
th,/th/premium/,th/home.json,body.purchase.premium.detailsEyebrow,ออกแบบมาเพื่อการพิมพ์และเล่นง่าย ๆ,MISSING_KEY,YES,generator/Ui-app-DB-json/app/[locale]/premium/page.tsx:66,ca7b5327
th,/th/premium/,th/home.json,body.purchase.premium.detailsText,ดาวน์โหลดเพียงครั้งเดียว เก็บไว้ใช้งานได้ตลอด และพิมพ์กิจกรรมที่ต้องการเมื่อใดก็ได้ที่ต้องการ,MISSING_KEY,YES,generator/Ui-app-DB-json/app/[locale]/premium/page.tsx:68,ca7b5327
th,/th/premium/,th/home.json,body.purchase.premium.digitalPdf,PDF ดิจิทัล,MISSING_KEY,YES,generator/Ui-app-DB-json/app/[locale]/premium/page.tsx:36,ca7b5327
th,/th/premium/,th/home.json,body.purchase.premium.eyebrow,คอลเลกชันพรีเมียมพร้อมพิมพ์,MISSING_KEY,YES,generator/Ui-app-DB-json/app/[locale]/premium/page.tsx:32,ca7b5327
th,/th/premium/,th/home.json,body.purchase.premium.guaranteeText,หลังชำระเงิน ลิงก์ดาวน์โหลดส่วนตัวของคุณจะปรากฏขึ้นทันที ไม่มีการสมัครสมาชิกและไม่มีการต่ออายุที่ไม่คาดคิด,MISSING_KEY,YES,generator/Ui-app-DB-json/app/[locale]/premium/page.tsx:76,ca7b5327
th,/th/premium/,th/home.json,body.purchase.premium.instantAccess,เข้าถึงได้ทันที,MISSING_KEY,YES,generator/Ui-app-DB-json/app/[locale]/premium/page.tsx:38,ca7b5327
th,/th/premium/,th/home.json,body.purchase.premium.lede,คอลเลกชัน Best of 2026 รวบรวมกิจกรรมต่อจุดสุดโปรดของเราไว้ในแพ็กเดียวที่พิมพ์ง่าย เหมาะสำหรับเวลาว่าง วันฝนตก การเรียนที่บ้าน และห้องเรียน,MISSING_KEY,YES,generator/Ui-app-DB-json/app/[locale]/premium/page.tsx:34,ca7b5327
th,/th/premium/,th/home.json,body.purchase.premium.localNote,บน localhost หน้านี้จะเปิดการทดสอบชำระเงินแบบปลอดภัยและจะไม่มีการเรียกเก็บเงินจากบัตรใด ๆ เลย,MISSING_KEY,YES,generator/Ui-app-DB-json/app/[locale]/premium/page.tsx:61,ca7b5327
th,/th/premium/,th/home.json,body.purchase.premium.metaDescription,คอลเลกชันปริศนาต่อจุดสุดโปรดของเด็ก ๆ ที่พร้อมพิมพ์ รวมไว้ในไฟล์ PDF เดียวที่สะดวกสบาย,MISSING_KEY,YES,generator/Ui-app-DB-json/app/[locale]/premium/page.tsx:18,ca7b5327
th,/th/premium/,th/home.json,body.purchase.premium.metaTitle,แพ็กปริศนาต่อจุดพรีเมียม Best of 2026,MISSING_KEY,YES,generator/Ui-app-DB-json/app/[locale]/premium/page.tsx:18,ca7b5327
th,/th/premium/,th/home.json,body.purchase.premium.oneTime,ชำระครั้งเดียว,MISSING_KEY,YES,generator/Ui-app-DB-json/app/[locale]/premium/page.tsx:56,ca7b5327
th,/th/premium/,th/home.json,body.purchase.premium.printAtHome,พิมพ์ที่บ้าน,MISSING_KEY,YES,generator/Ui-app-DB-json/app/[locale]/premium/page.tsx:37,ca7b5327
th,/th/premium/,th/home.json,body.purchase.premium.purchaseAria,ซื้อแพ็กปริศนา Best of 2026,MISSING_KEY,YES,generator/Ui-app-DB-json/app/[locale]/premium/page.tsx:41,ca7b5327
th,/th/purchase/success/,th/home.json,body.purchase.shared.contactUs,ติดต่อเรา,MISSING_KEY,YES,"generator/Ui-app-DB-json/components/PurchaseDownloadLink.tsx:82,95",ca7b5327
th,/th/purchase/success/; /th/purchase/cancelled/,th/home.json,body.purchase.shared.returnToPack,กลับไปยังแพ็กปริศนา,MISSING_KEY,YES,generator/Ui-app-DB-json/components/PurchaseDownloadLink.tsx:67; generator/Ui-app-DB-json/app/[locale]/purchase/cancelled/page.tsx:31,ca7b5327
th,/th/purchase/success/,th/home.json,body.purchase.success.eyebrow,ยืนยันการชำระเงินแล้ว,MISSING_KEY,YES,generator/Ui-app-DB-json/app/[locale]/purchase/success/page.tsx:30,ca7b5327
th,/th/purchase/success/,th/home.json,body.purchase.success.lede,การชำระเงินของคุณสำเร็จแล้ว อาจต้องใช้เวลาสักครู่ก่อนที่การสั่งซื้อจะปรากฏในบัญชีของคุณ,MISSING_KEY,YES,generator/Ui-app-DB-json/app/[locale]/purchase/success/page.tsx:32,ca7b5327
th,/th/purchase/success/,th/home.json,body.purchase.success.metaTitle,ขอบคุณสำหรับการสั่งซื้อของคุณ,MISSING_KEY,YES,generator/Ui-app-DB-json/app/[locale]/purchase/success/page.tsx:19,ca7b5327
tr,/tr/purchase/cancelled/,tr/home.json,body.purchase.cancelled.eyebrow,Herhangi bir ödeme alınmadı,MISSING_KEY,YES,generator/Ui-app-DB-json/app/[locale]/purchase/cancelled/page.tsx:28,ca7b5327
tr,/tr/purchase/cancelled/,tr/home.json,body.purchase.cancelled.lede,Herhangi bir ücret tahsil edilmedi. Dilediğiniz zaman tekrar deneyebilirsiniz.,MISSING_KEY,YES,generator/Ui-app-DB-json/app/[locale]/purchase/cancelled/page.tsx:30,ca7b5327
tr,/tr/purchase/cancelled/,tr/home.json,body.purchase.cancelled.metaTitle,Ödeme İptal Edildi,MISSING_KEY,YES,generator/Ui-app-DB-json/app/[locale]/purchase/cancelled/page.tsx:17,ca7b5327
tr,/tr/premium/,tr/home.json,body.purchase.checkout.consent,"Bu dijital PDF'in anında teslim edilmesini kabul ediyorum ve erişim başladıktan sonra, yasa gereği zorunlu olmadıkça veya dosya teslim edilmez ya da kusurlu olmadıkça satışın kesin ve iade edilemez olduğunu anlıyorum.",MISSING_KEY,YES,generator/Ui-app-DB-json/components/BuyButton.tsx:50,ca7b5327
tr,/tr/premium/,tr/home.json,body.purchase.checkout.error,Ödeme başlatılırken bir şeyler ters gitti. Lütfen tekrar deneyin.,MISSING_KEY,YES,generator/Ui-app-DB-json/components/BuyButton.tsx:57,ca7b5327
tr,/tr/premium/,tr/home.json,body.purchase.checkout.opening,Ödeme sayfası açılıyor...,MISSING_KEY,YES,generator/Ui-app-DB-json/components/BuyButton.tsx:54,ca7b5327
tr,/tr/premium/,tr/home.json,body.purchase.checkout.refundPolicy,İade politikasını okuyun,MISSING_KEY,YES,generator/Ui-app-DB-json/components/BuyButton.tsx:50,ca7b5327
tr,/tr/premium/,tr/home.json,body.purchase.checkout.secureNote,Stripe tarafından desteklenen güvenli ödeme. Tek seferlik ödeme. Abonelik yok.,MISSING_KEY,YES,generator/Ui-app-DB-json/components/BuyButton.tsx:56,ca7b5327
tr,/tr/purchase/success/,tr/home.json,body.purchase.download.button,Bulmaca paketinizi indirin,MISSING_KEY,YES,"generator/Ui-app-DB-json/components/PurchaseDownloadLink.tsx:66,76",ca7b5327
tr,/tr/purchase/success/,tr/home.json,body.purchase.download.demoText,"Gerçek başarılı ödeme ekranında PDF indirme düğmesi burada gösterilir. Yerel demo, özel dosyayı paylaşıma açmaz.",MISSING_KEY,YES,generator/Ui-app-DB-json/components/PurchaseDownloadLink.tsx:65,ca7b5327
tr,/tr/purchase/success/,tr/home.json,body.purchase.download.demoTitle,Yerel ödeme testi başarılı oldu.,MISSING_KEY,YES,generator/Ui-app-DB-json/components/PurchaseDownloadLink.tsx:64,ca7b5327
tr,/tr/purchase/success/,tr/home.json,body.purchase.download.expires,Bu bağlantının süresi 24 saat içinde dolar. İndirdiğiniz dosyayı güvenli bir yerde saklayın.,MISSING_KEY,YES,generator/Ui-app-DB-json/components/PurchaseDownloadLink.tsx:79,ca7b5327
tr,/tr/purchase/success/,tr/home.json,body.purchase.download.failed,Satın alma işleminizi henüz onaylayamadık. Ücret tahsil edildiyse lütfen bir dakika sonra bu sayfayı yenileyin veya yardım için bizimle iletişime geçin.,MISSING_KEY,YES,generator/Ui-app-DB-json/components/PurchaseDownloadLink.tsx:92,ca7b5327
tr,/tr/purchase/success/,tr/home.json,body.purchase.download.preparing,İndirmeniz hazırlanıyor...,MISSING_KEY,YES,generator/Ui-app-DB-json/components/PurchaseDownloadLink.tsx:102,ca7b5327
tr,/tr/premium/,tr/home.json,body.purchase.premium.benefits.classroomUse,Evde veya tek bir sınıfta kullanılabilir,MISSING_KEY,YES,generator/Ui-app-DB-json/app/[locale]/premium/page.tsx:71,ca7b5327
tr,/tr/premium/,tr/home.json,body.purchase.premium.benefits.instantAccess,Başarılı ödemenin ardından anında erişim,MISSING_KEY,YES,generator/Ui-app-DB-json/app/[locale]/premium/page.tsx:71,ca7b5327
tr,/tr/premium/,tr/home.json,body.purchase.premium.benefits.kidFriendly,Farklı zorluk seviyelerinde çocuk dostu bulmacalar,MISSING_KEY,YES,generator/Ui-app-DB-json/app/[locale]/premium/page.tsx:71,ca7b5327
tr,/tr/premium/,tr/home.json,body.purchase.premium.benefits.onePdf,"Tek, pratik ve baskıya hazır bir PDF",MISSING_KEY,YES,generator/Ui-app-DB-json/app/[locale]/premium/page.tsx:71,ca7b5327
tr,/tr/premium/,tr/home.json,body.purchase.premium.benefits.paperSizes,US Letter ve A4 kağıt boyutlarıyla uyumlu,MISSING_KEY,YES,generator/Ui-app-DB-json/app/[locale]/premium/page.tsx:71,ca7b5327
tr,/tr/premium/,tr/home.json,body.purchase.premium.buyButton,Bulmaca paketini edinin,MISSING_KEY,YES,generator/Ui-app-DB-json/app/[locale]/premium/page.tsx:60,ca7b5327
tr,/tr/premium/,tr/home.json,body.purchase.premium.coverAlt,Best of 2026 - 25 Noktaları Birleştir Bulmacası kitap kapağı,MISSING_KEY,YES,generator/Ui-app-DB-json/app/[locale]/premium/page.tsx:45; generator/Ui-app-DB-json/components/BestOf2026BookAd.tsx:12,ca7b5327
tr,/tr/premium/,tr/home.json,body.purchase.premium.detailsEyebrow,Kolay yazdırma ve oynama için tasarlandı,MISSING_KEY,YES,generator/Ui-app-DB-json/app/[locale]/premium/page.tsx:66,ca7b5327
tr,/tr/premium/,tr/home.json,body.purchase.premium.detailsText,"Bir kez indirin, elinizin altında bulundurun ve ihtiyaç duyduğunuzda istediğiniz etkinlikleri yazdırın.",MISSING_KEY,YES,generator/Ui-app-DB-json/app/[locale]/premium/page.tsx:68,ca7b5327
tr,/tr/premium/,tr/home.json,body.purchase.premium.digitalPdf,Dijital PDF,MISSING_KEY,YES,generator/Ui-app-DB-json/app/[locale]/premium/page.tsx:36,ca7b5327
tr,/tr/premium/,tr/home.json,body.purchase.premium.eyebrow,Baskıya uygun premium koleksiyon,MISSING_KEY,YES,generator/Ui-app-DB-json/app/[locale]/premium/page.tsx:32,ca7b5327
tr,/tr/premium/,tr/home.json,body.purchase.premium.guaranteeText,"Ödeme sonrasında özel indirme bağlantınız hemen görünür. Abonelik yok, sürpriz yenileme yok.",MISSING_KEY,YES,generator/Ui-app-DB-json/app/[locale]/premium/page.tsx:76,ca7b5327
tr,/tr/premium/,tr/home.json,body.purchase.premium.instantAccess,Anında erişim,MISSING_KEY,YES,generator/Ui-app-DB-json/app/[locale]/premium/page.tsx:38,ca7b5327
tr,/tr/premium/,tr/home.json,body.purchase.premium.lede,"Best of 2026 koleksiyonu, en sevdiğimiz noktaları birleştir etkinliklerini sakin anlar, yağmurlu günler, ev okulu ve sınıflar için kolayca yazdırılabilen tek bir pakette bir araya getiriyor.",MISSING_KEY,YES,generator/Ui-app-DB-json/app/[locale]/premium/page.tsx:34,ca7b5327
tr,/tr/premium/,tr/home.json,body.purchase.premium.localNote,"Localhost üzerinde bu, güvenli bir ödeme demosu açar ve hiçbir zaman karttan ücret çekmez.",MISSING_KEY,YES,generator/Ui-app-DB-json/app/[locale]/premium/page.tsx:61,ca7b5327
tr,/tr/premium/,tr/home.json,body.purchase.premium.metaDescription,"Çocukların en sevdiği noktaları birleştir bulmacalarının, tek ve pratik bir PDF içinde toplanmış, baskıya hazır koleksiyonu.",MISSING_KEY,YES,generator/Ui-app-DB-json/app/[locale]/premium/page.tsx:18,ca7b5327
tr,/tr/premium/,tr/home.json,body.purchase.premium.metaTitle,Best of 2026 Premium Noktaları Birleştir Bulmaca Paketi,MISSING_KEY,YES,generator/Ui-app-DB-json/app/[locale]/premium/page.tsx:18,ca7b5327
tr,/tr/premium/,tr/home.json,body.purchase.premium.oneTime,tek seferlik,MISSING_KEY,YES,generator/Ui-app-DB-json/app/[locale]/premium/page.tsx:56,ca7b5327
tr,/tr/premium/,tr/home.json,body.purchase.premium.printAtHome,Evde yazdırın,MISSING_KEY,YES,generator/Ui-app-DB-json/app/[locale]/premium/page.tsx:37,ca7b5327
tr,/tr/premium/,tr/home.json,body.purchase.premium.purchaseAria,Best of 2026 bulmaca paketini satın alın,MISSING_KEY,YES,generator/Ui-app-DB-json/app/[locale]/premium/page.tsx:41,ca7b5327
tr,/tr/purchase/success/,tr/home.json,body.purchase.shared.contactUs,Bize ulaşın,MISSING_KEY,YES,"generator/Ui-app-DB-json/components/PurchaseDownloadLink.tsx:82,95",ca7b5327
tr,/tr/purchase/success/; /tr/purchase/cancelled/,tr/home.json,body.purchase.shared.returnToPack,Bulmaca paketine dön,MISSING_KEY,YES,generator/Ui-app-DB-json/components/PurchaseDownloadLink.tsx:67; generator/Ui-app-DB-json/app/[locale]/purchase/cancelled/page.tsx:31,ca7b5327
tr,/tr/purchase/success/,tr/home.json,body.purchase.success.eyebrow,Ödeme onaylandı,MISSING_KEY,YES,generator/Ui-app-DB-json/app/[locale]/purchase/success/page.tsx:30,ca7b5327
tr,/tr/purchase/success/,tr/home.json,body.purchase.success.lede,Ödemeniz başarılı oldu. Satın alma işleminizin hesabınızda görünmesi birkaç saniye sürebilir.,MISSING_KEY,YES,generator/Ui-app-DB-json/app/[locale]/purchase/success/page.tsx:32,ca7b5327
tr,/tr/purchase/success/,tr/home.json,body.purchase.success.metaTitle,Satın Aldığınız İçin Teşekkürler,MISSING_KEY,YES,generator/Ui-app-DB-json/app/[locale]/purchase/success/page.tsx:19,ca7b5327
uk,/uk/purchase/cancelled/,uk/home.json,body.purchase.cancelled.eyebrow,Списання коштів не відбулося,MISSING_KEY,YES,generator/Ui-app-DB-json/app/[locale]/purchase/cancelled/page.tsx:28,ca7b5327
uk,/uk/purchase/cancelled/,uk/home.json,body.purchase.cancelled.lede,Кошти не були списані. Ви можете спробувати ще раз у будь-який час.,MISSING_KEY,YES,generator/Ui-app-DB-json/app/[locale]/purchase/cancelled/page.tsx:30,ca7b5327
uk,/uk/purchase/cancelled/,uk/home.json,body.purchase.cancelled.metaTitle,Оформлення оплати скасовано,MISSING_KEY,YES,generator/Ui-app-DB-json/app/[locale]/purchase/cancelled/page.tsx:17,ca7b5327
uk,/uk/premium/,uk/home.json,body.purchase.checkout.consent,"Я погоджуюсь на негайну доставку цього цифрового PDF-файлу та розумію, що після початку доступу покупка є остаточною і не підлягає поверненню, окрім випадків, передбачених законом, або якщо файл не доставлено чи він містить дефект.",MISSING_KEY,YES,generator/Ui-app-DB-json/components/BuyButton.tsx:50,ca7b5327
uk,/uk/premium/,uk/home.json,body.purchase.checkout.error,"Під час запуску оплати щось пішло не так. Будь ласка, спробуйте ще раз.",MISSING_KEY,YES,generator/Ui-app-DB-json/components/BuyButton.tsx:57,ca7b5327
uk,/uk/premium/,uk/home.json,body.purchase.checkout.opening,Відкривається оформлення оплати...,MISSING_KEY,YES,generator/Ui-app-DB-json/components/BuyButton.tsx:54,ca7b5327
uk,/uk/premium/,uk/home.json,body.purchase.checkout.refundPolicy,Прочитати політику повернення коштів,MISSING_KEY,YES,generator/Ui-app-DB-json/components/BuyButton.tsx:50,ca7b5327
uk,/uk/premium/,uk/home.json,body.purchase.checkout.secureNote,Безпечна оплата через Stripe. Одноразовий платіж. Без підписки.,MISSING_KEY,YES,generator/Ui-app-DB-json/components/BuyButton.tsx:56,ca7b5327
uk,/uk/purchase/success/,uk/home.json,body.purchase.download.button,Завантажити набір головоломок,MISSING_KEY,YES,"generator/Ui-app-DB-json/components/PurchaseDownloadLink.tsx:66,76",ca7b5327
uk,/uk/purchase/success/,uk/home.json,body.purchase.download.demoText,На справжньому екрані успішної покупки тут відображається кнопка завантаження PDF. Локальна демо-версія не надає доступ до приватного файлу.,MISSING_KEY,YES,generator/Ui-app-DB-json/components/PurchaseDownloadLink.tsx:65,ca7b5327
uk,/uk/purchase/success/,uk/home.json,body.purchase.download.demoTitle,Локальний тест оплати пройдено успішно.,MISSING_KEY,YES,generator/Ui-app-DB-json/components/PurchaseDownloadLink.tsx:64,ca7b5327
uk,/uk/purchase/success/,uk/home.json,body.purchase.download.expires,Термін дії цього посилання закінчується через 24 години. Збережіть завантажений файл у надійному місці.,MISSING_KEY,YES,generator/Ui-app-DB-json/components/PurchaseDownloadLink.tsx:79,ca7b5327
uk,/uk/purchase/success/,uk/home.json,body.purchase.download.failed,"Ми ще не змогли підтвердити вашу покупку. Якщо кошти було списано, оновіть цю сторінку за хвилину або зв'яжіться з нами для допомоги.",MISSING_KEY,YES,generator/Ui-app-DB-json/components/PurchaseDownloadLink.tsx:92,ca7b5327
uk,/uk/purchase/success/,uk/home.json,body.purchase.download.preparing,Підготовка вашого завантаження...,MISSING_KEY,YES,generator/Ui-app-DB-json/components/PurchaseDownloadLink.tsx:102,ca7b5327
uk,/uk/premium/,uk/home.json,body.purchase.premium.benefits.classroomUse,Можна використовувати вдома або в одному класі,MISSING_KEY,YES,generator/Ui-app-DB-json/app/[locale]/premium/page.tsx:71,ca7b5327
uk,/uk/premium/,uk/home.json,body.purchase.premium.benefits.instantAccess,Миттєвий доступ після успішної оплати,MISSING_KEY,YES,generator/Ui-app-DB-json/app/[locale]/premium/page.tsx:71,ca7b5327
uk,/uk/premium/,uk/home.json,body.purchase.premium.benefits.kidFriendly,Головоломки для дітей із різним рівнем складності,MISSING_KEY,YES,generator/Ui-app-DB-json/app/[locale]/premium/page.tsx:71,ca7b5327
uk,/uk/premium/,uk/home.json,body.purchase.premium.benefits.onePdf,"Один зручний PDF-файл, готовий до друку",MISSING_KEY,YES,generator/Ui-app-DB-json/app/[locale]/premium/page.tsx:71,ca7b5327
uk,/uk/premium/,uk/home.json,body.purchase.premium.benefits.paperSizes,Підходить для паперу форматів US Letter та A4,MISSING_KEY,YES,generator/Ui-app-DB-json/app/[locale]/premium/page.tsx:71,ca7b5327
uk,/uk/premium/,uk/home.json,body.purchase.premium.buyButton,Отримати набір головоломок,MISSING_KEY,YES,generator/Ui-app-DB-json/app/[locale]/premium/page.tsx:60,ca7b5327
uk,/uk/premium/,uk/home.json,body.purchase.premium.coverAlt,Best of 2026 - обкладинка книги з 25 головоломками «з'єднай крапки»,MISSING_KEY,YES,generator/Ui-app-DB-json/app/[locale]/premium/page.tsx:45; generator/Ui-app-DB-json/components/BestOf2026BookAd.tsx:12,ca7b5327
uk,/uk/premium/,uk/home.json,body.purchase.premium.detailsEyebrow,Створено для легкого друку та гри,MISSING_KEY,YES,generator/Ui-app-DB-json/app/[locale]/premium/page.tsx:66,ca7b5327
uk,/uk/premium/,uk/home.json,body.purchase.premium.detailsText,"Завантажте один раз, тримайте під рукою і друкуйте потрібні завдання щоразу, коли вони знадобляться.",MISSING_KEY,YES,generator/Ui-app-DB-json/app/[locale]/premium/page.tsx:68,ca7b5327
uk,/uk/premium/,uk/home.json,body.purchase.premium.digitalPdf,Цифровий PDF,MISSING_KEY,YES,generator/Ui-app-DB-json/app/[locale]/premium/page.tsx:36,ca7b5327
uk,/uk/premium/,uk/home.json,body.purchase.premium.eyebrow,Преміальна колекція для друку,MISSING_KEY,YES,generator/Ui-app-DB-json/app/[locale]/premium/page.tsx:32,ca7b5327
uk,/uk/premium/,uk/home.json,body.purchase.premium.guaranteeText,Після оплати одразу з'являється ваше приватне посилання для завантаження. Без підписки та без несподіваного продовження.,MISSING_KEY,YES,generator/Ui-app-DB-json/app/[locale]/premium/page.tsx:76,ca7b5327
uk,/uk/premium/,uk/home.json,body.purchase.premium.instantAccess,Миттєвий доступ,MISSING_KEY,YES,generator/Ui-app-DB-json/app/[locale]/premium/page.tsx:38,ca7b5327
uk,/uk/premium/,uk/home.json,body.purchase.premium.lede,"Колекція Best of 2026 об'єднує наші улюблені завдання «з'єднай крапки» в одному легкому для друку наборі — ідеально для спокійних хвилин, дощових днів, домашнього навчання та класу.",MISSING_KEY,YES,generator/Ui-app-DB-json/app/[locale]/premium/page.tsx:34,ca7b5327
uk,/uk/premium/,uk/home.json,body.purchase.premium.localNote,"На localhost відкривається безпечна демо-версія оплати, і кошти з картки ніколи не списуються.",MISSING_KEY,YES,generator/Ui-app-DB-json/app/[locale]/premium/page.tsx:61,ca7b5327
uk,/uk/premium/,uk/home.json,body.purchase.premium.metaDescription,"Готова до друку колекція улюблених дитячих головоломок «з'єднай крапки», зібрана в одному зручному PDF-файлі.",MISSING_KEY,YES,generator/Ui-app-DB-json/app/[locale]/premium/page.tsx:18,ca7b5327
uk,/uk/premium/,uk/home.json,body.purchase.premium.metaTitle,Преміум-набір головоломок «З'єднай крапки» Best of 2026,MISSING_KEY,YES,generator/Ui-app-DB-json/app/[locale]/premium/page.tsx:18,ca7b5327
uk,/uk/premium/,uk/home.json,body.purchase.premium.oneTime,одноразовий платіж,MISSING_KEY,YES,generator/Ui-app-DB-json/app/[locale]/premium/page.tsx:56,ca7b5327
uk,/uk/premium/,uk/home.json,body.purchase.premium.printAtHome,Друк удома,MISSING_KEY,YES,generator/Ui-app-DB-json/app/[locale]/premium/page.tsx:37,ca7b5327
uk,/uk/premium/,uk/home.json,body.purchase.premium.purchaseAria,Придбати набір головоломок Best of 2026,MISSING_KEY,YES,generator/Ui-app-DB-json/app/[locale]/premium/page.tsx:41,ca7b5327
uk,/uk/purchase/success/,uk/home.json,body.purchase.shared.contactUs,Зв'язатися з нами,MISSING_KEY,YES,"generator/Ui-app-DB-json/components/PurchaseDownloadLink.tsx:82,95",ca7b5327
uk,/uk/purchase/success/; /uk/purchase/cancelled/,uk/home.json,body.purchase.shared.returnToPack,Повернутися до набору головоломок,MISSING_KEY,YES,generator/Ui-app-DB-json/components/PurchaseDownloadLink.tsx:67; generator/Ui-app-DB-json/app/[locale]/purchase/cancelled/page.tsx:31,ca7b5327
uk,/uk/purchase/success/,uk/home.json,body.purchase.success.eyebrow,Оплату підтверджено,MISSING_KEY,YES,generator/Ui-app-DB-json/app/[locale]/purchase/success/page.tsx:30,ca7b5327
uk,/uk/purchase/success/,uk/home.json,body.purchase.success.lede,"Ваш платіж успішно виконано. Може знадобитися кілька секунд, перш ніж покупка з'явиться у вашому обліковому записі.",MISSING_KEY,YES,generator/Ui-app-DB-json/app/[locale]/purchase/success/page.tsx:32,ca7b5327
uk,/uk/purchase/success/,uk/home.json,body.purchase.success.metaTitle,Дякуємо за покупку,MISSING_KEY,YES,generator/Ui-app-DB-json/app/[locale]/purchase/success/page.tsx:19,ca7b5327
vi,/vi/purchase/cancelled/,vi/home.json,body.purchase.cancelled.eyebrow,Không có khoản thanh toán nào được thực hiện,MISSING_KEY,YES,generator/Ui-app-DB-json/app/[locale]/purchase/cancelled/page.tsx:28,ca7b5327
vi,/vi/purchase/cancelled/,vi/home.json,body.purchase.cancelled.lede,Không có khoản phí nào được tính. Bạn có thể thử lại bất cứ lúc nào.,MISSING_KEY,YES,generator/Ui-app-DB-json/app/[locale]/purchase/cancelled/page.tsx:30,ca7b5327
vi,/vi/purchase/cancelled/,vi/home.json,body.purchase.cancelled.metaTitle,Đã Hủy Thanh Toán,MISSING_KEY,YES,generator/Ui-app-DB-json/app/[locale]/purchase/cancelled/page.tsx:17,ca7b5327
vi,/vi/premium/,vi/home.json,body.purchase.checkout.consent,"Tôi đồng ý với việc giao ngay file PDF kỹ thuật số này và hiểu rằng, sau khi quyền truy cập bắt đầu, giao dịch mua là cuối cùng và không được hoàn tiền, trừ khi pháp luật yêu cầu hoặc nếu tệp không được giao hoặc bị lỗi.",MISSING_KEY,YES,generator/Ui-app-DB-json/components/BuyButton.tsx:50,ca7b5327
vi,/vi/premium/,vi/home.json,body.purchase.checkout.error,Đã xảy ra sự cố khi bắt đầu thanh toán. Vui lòng thử lại.,MISSING_KEY,YES,generator/Ui-app-DB-json/components/BuyButton.tsx:57,ca7b5327
vi,/vi/premium/,vi/home.json,body.purchase.checkout.opening,Đang mở trang thanh toán...,MISSING_KEY,YES,generator/Ui-app-DB-json/components/BuyButton.tsx:54,ca7b5327
vi,/vi/premium/,vi/home.json,body.purchase.checkout.refundPolicy,Đọc chính sách hoàn tiền,MISSING_KEY,YES,generator/Ui-app-DB-json/components/BuyButton.tsx:50,ca7b5327
vi,/vi/premium/,vi/home.json,body.purchase.checkout.secureNote,Thanh toán an toàn được hỗ trợ bởi Stripe. Thanh toán một lần. Không có đăng ký thuê bao.,MISSING_KEY,YES,generator/Ui-app-DB-json/components/BuyButton.tsx:56,ca7b5327
vi,/vi/purchase/success/,vi/home.json,body.purchase.download.button,Tải xuống gói câu đố của bạn,MISSING_KEY,YES,"generator/Ui-app-DB-json/components/PurchaseDownloadLink.tsx:66,76",ca7b5327
vi,/vi/purchase/success/,vi/home.json,body.purchase.download.demoText,Màn hình thành công thực tế sẽ hiển thị nút tải xuống PDF tại đây. Bản demo cục bộ này không phát hành tệp riêng tư.,MISSING_KEY,YES,generator/Ui-app-DB-json/components/PurchaseDownloadLink.tsx:65,ca7b5327
vi,/vi/purchase/success/,vi/home.json,body.purchase.download.demoTitle,Thử nghiệm thanh toán cục bộ đã thành công.,MISSING_KEY,YES,generator/Ui-app-DB-json/components/PurchaseDownloadLink.tsx:64,ca7b5327
vi,/vi/purchase/success/,vi/home.json,body.purchase.download.expires,Liên kết này sẽ hết hạn sau 24 giờ. Hãy lưu tệp đã tải xuống của bạn ở nơi an toàn.,MISSING_KEY,YES,generator/Ui-app-DB-json/components/PurchaseDownloadLink.tsx:79,ca7b5327
vi,/vi/purchase/success/,vi/home.json,body.purchase.download.failed,"Chúng tôi chưa thể xác nhận giao dịch mua của bạn. Nếu bạn đã bị tính phí, vui lòng làm mới trang này sau một phút hoặc liên hệ với chúng tôi để được trợ giúp.",MISSING_KEY,YES,generator/Ui-app-DB-json/components/PurchaseDownloadLink.tsx:92,ca7b5327
vi,/vi/purchase/success/,vi/home.json,body.purchase.download.preparing,Đang chuẩn bị tệp tải xuống của bạn...,MISSING_KEY,YES,generator/Ui-app-DB-json/components/PurchaseDownloadLink.tsx:102,ca7b5327
vi,/vi/premium/,vi/home.json,body.purchase.premium.benefits.classroomUse,Có thể sử dụng tại nhà hoặc trong một lớp học,MISSING_KEY,YES,generator/Ui-app-DB-json/app/[locale]/premium/page.tsx:71,ca7b5327
vi,/vi/premium/,vi/home.json,body.purchase.premium.benefits.instantAccess,Truy cập tức thì sau khi thanh toán thành công,MISSING_KEY,YES,generator/Ui-app-DB-json/app/[locale]/premium/page.tsx:71,ca7b5327
vi,/vi/premium/,vi/home.json,body.purchase.premium.benefits.kidFriendly,"Câu đố thân thiện với trẻ em, có nhiều mức độ khó khác nhau",MISSING_KEY,YES,generator/Ui-app-DB-json/app/[locale]/premium/page.tsx:71,ca7b5327
vi,/vi/premium/,vi/home.json,body.purchase.premium.benefits.onePdf,"Một file PDF tiện lợi, sẵn sàng để in",MISSING_KEY,YES,generator/Ui-app-DB-json/app/[locale]/premium/page.tsx:71,ca7b5327
vi,/vi/premium/,vi/home.json,body.purchase.premium.benefits.paperSizes,Phù hợp với giấy khổ US Letter và A4,MISSING_KEY,YES,generator/Ui-app-DB-json/app/[locale]/premium/page.tsx:71,ca7b5327
vi,/vi/premium/,vi/home.json,body.purchase.premium.buyButton,Nhận gói câu đố,MISSING_KEY,YES,generator/Ui-app-DB-json/app/[locale]/premium/page.tsx:60,ca7b5327
vi,/vi/premium/,vi/home.json,body.purchase.premium.coverAlt,Best of 2026 - Bìa sách 25 câu đố Nối Điểm,MISSING_KEY,YES,generator/Ui-app-DB-json/app/[locale]/premium/page.tsx:45; generator/Ui-app-DB-json/components/BestOf2026BookAd.tsx:12,ca7b5327
vi,/vi/premium/,vi/home.json,body.purchase.premium.detailsEyebrow,Được thiết kế để in và chơi dễ dàng,MISSING_KEY,YES,generator/Ui-app-DB-json/app/[locale]/premium/page.tsx:66,ca7b5327
vi,/vi/premium/,vi/home.json,body.purchase.premium.detailsText,"Tải xuống một lần, giữ sẵn bên mình và in những hoạt động bạn muốn bất cứ khi nào cần.",MISSING_KEY,YES,generator/Ui-app-DB-json/app/[locale]/premium/page.tsx:68,ca7b5327
vi,/vi/premium/,vi/home.json,body.purchase.premium.digitalPdf,PDF kỹ thuật số,MISSING_KEY,YES,generator/Ui-app-DB-json/app/[locale]/premium/page.tsx:36,ca7b5327
vi,/vi/premium/,vi/home.json,body.purchase.premium.eyebrow,Bộ sưu tập premium có thể in,MISSING_KEY,YES,generator/Ui-app-DB-json/app/[locale]/premium/page.tsx:32,ca7b5327
vi,/vi/premium/,vi/home.json,body.purchase.premium.guaranteeText,"Sau khi thanh toán, liên kết tải xuống riêng của bạn sẽ xuất hiện ngay lập tức. Không cần đăng ký thuê bao và không có gia hạn bất ngờ.",MISSING_KEY,YES,generator/Ui-app-DB-json/app/[locale]/premium/page.tsx:76,ca7b5327
vi,/vi/premium/,vi/home.json,body.purchase.premium.instantAccess,Truy cập tức thì,MISSING_KEY,YES,generator/Ui-app-DB-json/app/[locale]/premium/page.tsx:38,ca7b5327
vi,/vi/premium/,vi/home.json,body.purchase.premium.lede,"Bộ sưu tập Best of 2026 tập hợp những hoạt động nối điểm yêu thích của chúng tôi vào một gói dễ in, phù hợp cho giờ nghỉ ngơi, ngày mưa, học tại nhà và lớp học.",MISSING_KEY,YES,generator/Ui-app-DB-json/app/[locale]/premium/page.tsx:34,ca7b5327
vi,/vi/premium/,vi/home.json,body.purchase.premium.localNote,"Trên localhost, thao tác này sẽ mở một bản demo thanh toán an toàn và không bao giờ tính phí bất kỳ thẻ nào.",MISSING_KEY,YES,generator/Ui-app-DB-json/app/[locale]/premium/page.tsx:61,ca7b5327
vi,/vi/premium/,vi/home.json,body.purchase.premium.metaDescription,"Bộ sưu tập sẵn sàng để in gồm những câu đố nối điểm được trẻ em yêu thích nhất, gộp chung trong một file PDF tiện lợi.",MISSING_KEY,YES,generator/Ui-app-DB-json/app/[locale]/premium/page.tsx:18,ca7b5327
vi,/vi/premium/,vi/home.json,body.purchase.premium.metaTitle,Gói Premium Best of 2026 Câu Đố Nối Điểm,MISSING_KEY,YES,generator/Ui-app-DB-json/app/[locale]/premium/page.tsx:18,ca7b5327
vi,/vi/premium/,vi/home.json,body.purchase.premium.oneTime,thanh toán một lần,MISSING_KEY,YES,generator/Ui-app-DB-json/app/[locale]/premium/page.tsx:56,ca7b5327
vi,/vi/premium/,vi/home.json,body.purchase.premium.printAtHome,In tại nhà,MISSING_KEY,YES,generator/Ui-app-DB-json/app/[locale]/premium/page.tsx:37,ca7b5327
vi,/vi/premium/,vi/home.json,body.purchase.premium.purchaseAria,Mua gói câu đố Best of 2026,MISSING_KEY,YES,generator/Ui-app-DB-json/app/[locale]/premium/page.tsx:41,ca7b5327
vi,/vi/purchase/success/,vi/home.json,body.purchase.shared.contactUs,Liên hệ với chúng tôi,MISSING_KEY,YES,"generator/Ui-app-DB-json/components/PurchaseDownloadLink.tsx:82,95",ca7b5327
vi,/vi/purchase/success/; /vi/purchase/cancelled/,vi/home.json,body.purchase.shared.returnToPack,Quay lại gói câu đố,MISSING_KEY,YES,generator/Ui-app-DB-json/components/PurchaseDownloadLink.tsx:67; generator/Ui-app-DB-json/app/[locale]/purchase/cancelled/page.tsx:31,ca7b5327
vi,/vi/purchase/success/,vi/home.json,body.purchase.success.eyebrow,Đã xác nhận thanh toán,MISSING_KEY,YES,generator/Ui-app-DB-json/app/[locale]/purchase/success/page.tsx:30,ca7b5327
vi,/vi/purchase/success/,vi/home.json,body.purchase.success.lede,Thanh toán của bạn đã thành công. Có thể mất vài giây để giao dịch mua hiển thị trong tài khoản của bạn.,MISSING_KEY,YES,generator/Ui-app-DB-json/app/[locale]/purchase/success/page.tsx:32,ca7b5327
vi,/vi/purchase/success/,vi/home.json,body.purchase.success.metaTitle,Cảm Ơn Bạn Đã Mua Hàng,MISSING_KEY,YES,generator/Ui-app-DB-json/app/[locale]/purchase/success/page.tsx:19,ca7b5327
