locale,file,key,pattern,status,used_in_code,code_location,previous_value
ar,home.json,body.purchase.premium.metaTitle,body.purchase.premium,MISSING_KEY,YES,generator/Ui-app-DB-json/app/[locale]/premium/page.tsx; generator/Ui-app-DB-json/app/[locale]/purchase/cancelled/page.tsx,أفضل مجموعة ألغاز نقطة إلى نقطة المميزة لعام 2026
ar,home.json,body.purchase.premium.metaDescription,body.purchase.premium,MISSING_KEY,YES,generator/Ui-app-DB-json/app/[locale]/premium/page.tsx,مجموعة جاهزة للطباعة من أفضل ألغاز نقطة إلى نقطة للأطفال، مجمّعة في ملف PDF واحد مناسب.
ar,home.json,body.purchase.premium.eyebrow,body.purchase.premium,MISSING_KEY,YES,generator/Ui-app-DB-json/app/[locale]/blog/page.tsx; generator/Ui-app-DB-json/app/[locale]/blog/[slug]/page.tsx,مجموعة طباعة مميزة
ar,home.json,body.purchase.premium.lede,body.purchase.premium,MISSING_KEY,YES,generator/Ui-app-DB-json/app/[locale]/premium/page.tsx; generator/Ui-app-DB-json/app/[locale]/purchase/cancelled/page.tsx,تجمع مجموعة أفضل ما في 2026 أنشطة توصيل النقاط المفضلة لدينا في حزمة واحدة سهلة الطباعة لوقت الهدوء والأيام الممطرة والتعليم المنزلي والفصول الدراسية.
ar,home.json,body.purchase.premium.digitalPdf,body.purchase.premium,MISSING_KEY,YES,generator/Ui-app-DB-json/app/[locale]/premium/page.tsx,ملف PDF رقمي
ar,home.json,body.purchase.premium.printAtHome,body.purchase.premium,MISSING_KEY,YES,generator/Ui-app-DB-json/app/[locale]/premium/page.tsx,اطبع في المنزل
ar,home.json,body.purchase.premium.instantAccess,body.purchase.premium,MISSING_KEY,YES,generator/Ui-app-DB-json/app/[locale]/premium/page.tsx,وصول فوري
ar,home.json,body.purchase.premium.purchaseAria,body.purchase.premium,MISSING_KEY,YES,generator/Ui-app-DB-json/app/[locale]/premium/page.tsx,شراء حزمة ألغاز أفضل ما في 2026
ar,home.json,body.purchase.premium.coverAlt,body.purchase.premium,MISSING_KEY,YES,generator/Ui-app-DB-json/app/[locale]/premium/page.tsx; generator/Ui-app-DB-json/components/BestOf2026BookAd.tsx,أفضل ما في 2026 - غلاف كتاب 25 لغز نقطة إلى نقطة
ar,home.json,body.purchase.premium.oneTime,body.purchase.premium,MISSING_KEY,YES,generator/Ui-app-DB-json/app/[locale]/premium/page.tsx,دفعة واحدة
ar,home.json,body.purchase.premium.buyButton,body.purchase.premium,MISSING_KEY,YES,generator/Ui-app-DB-json/app/[locale]/premium/page.tsx,احصل على حزمة الألغاز
ar,home.json,body.purchase.premium.localNote,body.purchase.premium,MISSING_KEY,YES,generator/Ui-app-DB-json/app/[locale]/premium/page.tsx,على المضيف المحلي، يفتح هذا عرضاً تجريبياً آمناً للدفع ولا يخصم أي مبلغ من البطاقة أبداً.
ar,home.json,body.purchase.premium.detailsEyebrow,body.purchase.premium,MISSING_KEY,YES,generator/Ui-app-DB-json/app/[locale]/premium/page.tsx,مصمم للطباعة واللعب بسهولة
ar,home.json,body.purchase.premium.detailsText,body.purchase.premium,MISSING_KEY,YES,generator/Ui-app-DB-json/app/[locale]/premium/page.tsx,حمّل مرة واحدة، احتفظ به في متناول يدك، واطبع الأنشطة التي تريدها متى شئت.
ar,home.json,body.purchase.premium.benefits.onePdf,body.purchase.premium,MISSING_KEY,YES,generator/Ui-app-DB-json/app/[locale]/premium/page.tsx,ملف PDF واحد مناسب وجاهز للطباعة
ar,home.json,body.purchase.premium.benefits.kidFriendly,body.purchase.premium,MISSING_KEY,YES,generator/Ui-app-DB-json/app/[locale]/premium/page.tsx,ألغاز مناسبة للأطفال بمستويات صعوبة متنوعة
ar,home.json,body.purchase.premium.benefits.paperSizes,body.purchase.premium,MISSING_KEY,YES,generator/Ui-app-DB-json/app/[locale]/premium/page.tsx,يعمل على ورق US Letter و A4
ar,home.json,body.purchase.premium.benefits.instantAccess,body.purchase.premium,MISSING_KEY,YES,generator/Ui-app-DB-json/app/[locale]/premium/page.tsx,وصول فوري بعد نجاح الدفع
ar,home.json,body.purchase.premium.benefits.classroomUse,body.purchase.premium,MISSING_KEY,YES,generator/Ui-app-DB-json/app/[locale]/premium/page.tsx,للاستخدام في المنزل أو في فصل دراسي واحد
ar,home.json,body.purchase.premium.guaranteeText,body.purchase.premium,MISSING_KEY,YES,generator/Ui-app-DB-json/app/[locale]/premium/page.tsx,بعد إتمام الدفع، يظهر رابط التنزيل الخاص بك فوراً. بدون اشتراك وبدون تجديد مفاجئ.
ar,home.json,body.purchase.checkout.consent,body.purchase.checkout,MISSING_KEY,YES,generator/Ui-app-DB-json/components/BuyButton.tsx,أوافق على التسليم الفوري لهذا الملف الرقمي وأدرك أنه بمجرد بدء الوصول، تكون عملية البيع نهائية وغير قابلة للاسترداد إلا في الحالات التي يقتضيها القانون أو إذا لم يتم تسليم الملف أو كان معيباً.
ar,home.json,body.purchase.checkout.refundPolicy,body.purchase.checkout,MISSING_KEY,YES,generator/Ui-app-DB-json/components/BuyButton.tsx,اقرأ سياسة الاسترداد
ar,home.json,body.purchase.checkout.opening,body.purchase.checkout,MISSING_KEY,YES,generator/Ui-app-DB-json/components/BuyButton.tsx,جارٍ فتح صفحة الدفع...
ar,home.json,body.purchase.checkout.secureNote,body.purchase.checkout,MISSING_KEY,YES,generator/Ui-app-DB-json/components/BuyButton.tsx,الدفع الآمن بواسطة Stripe. دفعة واحدة. بدون اشتراك.
ar,home.json,body.purchase.checkout.error,body.purchase.checkout,MISSING_KEY,YES,generator/Ui-app-DB-json/components/BrowserErrorTracker.tsx; generator/Ui-app-DB-json/components/BuyButton.tsx,حدث خطأ ما أثناء بدء الدفع. يرجى المحاولة مرة أخرى.
ar,home.json,body.purchase.success.metaTitle,body.purchase.success,MISSING_KEY,YES,generator/Ui-app-DB-json/app/[locale]/premium/page.tsx; generator/Ui-app-DB-json/app/[locale]/purchase/cancelled/page.tsx,شكراً على شرائك
ar,home.json,body.purchase.success.eyebrow,body.purchase.success,MISSING_KEY,YES,generator/Ui-app-DB-json/app/[locale]/blog/page.tsx; generator/Ui-app-DB-json/app/[locale]/blog/[slug]/page.tsx,تم تأكيد الدفع
ar,home.json,body.purchase.success.lede,body.purchase.success,MISSING_KEY,YES,generator/Ui-app-DB-json/app/[locale]/premium/page.tsx; generator/Ui-app-DB-json/app/[locale]/purchase/cancelled/page.tsx,تمت عملية الدفع بنجاح. قد يستغرق ظهور عملية الشراء في حسابك بضع ثوانٍ.
ar,home.json,body.purchase.cancelled.metaTitle,body.purchase.cancelled,MISSING_KEY,YES,generator/Ui-app-DB-json/app/[locale]/premium/page.tsx; generator/Ui-app-DB-json/app/[locale]/purchase/cancelled/page.tsx,تم إلغاء الدفع
ar,home.json,body.purchase.cancelled.eyebrow,body.purchase.cancelled,MISSING_KEY,YES,generator/Ui-app-DB-json/app/[locale]/blog/page.tsx; generator/Ui-app-DB-json/app/[locale]/blog/[slug]/page.tsx,لم يتم خصم أي مبلغ
ar,home.json,body.purchase.cancelled.lede,body.purchase.cancelled,MISSING_KEY,YES,generator/Ui-app-DB-json/app/[locale]/premium/page.tsx; generator/Ui-app-DB-json/app/[locale]/purchase/cancelled/page.tsx,لم يتم خصم أي رسوم. يمكنك المحاولة مرة أخرى في أي وقت.
ar,home.json,body.purchase.download.demoTitle,body.purchase.download,MISSING_KEY,YES,generator/Ui-app-DB-json/components/PurchaseDownloadLink.tsx,اجتاز اختبار الدفع المحلي.
ar,home.json,body.purchase.download.demoText,body.purchase.download,MISSING_KEY,YES,generator/Ui-app-DB-json/components/PurchaseDownloadLink.tsx,تعرض شاشة النجاح الحقيقية للدفع المدفوع زر تنزيل ملف PDF هنا. لا يقوم العرض التجريبي المحلي بإطلاق الملف الخاص.
ar,home.json,body.purchase.download.button,body.purchase.download,MISSING_KEY,YES,generator/Ui-app-DB-json/components/BuyButton.tsx; generator/Ui-app-DB-json/components/CategoryMenu.tsx,نزّل حزمة الألغاز الخاصة بك
ar,home.json,body.purchase.download.expires,body.purchase.download,MISSING_KEY,YES,generator/Ui-app-DB-json/components/PurchaseDownloadLink.tsx,تنتهي صلاحية هذا الرابط خلال 24 ساعة. احفظ التنزيل في مكان آمن.
ar,home.json,body.purchase.download.failed,body.purchase.download,MISSING_KEY,YES,generator/Ui-app-DB-json/components/PurchaseDownloadLink.tsx,لم نتمكن من تأكيد عملية الشراء بعد. إذا تم خصم المبلغ، يرجى تحديث هذه الصفحة بعد دقيقة أو التواصل معنا للمساعدة.
ar,home.json,body.purchase.download.preparing,body.purchase.download,MISSING_KEY,YES,generator/Ui-app-DB-json/components/PurchaseDownloadLink.tsx,جارٍ تجهيز التنزيل الخاص بك...
ar,home.json,body.purchase.shared.returnToPack,body.purchase.shared,MISSING_KEY,YES,generator/Ui-app-DB-json/app/[locale]/purchase/cancelled/page.tsx; generator/Ui-app-DB-json/components/PurchaseDownloadLink.tsx,العودة إلى حزمة الألغاز
ar,home.json,body.purchase.shared.contactUs,body.purchase.shared,MISSING_KEY,YES,generator/Ui-app-DB-json/components/PurchaseDownloadLink.tsx,تواصل معنا
az,home.json,body.purchase.premium.metaTitle,body.purchase.premium,MISSING_KEY,YES,generator/Ui-app-DB-json/app/[locale]/premium/page.tsx; generator/Ui-app-DB-json/app/[locale]/purchase/cancelled/page.tsx,2026-nın ən yaxşı Premium Nöqtədən Nöqtəyə Tapmaca Paketi
az,home.json,body.purchase.premium.metaDescription,body.purchase.premium,MISSING_KEY,YES,generator/Ui-app-DB-json/app/[locale]/premium/page.tsx,"Uşaqlar üçün ən sevilən nöqtədən nöqtəyə tapmacaların çap üçün hazır toplusu, bir rahat PDF-də toplanıb."
az,home.json,body.purchase.premium.eyebrow,body.purchase.premium,MISSING_KEY,YES,generator/Ui-app-DB-json/app/[locale]/blog/page.tsx; generator/Ui-app-DB-json/app/[locale]/blog/[slug]/page.tsx,Premium çap kolleksiyası
az,home.json,body.purchase.premium.lede,body.purchase.premium,MISSING_KEY,YES,generator/Ui-app-DB-json/app/[locale]/premium/page.tsx; generator/Ui-app-DB-json/app/[locale]/purchase/cancelled/page.tsx,"2026-nın ən yaxşıları kolleksiyası sevimli nöqtə-birləşdirmə fəaliyyətlərimizi sakit vaxt, yağışlı günlər, ev təhsili və siniflər üçün asan çap edilə bilən bir paketdə birləşdirir."
az,home.json,body.purchase.premium.digitalPdf,body.purchase.premium,MISSING_KEY,YES,generator/Ui-app-DB-json/app/[locale]/premium/page.tsx,Rəqəmsal PDF
az,home.json,body.purchase.premium.printAtHome,body.purchase.premium,MISSING_KEY,YES,generator/Ui-app-DB-json/app/[locale]/premium/page.tsx,Evdə çap et
az,home.json,body.purchase.premium.instantAccess,body.purchase.premium,MISSING_KEY,YES,generator/Ui-app-DB-json/app/[locale]/premium/page.tsx,Ani giriş
az,home.json,body.purchase.premium.purchaseAria,body.purchase.premium,MISSING_KEY,YES,generator/Ui-app-DB-json/app/[locale]/premium/page.tsx,2026-nın ən yaxşısı tapmaca paketini satın al
az,home.json,body.purchase.premium.coverAlt,body.purchase.premium,MISSING_KEY,YES,generator/Ui-app-DB-json/app/[locale]/premium/page.tsx; generator/Ui-app-DB-json/components/BestOf2026BookAd.tsx,2026-nın ən yaxşısı - 25 Nöqtədən Nöqtəyə Tapmaca kitab üzlüyü
az,home.json,body.purchase.premium.oneTime,body.purchase.premium,MISSING_KEY,YES,generator/Ui-app-DB-json/app/[locale]/premium/page.tsx,birdəfəlik
az,home.json,body.purchase.premium.buyButton,body.purchase.premium,MISSING_KEY,YES,generator/Ui-app-DB-json/app/[locale]/premium/page.tsx,Tapmaca paketini əldə et
az,home.json,body.purchase.premium.localNote,body.purchase.premium,MISSING_KEY,YES,generator/Ui-app-DB-json/app/[locale]/premium/page.tsx,"Localhost-da bu, təhlükəsiz ödəniş demosunu açır və heç vaxt karta pul yazmır."
az,home.json,body.purchase.premium.detailsEyebrow,body.purchase.premium,MISSING_KEY,YES,generator/Ui-app-DB-json/app/[locale]/premium/page.tsx,Asan çap-və-oyna üçün hazırlanıb
az,home.json,body.purchase.premium.detailsText,body.purchase.premium,MISSING_KEY,YES,generator/Ui-app-DB-json/app/[locale]/premium/page.tsx,"Bir dəfə yüklə, əldə saxla və istədiyin fəaliyyətləri istədiyin zaman çap et."
az,home.json,body.purchase.premium.benefits.onePdf,body.purchase.premium,MISSING_KEY,YES,generator/Ui-app-DB-json/app/[locale]/premium/page.tsx,"Bir rahat, çapa hazır PDF"
az,home.json,body.purchase.premium.benefits.kidFriendly,body.purchase.premium,MISSING_KEY,YES,generator/Ui-app-DB-json/app/[locale]/premium/page.tsx,Müxtəlif çətinlik dərəcəli uşaq dostu tapmacalar
az,home.json,body.purchase.premium.benefits.paperSizes,body.purchase.premium,MISSING_KEY,YES,generator/Ui-app-DB-json/app/[locale]/premium/page.tsx,US Letter və A4 kağızlarında işləyir
az,home.json,body.purchase.premium.benefits.instantAccess,body.purchase.premium,MISSING_KEY,YES,generator/Ui-app-DB-json/app/[locale]/premium/page.tsx,Uğurlu ödənişdən sonra ani giriş
az,home.json,body.purchase.premium.benefits.classroomUse,body.purchase.premium,MISSING_KEY,YES,generator/Ui-app-DB-json/app/[locale]/premium/page.tsx,Evdə və ya bir sinifdə istifadə üçün
az,home.json,body.purchase.premium.guaranteeText,body.purchase.premium,MISSING_KEY,YES,generator/Ui-app-DB-json/app/[locale]/premium/page.tsx,Ödənişdən sonra şəxsi endirmə linkiniz dərhal görünür. Abunəlik və gözlənilməz yenilənmə yoxdur.
az,home.json,body.purchase.checkout.consent,body.purchase.checkout,MISSING_KEY,YES,generator/Ui-app-DB-json/components/BuyButton.tsx,Bu rəqəmsal PDF-in dərhal çatdırılmasına razıyam və girişin başlamasından sonra satışın qanunla tələb olunmadıqca və ya fayl çatdırılmadıqda və ya qüsurlu olduqda son və geri qaytarılmaz olduğunu anlayıram.
az,home.json,body.purchase.checkout.refundPolicy,body.purchase.checkout,MISSING_KEY,YES,generator/Ui-app-DB-json/components/BuyButton.tsx,Geri qaytarma siyasətini oxu
az,home.json,body.purchase.checkout.opening,body.purchase.checkout,MISSING_KEY,YES,generator/Ui-app-DB-json/components/BuyButton.tsx,Ödəniş açılır...
az,home.json,body.purchase.checkout.secureNote,body.purchase.checkout,MISSING_KEY,YES,generator/Ui-app-DB-json/components/BuyButton.tsx,Stripe tərəfindən təmin edilən təhlükəsiz ödəniş. Birdəfəlik ödəniş. Abunəlik yoxdur.
az,home.json,body.purchase.checkout.error,body.purchase.checkout,MISSING_KEY,YES,generator/Ui-app-DB-json/components/BrowserErrorTracker.tsx; generator/Ui-app-DB-json/components/BuyButton.tsx,Ödəniş başladılarkən xəta baş verdi. Yenidən cəhd edin.
az,home.json,body.purchase.success.metaTitle,body.purchase.success,MISSING_KEY,YES,generator/Ui-app-DB-json/app/[locale]/premium/page.tsx; generator/Ui-app-DB-json/app/[locale]/purchase/cancelled/page.tsx,Alışınız üçün təşəkkürlər
az,home.json,body.purchase.success.eyebrow,body.purchase.success,MISSING_KEY,YES,generator/Ui-app-DB-json/app/[locale]/blog/page.tsx; generator/Ui-app-DB-json/app/[locale]/blog/[slug]/page.tsx,Ödəniş təsdiqləndi
az,home.json,body.purchase.success.lede,body.purchase.success,MISSING_KEY,YES,generator/Ui-app-DB-json/app/[locale]/premium/page.tsx; generator/Ui-app-DB-json/app/[locale]/purchase/cancelled/page.tsx,Ödənişiniz uğurlu oldu. Alışınızın hesabınızda görünməsi bir neçə saniyə çəkə bilər.
az,home.json,body.purchase.cancelled.metaTitle,body.purchase.cancelled,MISSING_KEY,YES,generator/Ui-app-DB-json/app/[locale]/premium/page.tsx; generator/Ui-app-DB-json/app/[locale]/purchase/cancelled/page.tsx,Ödəniş ləğv edildi
az,home.json,body.purchase.cancelled.eyebrow,body.purchase.cancelled,MISSING_KEY,YES,generator/Ui-app-DB-json/app/[locale]/blog/page.tsx; generator/Ui-app-DB-json/app/[locale]/blog/[slug]/page.tsx,Ödəniş alınmadı
az,home.json,body.purchase.cancelled.lede,body.purchase.cancelled,MISSING_KEY,YES,generator/Ui-app-DB-json/app/[locale]/premium/page.tsx; generator/Ui-app-DB-json/app/[locale]/purchase/cancelled/page.tsx,Heç bir ödəniş edilmədi. İstənilən vaxt yenidən cəhd edə bilərsiniz.
az,home.json,body.purchase.download.demoTitle,body.purchase.download,MISSING_KEY,YES,generator/Ui-app-DB-json/components/PurchaseDownloadLink.tsx,Yerli ödəniş testi keçdi.
az,home.json,body.purchase.download.demoText,body.purchase.download,MISSING_KEY,YES,generator/Ui-app-DB-json/components/PurchaseDownloadLink.tsx,Əsl ödənişli uğur ekranı burada PDF endirmə düyməsini göstərir. Yerli demo şəxsi faylı buraxmır.
az,home.json,body.purchase.download.button,body.purchase.download,MISSING_KEY,YES,generator/Ui-app-DB-json/components/BuyButton.tsx; generator/Ui-app-DB-json/components/CategoryMenu.tsx,Tapmaca paketinizi endirin
az,home.json,body.purchase.download.expires,body.purchase.download,MISSING_KEY,YES,generator/Ui-app-DB-json/components/PurchaseDownloadLink.tsx,Bu link 24 saatdan sonra bitir. Endirdiyinizi təhlükəsiz yerdə saxlayın.
az,home.json,body.purchase.download.failed,body.purchase.download,MISSING_KEY,YES,generator/Ui-app-DB-json/components/PurchaseDownloadLink.tsx,"Alışınızı hələ təsdiqləyə bilmədik. Əgər ödəniş edilibsə, bir dəqiqədən sonra bu səhifəni yeniləyin və ya kömək üçün bizimlə əlaqə saxlayın."
az,home.json,body.purchase.download.preparing,body.purchase.download,MISSING_KEY,YES,generator/Ui-app-DB-json/components/PurchaseDownloadLink.tsx,Endirməniz hazırlanır...
az,home.json,body.purchase.shared.returnToPack,body.purchase.shared,MISSING_KEY,YES,generator/Ui-app-DB-json/app/[locale]/purchase/cancelled/page.tsx; generator/Ui-app-DB-json/components/PurchaseDownloadLink.tsx,Tapmaca paketinə qayıt
az,home.json,body.purchase.shared.contactUs,body.purchase.shared,MISSING_KEY,YES,generator/Ui-app-DB-json/components/PurchaseDownloadLink.tsx,Bizimlə əlaqə
cs,home.json,body.purchase.premium.metaTitle,body.purchase.premium,MISSING_KEY,YES,generator/Ui-app-DB-json/app/[locale]/premium/page.tsx; generator/Ui-app-DB-json/app/[locale]/purchase/cancelled/page.tsx,Nejlepší prémiový balíček spojovaček z roku 2026
cs,home.json,body.purchase.premium.metaDescription,body.purchase.premium,MISSING_KEY,YES,generator/Ui-app-DB-json/app/[locale]/premium/page.tsx,K tisku připravená kolekce oblíbených spojovaček pro děti v jednom praktickém PDF.
cs,home.json,body.purchase.premium.eyebrow,body.purchase.premium,MISSING_KEY,YES,generator/Ui-app-DB-json/app/[locale]/blog/page.tsx; generator/Ui-app-DB-json/app/[locale]/blog/[slug]/page.tsx,Prémiová tisková kolekce
cs,home.json,body.purchase.premium.lede,body.purchase.premium,MISSING_KEY,YES,generator/Ui-app-DB-json/app/[locale]/premium/page.tsx; generator/Ui-app-DB-json/app/[locale]/purchase/cancelled/page.tsx,"Kolekce Nejlepší z roku 2026 přináší naše oblíbené spojovačky v jednom snadno tisknutelném balíčku na klidné chvíle, deštivé dny, domácí výuku i školní třídy."
cs,home.json,body.purchase.premium.digitalPdf,body.purchase.premium,MISSING_KEY,YES,generator/Ui-app-DB-json/app/[locale]/premium/page.tsx,Digitální PDF
cs,home.json,body.purchase.premium.printAtHome,body.purchase.premium,MISSING_KEY,YES,generator/Ui-app-DB-json/app/[locale]/premium/page.tsx,Tisk doma
cs,home.json,body.purchase.premium.instantAccess,body.purchase.premium,MISSING_KEY,YES,generator/Ui-app-DB-json/app/[locale]/premium/page.tsx,Okamžitý přístup
cs,home.json,body.purchase.premium.purchaseAria,body.purchase.premium,MISSING_KEY,YES,generator/Ui-app-DB-json/app/[locale]/premium/page.tsx,Zakoupit balíček hádanek Nejlepší z roku 2026
cs,home.json,body.purchase.premium.coverAlt,body.purchase.premium,MISSING_KEY,YES,generator/Ui-app-DB-json/app/[locale]/premium/page.tsx; generator/Ui-app-DB-json/components/BestOf2026BookAd.tsx,Nejlepší z roku 2026 - obálka knihy s 25 spojovačkami
cs,home.json,body.purchase.premium.oneTime,body.purchase.premium,MISSING_KEY,YES,generator/Ui-app-DB-json/app/[locale]/premium/page.tsx,jednorázově
cs,home.json,body.purchase.premium.buyButton,body.purchase.premium,MISSING_KEY,YES,generator/Ui-app-DB-json/app/[locale]/premium/page.tsx,Získat balíček hádanek
cs,home.json,body.purchase.premium.localNote,body.purchase.premium,MISSING_KEY,YES,generator/Ui-app-DB-json/app/[locale]/premium/page.tsx,Na localhostu se otevře bezpečné demo pokladny a karta nikdy nebude zatížena.
cs,home.json,body.purchase.premium.detailsEyebrow,body.purchase.premium,MISSING_KEY,YES,generator/Ui-app-DB-json/app/[locale]/premium/page.tsx,Navrženo pro snadný tisk a hraní
cs,home.json,body.purchase.premium.detailsText,body.purchase.premium,MISSING_KEY,YES,generator/Ui-app-DB-json/app/[locale]/premium/page.tsx,"Stáhněte jednou, mějte po ruce a vytiskněte si aktivity, kdykoli je potřebujete."
cs,home.json,body.purchase.premium.benefits.onePdf,body.purchase.premium,MISSING_KEY,YES,generator/Ui-app-DB-json/app/[locale]/premium/page.tsx,"Jedno praktické, k tisku připravené PDF"
cs,home.json,body.purchase.premium.benefits.kidFriendly,body.purchase.premium,MISSING_KEY,YES,generator/Ui-app-DB-json/app/[locale]/premium/page.tsx,Hádanky pro děti s různou obtížností
cs,home.json,body.purchase.premium.benefits.paperSizes,body.purchase.premium,MISSING_KEY,YES,generator/Ui-app-DB-json/app/[locale]/premium/page.tsx,Funguje na papíru US Letter i A4
cs,home.json,body.purchase.premium.benefits.instantAccess,body.purchase.premium,MISSING_KEY,YES,generator/Ui-app-DB-json/app/[locale]/premium/page.tsx,Okamžitý přístup po úspěšné platbě
cs,home.json,body.purchase.premium.benefits.classroomUse,body.purchase.premium,MISSING_KEY,YES,generator/Ui-app-DB-json/app/[locale]/premium/page.tsx,Použití doma nebo v jedné třídě
cs,home.json,body.purchase.premium.guaranteeText,body.purchase.premium,MISSING_KEY,YES,generator/Ui-app-DB-json/app/[locale]/premium/page.tsx,Po dokončení objednávky se okamžitě zobrazí váš soukromý odkaz ke stažení. Žádné předplatné ani nečekané obnovení.
cs,home.json,body.purchase.checkout.consent,body.purchase.checkout,MISSING_KEY,YES,generator/Ui-app-DB-json/components/BuyButton.tsx,"Souhlasím s okamžitým doručením tohoto digitálního PDF a rozumím, že jakmile přístup začne, prodej je konečný a nevratný, s výjimkou případů vyžadovaných zákonem nebo pokud soubor nebyl doručen či je vadný."
cs,home.json,body.purchase.checkout.refundPolicy,body.purchase.checkout,MISSING_KEY,YES,generator/Ui-app-DB-json/components/BuyButton.tsx,Přečíst zásady vracení peněz
cs,home.json,body.purchase.checkout.opening,body.purchase.checkout,MISSING_KEY,YES,generator/Ui-app-DB-json/components/BuyButton.tsx,Otevírání pokladny...
cs,home.json,body.purchase.checkout.secureNote,body.purchase.checkout,MISSING_KEY,YES,generator/Ui-app-DB-json/components/BuyButton.tsx,Bezpečná platba zajištěná společností Stripe. Jednorázová platba. Bez předplatného.
cs,home.json,body.purchase.checkout.error,body.purchase.checkout,MISSING_KEY,YES,generator/Ui-app-DB-json/components/BrowserErrorTracker.tsx; generator/Ui-app-DB-json/components/BuyButton.tsx,Při zahájení platby došlo k chybě. Zkuste to prosím znovu.
cs,home.json,body.purchase.success.metaTitle,body.purchase.success,MISSING_KEY,YES,generator/Ui-app-DB-json/app/[locale]/premium/page.tsx; generator/Ui-app-DB-json/app/[locale]/purchase/cancelled/page.tsx,Děkujeme za váš nákup
cs,home.json,body.purchase.success.eyebrow,body.purchase.success,MISSING_KEY,YES,generator/Ui-app-DB-json/app/[locale]/blog/page.tsx; generator/Ui-app-DB-json/app/[locale]/blog/[slug]/page.tsx,Platba potvrzena
cs,home.json,body.purchase.success.lede,body.purchase.success,MISSING_KEY,YES,generator/Ui-app-DB-json/app/[locale]/premium/page.tsx; generator/Ui-app-DB-json/app/[locale]/purchase/cancelled/page.tsx,Vaše platba byla úspěšná. Zobrazení nákupu ve vašem účtu může trvat několik sekund.
cs,home.json,body.purchase.cancelled.metaTitle,body.purchase.cancelled,MISSING_KEY,YES,generator/Ui-app-DB-json/app/[locale]/premium/page.tsx; generator/Ui-app-DB-json/app/[locale]/purchase/cancelled/page.tsx,Platba zrušena
cs,home.json,body.purchase.cancelled.eyebrow,body.purchase.cancelled,MISSING_KEY,YES,generator/Ui-app-DB-json/app/[locale]/blog/page.tsx; generator/Ui-app-DB-json/app/[locale]/blog/[slug]/page.tsx,Žádná platba nebyla provedena
cs,home.json,body.purchase.cancelled.lede,body.purchase.cancelled,MISSING_KEY,YES,generator/Ui-app-DB-json/app/[locale]/premium/page.tsx; generator/Ui-app-DB-json/app/[locale]/purchase/cancelled/page.tsx,Nebyl účtován žádný poplatek. Můžete to kdykoli zkusit znovu.
cs,home.json,body.purchase.download.demoTitle,body.purchase.download,MISSING_KEY,YES,generator/Ui-app-DB-json/components/PurchaseDownloadLink.tsx,Místní test pokladny byl úspěšný.
cs,home.json,body.purchase.download.demoText,body.purchase.download,MISSING_KEY,YES,generator/Ui-app-DB-json/components/PurchaseDownloadLink.tsx,Skutečná placená obrazovka úspěchu zde zobrazuje tlačítko pro stažení PDF. Místní demo neuvolní soukromý soubor.
cs,home.json,body.purchase.download.button,body.purchase.download,MISSING_KEY,YES,generator/Ui-app-DB-json/components/BuyButton.tsx; generator/Ui-app-DB-json/components/CategoryMenu.tsx,Stáhnout váš balíček hádanek
cs,home.json,body.purchase.download.expires,body.purchase.download,MISSING_KEY,YES,generator/Ui-app-DB-json/components/PurchaseDownloadLink.tsx,Platnost tohoto odkazu vyprší za 24 hodin. Uložte si stažený soubor na bezpečné místo.
cs,home.json,body.purchase.download.failed,body.purchase.download,MISSING_KEY,YES,generator/Ui-app-DB-json/components/PurchaseDownloadLink.tsx,"Váš nákup jsme zatím nemohli potvrdit. Pokud vám byla částka strhnuta, obnovte prosím tuto stránku za minutu nebo nás kontaktujte pro pomoc."
cs,home.json,body.purchase.download.preparing,body.purchase.download,MISSING_KEY,YES,generator/Ui-app-DB-json/components/PurchaseDownloadLink.tsx,Připravujeme vaše stažení...
cs,home.json,body.purchase.shared.returnToPack,body.purchase.shared,MISSING_KEY,YES,generator/Ui-app-DB-json/app/[locale]/purchase/cancelled/page.tsx; generator/Ui-app-DB-json/components/PurchaseDownloadLink.tsx,Zpět na balíček hádanek
cs,home.json,body.purchase.shared.contactUs,body.purchase.shared,MISSING_KEY,YES,generator/Ui-app-DB-json/components/PurchaseDownloadLink.tsx,Kontaktujte nás
da,home.json,body.purchase.premium.metaTitle,body.purchase.premium,MISSING_KEY,YES,generator/Ui-app-DB-json/app/[locale]/premium/page.tsx; generator/Ui-app-DB-json/app/[locale]/purchase/cancelled/page.tsx,Bedste af 2026 Premium Prik-til-prik-puslespilspakke
da,home.json,body.purchase.premium.metaDescription,body.purchase.premium,MISSING_KEY,YES,generator/Ui-app-DB-json/app/[locale]/premium/page.tsx,"En printklar samling af populære prik-til-prik-puslespil til børn, samlet i én bekvem PDF."
da,home.json,body.purchase.premium.eyebrow,body.purchase.premium,MISSING_KEY,YES,generator/Ui-app-DB-json/app/[locale]/blog/page.tsx; generator/Ui-app-DB-json/app/[locale]/blog/[slug]/page.tsx,Premium printsamling
da,home.json,body.purchase.premium.lede,body.purchase.premium,MISSING_KEY,YES,generator/Ui-app-DB-json/app/[locale]/premium/page.tsx; generator/Ui-app-DB-json/app/[locale]/purchase/cancelled/page.tsx,"Samlingen Bedste af 2026 samler vores foretrukne prik-til-prik-aktiviteter i én nem-at-printe pakke til stille stunder, regnvejrsdage, hjemmeundervisning og klasseværelser."
da,home.json,body.purchase.premium.digitalPdf,body.purchase.premium,MISSING_KEY,YES,generator/Ui-app-DB-json/app/[locale]/premium/page.tsx,Digital PDF
da,home.json,body.purchase.premium.printAtHome,body.purchase.premium,MISSING_KEY,YES,generator/Ui-app-DB-json/app/[locale]/premium/page.tsx,Print hjemme
da,home.json,body.purchase.premium.instantAccess,body.purchase.premium,MISSING_KEY,YES,generator/Ui-app-DB-json/app/[locale]/premium/page.tsx,Øjeblikkelig adgang
da,home.json,body.purchase.premium.purchaseAria,body.purchase.premium,MISSING_KEY,YES,generator/Ui-app-DB-json/app/[locale]/premium/page.tsx,Køb Bedste af 2026-puslespilspakken
da,home.json,body.purchase.premium.coverAlt,body.purchase.premium,MISSING_KEY,YES,generator/Ui-app-DB-json/app/[locale]/premium/page.tsx; generator/Ui-app-DB-json/components/BestOf2026BookAd.tsx,Bedste af 2026 - 25 prik-til-prik-puslespil bogomslag
da,home.json,body.purchase.premium.oneTime,body.purchase.premium,MISSING_KEY,YES,generator/Ui-app-DB-json/app/[locale]/premium/page.tsx,engangsbeløb
da,home.json,body.purchase.premium.buyButton,body.purchase.premium,MISSING_KEY,YES,generator/Ui-app-DB-json/app/[locale]/premium/page.tsx,Få puslespilspakken
da,home.json,body.purchase.premium.localNote,body.purchase.premium,MISSING_KEY,YES,generator/Ui-app-DB-json/app/[locale]/premium/page.tsx,På localhost åbner dette en sikker demokassekomponent og opkræver aldrig et kort.
da,home.json,body.purchase.premium.detailsEyebrow,body.purchase.premium,MISSING_KEY,YES,generator/Ui-app-DB-json/app/[locale]/premium/page.tsx,Lavet til nem print-og-leg
da,home.json,body.purchase.premium.detailsText,body.purchase.premium,MISSING_KEY,YES,generator/Ui-app-DB-json/app/[locale]/premium/page.tsx,"Download én gang, hold den ved hånden, og print de aktiviteter du vil, når du har brug for dem."
da,home.json,body.purchase.premium.benefits.onePdf,body.purchase.premium,MISSING_KEY,YES,generator/Ui-app-DB-json/app/[locale]/premium/page.tsx,"Én bekvem, printklar PDF"
da,home.json,body.purchase.premium.benefits.kidFriendly,body.purchase.premium,MISSING_KEY,YES,generator/Ui-app-DB-json/app/[locale]/premium/page.tsx,Børnevenlige puslespil med varierende sværhedsgrad
da,home.json,body.purchase.premium.benefits.paperSizes,body.purchase.premium,MISSING_KEY,YES,generator/Ui-app-DB-json/app/[locale]/premium/page.tsx,Fungerer med US Letter og A4 papir
da,home.json,body.purchase.premium.benefits.instantAccess,body.purchase.premium,MISSING_KEY,YES,generator/Ui-app-DB-json/app/[locale]/premium/page.tsx,Øjeblikkelig adgang efter gennemført betaling
da,home.json,body.purchase.premium.benefits.classroomUse,body.purchase.premium,MISSING_KEY,YES,generator/Ui-app-DB-json/app/[locale]/premium/page.tsx,Brug hjemme eller i ét klasseværelse
da,home.json,body.purchase.premium.guaranteeText,body.purchase.premium,MISSING_KEY,YES,generator/Ui-app-DB-json/app/[locale]/premium/page.tsx,Efter checkout vises dit private downloadlink med det samme. Intet abonnement og ingen overraskende fornyelse.
da,home.json,body.purchase.checkout.consent,body.purchase.checkout,MISSING_KEY,YES,generator/Ui-app-DB-json/components/BuyButton.tsx,"Jeg accepterer øjeblikkelig levering af denne digitale PDF og forstår, at når adgangen er begyndt, er salget endeligt og ikke refunderbart, medmindre loven kræver det, eller filen ikke er leveret eller er defekt."
da,home.json,body.purchase.checkout.refundPolicy,body.purchase.checkout,MISSING_KEY,YES,generator/Ui-app-DB-json/components/BuyButton.tsx,Læs refusionspolitikken
da,home.json,body.purchase.checkout.opening,body.purchase.checkout,MISSING_KEY,YES,generator/Ui-app-DB-json/components/BuyButton.tsx,Åbner betaling...
da,home.json,body.purchase.checkout.secureNote,body.purchase.checkout,MISSING_KEY,YES,generator/Ui-app-DB-json/components/BuyButton.tsx,Sikker betaling drevet af Stripe. Engangsbetaling. Intet abonnement.
da,home.json,body.purchase.checkout.error,body.purchase.checkout,MISSING_KEY,YES,generator/Ui-app-DB-json/components/BrowserErrorTracker.tsx; generator/Ui-app-DB-json/components/BuyButton.tsx,Noget gik galt under start af betaling. Prøv igen.
da,home.json,body.purchase.success.metaTitle,body.purchase.success,MISSING_KEY,YES,generator/Ui-app-DB-json/app/[locale]/premium/page.tsx; generator/Ui-app-DB-json/app/[locale]/purchase/cancelled/page.tsx,Tak for dit køb
da,home.json,body.purchase.success.eyebrow,body.purchase.success,MISSING_KEY,YES,generator/Ui-app-DB-json/app/[locale]/blog/page.tsx; generator/Ui-app-DB-json/app/[locale]/blog/[slug]/page.tsx,Betaling bekræftet
da,home.json,body.purchase.success.lede,body.purchase.success,MISSING_KEY,YES,generator/Ui-app-DB-json/app/[locale]/premium/page.tsx; generator/Ui-app-DB-json/app/[locale]/purchase/cancelled/page.tsx,"Din betaling var vellykket. Det kan tage et par sekunder, før dit køb vises på din konto."
da,home.json,body.purchase.cancelled.metaTitle,body.purchase.cancelled,MISSING_KEY,YES,generator/Ui-app-DB-json/app/[locale]/premium/page.tsx; generator/Ui-app-DB-json/app/[locale]/purchase/cancelled/page.tsx,Betaling annulleret
da,home.json,body.purchase.cancelled.eyebrow,body.purchase.cancelled,MISSING_KEY,YES,generator/Ui-app-DB-json/app/[locale]/blog/page.tsx; generator/Ui-app-DB-json/app/[locale]/blog/[slug]/page.tsx,Ingen betaling foretaget
da,home.json,body.purchase.cancelled.lede,body.purchase.cancelled,MISSING_KEY,YES,generator/Ui-app-DB-json/app/[locale]/premium/page.tsx; generator/Ui-app-DB-json/app/[locale]/purchase/cancelled/page.tsx,Der blev ikke opkrævet noget. Du kan prøve igen når som helst.
da,home.json,body.purchase.download.demoTitle,body.purchase.download,MISSING_KEY,YES,generator/Ui-app-DB-json/components/PurchaseDownloadLink.tsx,Lokal betalingstest bestået.
da,home.json,body.purchase.download.demoText,body.purchase.download,MISSING_KEY,YES,generator/Ui-app-DB-json/components/PurchaseDownloadLink.tsx,Den rigtige betalte successkærm viser PDF-downloadknappen her. Den lokale demo frigiver ikke den private fil.
da,home.json,body.purchase.download.button,body.purchase.download,MISSING_KEY,YES,generator/Ui-app-DB-json/components/BuyButton.tsx; generator/Ui-app-DB-json/components/CategoryMenu.tsx,Download din puslespilspakke
da,home.json,body.purchase.download.expires,body.purchase.download,MISSING_KEY,YES,generator/Ui-app-DB-json/components/PurchaseDownloadLink.tsx,Dette link udløber om 24 timer. Gem dit download et sikkert sted.
da,home.json,body.purchase.download.failed,body.purchase.download,MISSING_KEY,YES,generator/Ui-app-DB-json/components/PurchaseDownloadLink.tsx,"Vi kunne endnu ikke bekræfte dit køb. Hvis du blev opkrævet, så genindlæs venligst siden om et minut eller kontakt os for hjælp."
da,home.json,body.purchase.download.preparing,body.purchase.download,MISSING_KEY,YES,generator/Ui-app-DB-json/components/PurchaseDownloadLink.tsx,Forbereder dit download...
da,home.json,body.purchase.shared.returnToPack,body.purchase.shared,MISSING_KEY,YES,generator/Ui-app-DB-json/app/[locale]/purchase/cancelled/page.tsx; generator/Ui-app-DB-json/components/PurchaseDownloadLink.tsx,Tilbage til puslespilspakken
da,home.json,body.purchase.shared.contactUs,body.purchase.shared,MISSING_KEY,YES,generator/Ui-app-DB-json/components/PurchaseDownloadLink.tsx,Kontakt os
de,home.json,body.purchase.premium.metaTitle,body.purchase.premium,MISSING_KEY,YES,generator/Ui-app-DB-json/app/[locale]/premium/page.tsx; generator/Ui-app-DB-json/app/[locale]/purchase/cancelled/page.tsx,Best of 2026 Premium Verbinde-die-Punkte-Rätselpaket
de,home.json,body.purchase.premium.metaDescription,body.purchase.premium,MISSING_KEY,YES,generator/Ui-app-DB-json/app/[locale]/premium/page.tsx,"Eine druckfertige Sammlung beliebter Verbinde-die-Punkte-Rätsel für Kinder, gebündelt in einer praktischen PDF-Datei."
de,home.json,body.purchase.premium.eyebrow,body.purchase.premium,MISSING_KEY,YES,generator/Ui-app-DB-json/app/[locale]/blog/page.tsx; generator/Ui-app-DB-json/app/[locale]/blog/[slug]/page.tsx,Druckbare Premium-Sammlung
de,home.json,body.purchase.premium.lede,body.purchase.premium,MISSING_KEY,YES,generator/Ui-app-DB-json/app/[locale]/premium/page.tsx; generator/Ui-app-DB-json/app/[locale]/purchase/cancelled/page.tsx,"Die Best-of-2026-Sammlung vereint unsere beliebtesten Verbinde-die-Punkte-Aktivitäten in einem druckfertigen Paket für ruhige Stunden, Regentage, Homeschooling und den Unterricht."
de,home.json,body.purchase.premium.digitalPdf,body.purchase.premium,MISSING_KEY,YES,generator/Ui-app-DB-json/app/[locale]/premium/page.tsx,Digitale PDF
de,home.json,body.purchase.premium.printAtHome,body.purchase.premium,MISSING_KEY,YES,generator/Ui-app-DB-json/app/[locale]/premium/page.tsx,Zu Hause ausdrucken
de,home.json,body.purchase.premium.instantAccess,body.purchase.premium,MISSING_KEY,YES,generator/Ui-app-DB-json/app/[locale]/premium/page.tsx,Sofortiger Zugriff
de,home.json,body.purchase.premium.purchaseAria,body.purchase.premium,MISSING_KEY,YES,generator/Ui-app-DB-json/app/[locale]/premium/page.tsx,Das Best-of-2026-Rätselpaket kaufen
de,home.json,body.purchase.premium.coverAlt,body.purchase.premium,MISSING_KEY,YES,generator/Ui-app-DB-json/app/[locale]/premium/page.tsx; generator/Ui-app-DB-json/components/BestOf2026BookAd.tsx,"Best of 2026 - 25 Verbinde-die-Punkte-Rätsel, Buchcover"
de,home.json,body.purchase.premium.oneTime,body.purchase.premium,MISSING_KEY,YES,generator/Ui-app-DB-json/app/[locale]/premium/page.tsx,einmalig
de,home.json,body.purchase.premium.buyButton,body.purchase.premium,MISSING_KEY,YES,generator/Ui-app-DB-json/app/[locale]/premium/page.tsx,Rätselpaket sichern
de,home.json,body.purchase.premium.localNote,body.purchase.premium,MISSING_KEY,YES,generator/Ui-app-DB-json/app/[locale]/premium/page.tsx,"Auf localhost öffnet dies eine sichere Checkout-Demo, bei der niemals eine Karte belastet wird."
de,home.json,body.purchase.premium.detailsEyebrow,body.purchase.premium,MISSING_KEY,YES,generator/Ui-app-DB-json/app/[locale]/premium/page.tsx,Für einfaches Drucken und Spielen gemacht
de,home.json,body.purchase.premium.detailsText,body.purchase.premium,MISSING_KEY,YES,generator/Ui-app-DB-json/app/[locale]/premium/page.tsx,"Einmal herunterladen, griffbereit halten und die gewünschten Aktivitäten ausdrucken, wann immer Sie sie brauchen."
de,home.json,body.purchase.premium.benefits.onePdf,body.purchase.premium,MISSING_KEY,YES,generator/Ui-app-DB-json/app/[locale]/premium/page.tsx,"Eine praktische, druckfertige PDF-Datei"
de,home.json,body.purchase.premium.benefits.kidFriendly,body.purchase.premium,MISSING_KEY,YES,generator/Ui-app-DB-json/app/[locale]/premium/page.tsx,Kindgerechte Rätsel mit unterschiedlichem Schwierigkeitsgrad
de,home.json,body.purchase.premium.benefits.paperSizes,body.purchase.premium,MISSING_KEY,YES,generator/Ui-app-DB-json/app/[locale]/premium/page.tsx,Geeignet für US-Letter- und A4-Papier
de,home.json,body.purchase.premium.benefits.instantAccess,body.purchase.premium,MISSING_KEY,YES,generator/Ui-app-DB-json/app/[locale]/premium/page.tsx,Sofortiger Zugriff nach erfolgreicher Zahlung
de,home.json,body.purchase.premium.benefits.classroomUse,body.purchase.premium,MISSING_KEY,YES,generator/Ui-app-DB-json/app/[locale]/premium/page.tsx,Nutzbar zu Hause oder in einem Klassenzimmer
de,home.json,body.purchase.premium.guaranteeText,body.purchase.premium,MISSING_KEY,YES,generator/Ui-app-DB-json/app/[locale]/premium/page.tsx,Nach dem Bezahlvorgang erscheint sofort Ihr privater Download-Link. Kein Abonnement und keine überraschende Verlängerung.
de,home.json,body.purchase.checkout.consent,body.purchase.checkout,MISSING_KEY,YES,generator/Ui-app-DB-json/components/BuyButton.tsx,"Ich stimme der sofortigen Bereitstellung dieser digitalen PDF-Datei zu und verstehe, dass der Kauf nach Beginn des Zugriffs endgültig und nicht erstattungsfähig ist, außer wenn gesetzlich vorgeschrieben oder wenn die Datei nicht geliefert wird oder fehlerhaft ist."
de,home.json,body.purchase.checkout.refundPolicy,body.purchase.checkout,MISSING_KEY,YES,generator/Ui-app-DB-json/components/BuyButton.tsx,Rückerstattungsrichtlinie lesen
de,home.json,body.purchase.checkout.opening,body.purchase.checkout,MISSING_KEY,YES,generator/Ui-app-DB-json/components/BuyButton.tsx,Checkout wird geöffnet...
de,home.json,body.purchase.checkout.secureNote,body.purchase.checkout,MISSING_KEY,YES,generator/Ui-app-DB-json/components/BuyButton.tsx,Sicherer Checkout powered by Stripe. Einmalzahlung. Kein Abonnement.
de,home.json,body.purchase.checkout.error,body.purchase.checkout,MISSING_KEY,YES,generator/Ui-app-DB-json/components/BrowserErrorTracker.tsx; generator/Ui-app-DB-json/components/BuyButton.tsx,Beim Starten des Bezahlvorgangs ist etwas schiefgelaufen. Bitte versuchen Sie es erneut.
de,home.json,body.purchase.success.metaTitle,body.purchase.success,MISSING_KEY,YES,generator/Ui-app-DB-json/app/[locale]/premium/page.tsx; generator/Ui-app-DB-json/app/[locale]/purchase/cancelled/page.tsx,Vielen Dank für Ihren Kauf
de,home.json,body.purchase.success.eyebrow,body.purchase.success,MISSING_KEY,YES,generator/Ui-app-DB-json/app/[locale]/blog/page.tsx; generator/Ui-app-DB-json/app/[locale]/blog/[slug]/page.tsx,Zahlung bestätigt
de,home.json,body.purchase.success.lede,body.purchase.success,MISSING_KEY,YES,generator/Ui-app-DB-json/app/[locale]/premium/page.tsx; generator/Ui-app-DB-json/app/[locale]/purchase/cancelled/page.tsx,"Ihre Zahlung war erfolgreich. Es kann einige Sekunden dauern, bis Ihr Kauf in Ihrem Konto erscheint."
de,home.json,body.purchase.cancelled.metaTitle,body.purchase.cancelled,MISSING_KEY,YES,generator/Ui-app-DB-json/app/[locale]/premium/page.tsx; generator/Ui-app-DB-json/app/[locale]/purchase/cancelled/page.tsx,Checkout abgebrochen
de,home.json,body.purchase.cancelled.eyebrow,body.purchase.cancelled,MISSING_KEY,YES,generator/Ui-app-DB-json/app/[locale]/blog/page.tsx; generator/Ui-app-DB-json/app/[locale]/blog/[slug]/page.tsx,Keine Zahlung erfolgt
de,home.json,body.purchase.cancelled.lede,body.purchase.cancelled,MISSING_KEY,YES,generator/Ui-app-DB-json/app/[locale]/premium/page.tsx; generator/Ui-app-DB-json/app/[locale]/purchase/cancelled/page.tsx,Es wurde keine Zahlung vorgenommen. Sie können es jederzeit erneut versuchen.
de,home.json,body.purchase.download.demoTitle,body.purchase.download,MISSING_KEY,YES,generator/Ui-app-DB-json/components/PurchaseDownloadLink.tsx,Lokaler Checkout-Test erfolgreich.
de,home.json,body.purchase.download.demoText,body.purchase.download,MISSING_KEY,YES,generator/Ui-app-DB-json/components/PurchaseDownloadLink.tsx,Der echte Erfolgsbildschirm zeigt hier den PDF-Download-Button. Die lokale Demo gibt die private Datei nicht frei.
de,home.json,body.purchase.download.button,body.purchase.download,MISSING_KEY,YES,generator/Ui-app-DB-json/components/BuyButton.tsx; generator/Ui-app-DB-json/components/CategoryMenu.tsx,Rätselpaket herunterladen
de,home.json,body.purchase.download.expires,body.purchase.download,MISSING_KEY,YES,generator/Ui-app-DB-json/components/PurchaseDownloadLink.tsx,Dieser Link läuft in 24 Stunden ab. Speichern Sie Ihren Download an einem sicheren Ort.
de,home.json,body.purchase.download.failed,body.purchase.download,MISSING_KEY,YES,generator/Ui-app-DB-json/components/PurchaseDownloadLink.tsx,"Wir konnten Ihren Kauf noch nicht bestätigen. Falls Sie belastet wurden, aktualisieren Sie diese Seite in einer Minute erneut oder kontaktieren Sie uns."
de,home.json,body.purchase.download.preparing,body.purchase.download,MISSING_KEY,YES,generator/Ui-app-DB-json/components/PurchaseDownloadLink.tsx,Ihr Download wird vorbereitet...
de,home.json,body.purchase.shared.returnToPack,body.purchase.shared,MISSING_KEY,YES,generator/Ui-app-DB-json/app/[locale]/purchase/cancelled/page.tsx; generator/Ui-app-DB-json/components/PurchaseDownloadLink.tsx,Zurück zum Rätselpaket
de,home.json,body.purchase.shared.contactUs,body.purchase.shared,MISSING_KEY,YES,generator/Ui-app-DB-json/components/PurchaseDownloadLink.tsx,Kontaktieren Sie uns
el,home.json,body.purchase.premium.metaTitle,body.purchase.premium,MISSING_KEY,YES,generator/Ui-app-DB-json/app/[locale]/premium/page.tsx; generator/Ui-app-DB-json/app/[locale]/purchase/cancelled/page.tsx,Best of 2026 Premium Πακέτο Παζλ Ένωσε τις Τελείες
el,home.json,body.purchase.premium.metaDescription,body.purchase.premium,MISSING_KEY,YES,generator/Ui-app-DB-json/app/[locale]/premium/page.tsx,"Μια συλλογή έτοιμη για εκτύπωση με τα αγαπημένα παζλ «ένωσε τις τελείες» για παιδιά, σε ένα βολικό PDF."
el,home.json,body.purchase.premium.eyebrow,body.purchase.premium,MISSING_KEY,YES,generator/Ui-app-DB-json/app/[locale]/blog/page.tsx; generator/Ui-app-DB-json/app/[locale]/blog/[slug]/page.tsx,Εκτυπώσιμη premium συλλογή
el,home.json,body.purchase.premium.lede,body.purchase.premium,MISSING_KEY,YES,generator/Ui-app-DB-json/app/[locale]/premium/page.tsx; generator/Ui-app-DB-json/app/[locale]/purchase/cancelled/page.tsx,"Η συλλογή Best of 2026 συγκεντρώνει τις αγαπημένες μας δραστηριότητες «ένωσε τις τελείες» σε ένα εύκολο προς εκτύπωση πακέτο για ήσυχες ώρες, βροχερές μέρες, κατ' οίκον εκπαίδευση και το σχολείο."
el,home.json,body.purchase.premium.digitalPdf,body.purchase.premium,MISSING_KEY,YES,generator/Ui-app-DB-json/app/[locale]/premium/page.tsx,Ψηφιακό PDF
el,home.json,body.purchase.premium.printAtHome,body.purchase.premium,MISSING_KEY,YES,generator/Ui-app-DB-json/app/[locale]/premium/page.tsx,Εκτύπωση στο σπίτι
el,home.json,body.purchase.premium.instantAccess,body.purchase.premium,MISSING_KEY,YES,generator/Ui-app-DB-json/app/[locale]/premium/page.tsx,Άμεση πρόσβαση
el,home.json,body.purchase.premium.purchaseAria,body.purchase.premium,MISSING_KEY,YES,generator/Ui-app-DB-json/app/[locale]/premium/page.tsx,Αγοράστε το πακέτο παζλ Best of 2026
el,home.json,body.purchase.premium.coverAlt,body.purchase.premium,MISSING_KEY,YES,generator/Ui-app-DB-json/app/[locale]/premium/page.tsx; generator/Ui-app-DB-json/components/BestOf2026BookAd.tsx,"Best of 2026 - 25 Παζλ Ένωσε τις Τελείες, εξώφυλλο βιβλίου"
el,home.json,body.purchase.premium.oneTime,body.purchase.premium,MISSING_KEY,YES,generator/Ui-app-DB-json/app/[locale]/premium/page.tsx,εφάπαξ
el,home.json,body.purchase.premium.buyButton,body.purchase.premium,MISSING_KEY,YES,generator/Ui-app-DB-json/app/[locale]/premium/page.tsx,Αποκτήστε το πακέτο παζλ
el,home.json,body.purchase.premium.localNote,body.purchase.premium,MISSING_KEY,YES,generator/Ui-app-DB-json/app/[locale]/premium/page.tsx,"Στο localhost, αυτό ανοίγει μια ασφαλή δοκιμαστική διαδικασία αγοράς και δεν χρεώνει ποτέ κάρτα."
el,home.json,body.purchase.premium.detailsEyebrow,body.purchase.premium,MISSING_KEY,YES,generator/Ui-app-DB-json/app/[locale]/premium/page.tsx,Σχεδιασμένο για εύκολη εκτύπωση και παιχνίδι
el,home.json,body.purchase.premium.detailsText,body.purchase.premium,MISSING_KEY,YES,generator/Ui-app-DB-json/app/[locale]/premium/page.tsx,"Κατεβάστε το μία φορά, κρατήστε το πρόχειρο και εκτυπώστε τις δραστηριότητες που θέλετε όποτε τις χρειάζεστε."
el,home.json,body.purchase.premium.benefits.onePdf,body.purchase.premium,MISSING_KEY,YES,generator/Ui-app-DB-json/app/[locale]/premium/page.tsx,"Ένα βολικό, έτοιμο για εκτύπωση PDF"
el,home.json,body.purchase.premium.benefits.kidFriendly,body.purchase.premium,MISSING_KEY,YES,generator/Ui-app-DB-json/app/[locale]/premium/page.tsx,Παζλ κατάλληλα για παιδιά με ποικίλο επίπεδο δυσκολίας
el,home.json,body.purchase.premium.benefits.paperSizes,body.purchase.premium,MISSING_KEY,YES,generator/Ui-app-DB-json/app/[locale]/premium/page.tsx,Λειτουργεί σε χαρτί US Letter και A4
el,home.json,body.purchase.premium.benefits.instantAccess,body.purchase.premium,MISSING_KEY,YES,generator/Ui-app-DB-json/app/[locale]/premium/page.tsx,Άμεση πρόσβαση μετά την επιτυχή πληρωμή
el,home.json,body.purchase.premium.benefits.classroomUse,body.purchase.premium,MISSING_KEY,YES,generator/Ui-app-DB-json/app/[locale]/premium/page.tsx,Χρήση στο σπίτι ή σε μία σχολική τάξη
el,home.json,body.purchase.premium.guaranteeText,body.purchase.premium,MISSING_KEY,YES,generator/Ui-app-DB-json/app/[locale]/premium/page.tsx,"Μετά την ολοκλήρωση της αγοράς, ο προσωπικός σας σύνδεσμος λήψης εμφανίζεται αμέσως. Χωρίς συνδρομή και χωρίς απρόσμενη ανανέωση."
el,home.json,body.purchase.checkout.consent,body.purchase.checkout,MISSING_KEY,YES,generator/Ui-app-DB-json/components/BuyButton.tsx,"Συμφωνώ με την άμεση παράδοση αυτού του ψηφιακού PDF και κατανοώ ότι, μόλις ξεκινήσει η πρόσβαση, η πώληση είναι οριστική και μη επιστρέψιμη, εκτός αν απαιτείται από τον νόμο ή αν το αρχείο δεν παραδοθεί ή είναι ελαττωματικό."
el,home.json,body.purchase.checkout.refundPolicy,body.purchase.checkout,MISSING_KEY,YES,generator/Ui-app-DB-json/components/BuyButton.tsx,Διαβάστε την πολιτική επιστροφών
el,home.json,body.purchase.checkout.opening,body.purchase.checkout,MISSING_KEY,YES,generator/Ui-app-DB-json/components/BuyButton.tsx,Άνοιγμα διαδικασίας πληρωμής...
el,home.json,body.purchase.checkout.secureNote,body.purchase.checkout,MISSING_KEY,YES,generator/Ui-app-DB-json/components/BuyButton.tsx,Ασφαλής πληρωμή μέσω Stripe. Εφάπαξ πληρωμή. Χωρίς συνδρομή.
el,home.json,body.purchase.checkout.error,body.purchase.checkout,MISSING_KEY,YES,generator/Ui-app-DB-json/components/BrowserErrorTracker.tsx; generator/Ui-app-DB-json/components/BuyButton.tsx,Κάτι πήγε στραβά κατά την έναρξη της πληρωμής. Δοκιμάστε ξανά.
el,home.json,body.purchase.success.metaTitle,body.purchase.success,MISSING_KEY,YES,generator/Ui-app-DB-json/app/[locale]/premium/page.tsx; generator/Ui-app-DB-json/app/[locale]/purchase/cancelled/page.tsx,Ευχαριστούμε για την αγορά σας
el,home.json,body.purchase.success.eyebrow,body.purchase.success,MISSING_KEY,YES,generator/Ui-app-DB-json/app/[locale]/blog/page.tsx; generator/Ui-app-DB-json/app/[locale]/blog/[slug]/page.tsx,Η πληρωμή επιβεβαιώθηκε
el,home.json,body.purchase.success.lede,body.purchase.success,MISSING_KEY,YES,generator/Ui-app-DB-json/app/[locale]/premium/page.tsx; generator/Ui-app-DB-json/app/[locale]/purchase/cancelled/page.tsx,Η πληρωμή σας ήταν επιτυχής. Μπορεί να χρειαστούν λίγα δευτερόλεπτα για να εμφανιστεί η αγορά σας στον λογαριασμό σας.
el,home.json,body.purchase.cancelled.metaTitle,body.purchase.cancelled,MISSING_KEY,YES,generator/Ui-app-DB-json/app/[locale]/premium/page.tsx; generator/Ui-app-DB-json/app/[locale]/purchase/cancelled/page.tsx,Η πληρωμή ακυρώθηκε
el,home.json,body.purchase.cancelled.eyebrow,body.purchase.cancelled,MISSING_KEY,YES,generator/Ui-app-DB-json/app/[locale]/blog/page.tsx; generator/Ui-app-DB-json/app/[locale]/blog/[slug]/page.tsx,Δεν έγινε καμία χρέωση
el,home.json,body.purchase.cancelled.lede,body.purchase.cancelled,MISSING_KEY,YES,generator/Ui-app-DB-json/app/[locale]/premium/page.tsx; generator/Ui-app-DB-json/app/[locale]/purchase/cancelled/page.tsx,Δεν πραγματοποιήθηκε καμία χρέωση. Μπορείτε να δοκιμάσετε ξανά όποτε θέλετε.
el,home.json,body.purchase.download.demoTitle,body.purchase.download,MISSING_KEY,YES,generator/Ui-app-DB-json/components/PurchaseDownloadLink.tsx,Η τοπική δοκιμή πληρωμής πέτυχε.
el,home.json,body.purchase.download.demoText,body.purchase.download,MISSING_KEY,YES,generator/Ui-app-DB-json/components/PurchaseDownloadLink.tsx,Η πραγματική οθόνη επιτυχίας εμφανίζει εδώ το κουμπί λήψης PDF. Η τοπική επίδειξη δεν διαθέτει το ιδιωτικό αρχείο.
el,home.json,body.purchase.download.button,body.purchase.download,MISSING_KEY,YES,generator/Ui-app-DB-json/components/BuyButton.tsx; generator/Ui-app-DB-json/components/CategoryMenu.tsx,Κατεβάστε το πακέτο παζλ σας
el,home.json,body.purchase.download.expires,body.purchase.download,MISSING_KEY,YES,generator/Ui-app-DB-json/components/PurchaseDownloadLink.tsx,Αυτός ο σύνδεσμος λήγει σε 24 ώρες. Αποθηκεύστε τη λήψη σας σε ασφαλές μέρος.
el,home.json,body.purchase.download.failed,body.purchase.download,MISSING_KEY,YES,generator/Ui-app-DB-json/components/PurchaseDownloadLink.tsx,"Δεν μπορέσαμε ακόμη να επιβεβαιώσουμε την αγορά σας. Αν χρεωθήκατε, ανανεώστε τη σελίδα σε ένα λεπτό ή επικοινωνήστε μαζί μας για βοήθεια."
el,home.json,body.purchase.download.preparing,body.purchase.download,MISSING_KEY,YES,generator/Ui-app-DB-json/components/PurchaseDownloadLink.tsx,Προετοιμασία της λήψης σας...
el,home.json,body.purchase.shared.returnToPack,body.purchase.shared,MISSING_KEY,YES,generator/Ui-app-DB-json/app/[locale]/purchase/cancelled/page.tsx; generator/Ui-app-DB-json/components/PurchaseDownloadLink.tsx,Επιστροφή στο πακέτο παζλ
el,home.json,body.purchase.shared.contactUs,body.purchase.shared,MISSING_KEY,YES,generator/Ui-app-DB-json/components/PurchaseDownloadLink.tsx,Επικοινωνήστε μαζί μας
es,home.json,body.purchase.premium.metaTitle,body.purchase.premium,MISSING_KEY,YES,generator/Ui-app-DB-json/app/[locale]/premium/page.tsx; generator/Ui-app-DB-json/app/[locale]/purchase/cancelled/page.tsx,Pack Premium Lo Mejor de 2026 de Puzles Une los Puntos
es,home.json,body.purchase.premium.metaDescription,body.purchase.premium,MISSING_KEY,YES,generator/Ui-app-DB-json/app/[locale]/premium/page.tsx,"Una colección lista para imprimir con los puzles de unir puntos favoritos para niños, reunidos en un cómodo PDF."
es,home.json,body.purchase.premium.eyebrow,body.purchase.premium,MISSING_KEY,YES,generator/Ui-app-DB-json/app/[locale]/blog/page.tsx; generator/Ui-app-DB-json/app/[locale]/blog/[slug]/page.tsx,Colección premium para imprimir
es,home.json,body.purchase.premium.lede,body.purchase.premium,MISSING_KEY,YES,generator/Ui-app-DB-json/app/[locale]/premium/page.tsx; generator/Ui-app-DB-json/app/[locale]/purchase/cancelled/page.tsx,"La colección Lo Mejor de 2026 reúne nuestras actividades de unir puntos favoritas en un pack fácil de imprimir, ideal para momentos tranquilos, días de lluvia, educación en casa y el aula."
es,home.json,body.purchase.premium.digitalPdf,body.purchase.premium,MISSING_KEY,YES,generator/Ui-app-DB-json/app/[locale]/premium/page.tsx,PDF digital
es,home.json,body.purchase.premium.printAtHome,body.purchase.premium,MISSING_KEY,YES,generator/Ui-app-DB-json/app/[locale]/premium/page.tsx,Imprime en casa
es,home.json,body.purchase.premium.instantAccess,body.purchase.premium,MISSING_KEY,YES,generator/Ui-app-DB-json/app/[locale]/premium/page.tsx,Acceso instantáneo
es,home.json,body.purchase.premium.purchaseAria,body.purchase.premium,MISSING_KEY,YES,generator/Ui-app-DB-json/app/[locale]/premium/page.tsx,Comprar el pack de puzles Lo Mejor de 2026
es,home.json,body.purchase.premium.coverAlt,body.purchase.premium,MISSING_KEY,YES,generator/Ui-app-DB-json/app/[locale]/premium/page.tsx; generator/Ui-app-DB-json/components/BestOf2026BookAd.tsx,Lo Mejor de 2026 - Portada del libro de 25 puzles de unir puntos
es,home.json,body.purchase.premium.oneTime,body.purchase.premium,MISSING_KEY,YES,generator/Ui-app-DB-json/app/[locale]/premium/page.tsx,pago único
es,home.json,body.purchase.premium.buyButton,body.purchase.premium,MISSING_KEY,YES,generator/Ui-app-DB-json/app/[locale]/premium/page.tsx,Consigue el pack de puzles
es,home.json,body.purchase.premium.localNote,body.purchase.premium,MISSING_KEY,YES,generator/Ui-app-DB-json/app/[locale]/premium/page.tsx,"En localhost, esto abre una demostración de compra segura y nunca se realiza ningún cargo a la tarjeta."
es,home.json,body.purchase.premium.detailsEyebrow,body.purchase.premium,MISSING_KEY,YES,generator/Ui-app-DB-json/app/[locale]/premium/page.tsx,Diseñado para imprimir y jugar sin complicaciones
es,home.json,body.purchase.premium.detailsText,body.purchase.premium,MISSING_KEY,YES,generator/Ui-app-DB-json/app/[locale]/premium/page.tsx,"Descárgalo una vez, tenlo siempre a mano e imprime las actividades que quieras cuando las necesites."
es,home.json,body.purchase.premium.benefits.onePdf,body.purchase.premium,MISSING_KEY,YES,generator/Ui-app-DB-json/app/[locale]/premium/page.tsx,"Un único PDF, cómodo y listo para imprimir"
es,home.json,body.purchase.premium.benefits.kidFriendly,body.purchase.premium,MISSING_KEY,YES,generator/Ui-app-DB-json/app/[locale]/premium/page.tsx,Puzles pensados para niños con distintos niveles de dificultad
es,home.json,body.purchase.premium.benefits.paperSizes,body.purchase.premium,MISSING_KEY,YES,generator/Ui-app-DB-json/app/[locale]/premium/page.tsx,Compatible con papel US Letter y A4
es,home.json,body.purchase.premium.benefits.instantAccess,body.purchase.premium,MISSING_KEY,YES,generator/Ui-app-DB-json/app/[locale]/premium/page.tsx,Acceso instantáneo tras el pago exitoso
es,home.json,body.purchase.premium.benefits.classroomUse,body.purchase.premium,MISSING_KEY,YES,generator/Ui-app-DB-json/app/[locale]/premium/page.tsx,Úsalo en casa o en un aula
es,home.json,body.purchase.premium.guaranteeText,body.purchase.premium,MISSING_KEY,YES,generator/Ui-app-DB-json/app/[locale]/premium/page.tsx,"Tras completar la compra, tu enlace de descarga privado aparece de inmediato. Sin suscripción y sin renovaciones sorpresa."
es,home.json,body.purchase.checkout.consent,body.purchase.checkout,MISSING_KEY,YES,generator/Ui-app-DB-json/components/BuyButton.tsx,"Acepto la entrega inmediata de este PDF digital y entiendo que, una vez que comience el acceso, la venta es final y no reembolsable, salvo cuando la ley lo exija o si el archivo no se entrega o está defectuoso."
es,home.json,body.purchase.checkout.refundPolicy,body.purchase.checkout,MISSING_KEY,YES,generator/Ui-app-DB-json/components/BuyButton.tsx,Consultar la política de reembolsos
es,home.json,body.purchase.checkout.opening,body.purchase.checkout,MISSING_KEY,YES,generator/Ui-app-DB-json/components/BuyButton.tsx,Abriendo el proceso de compra...
es,home.json,body.purchase.checkout.secureNote,body.purchase.checkout,MISSING_KEY,YES,generator/Ui-app-DB-json/components/BuyButton.tsx,Compra segura con tecnología de Stripe. Pago único. Sin suscripción.
es,home.json,body.purchase.checkout.error,body.purchase.checkout,MISSING_KEY,YES,generator/Ui-app-DB-json/components/BrowserErrorTracker.tsx; generator/Ui-app-DB-json/components/BuyButton.tsx,Algo salió mal al iniciar la compra. Inténtalo de nuevo.
es,home.json,body.purchase.success.metaTitle,body.purchase.success,MISSING_KEY,YES,generator/Ui-app-DB-json/app/[locale]/premium/page.tsx; generator/Ui-app-DB-json/app/[locale]/purchase/cancelled/page.tsx,Gracias por tu compra
es,home.json,body.purchase.success.eyebrow,body.purchase.success,MISSING_KEY,YES,generator/Ui-app-DB-json/app/[locale]/blog/page.tsx; generator/Ui-app-DB-json/app/[locale]/blog/[slug]/page.tsx,Pago confirmado
es,home.json,body.purchase.success.lede,body.purchase.success,MISSING_KEY,YES,generator/Ui-app-DB-json/app/[locale]/premium/page.tsx; generator/Ui-app-DB-json/app/[locale]/purchase/cancelled/page.tsx,Tu pago se realizó correctamente. Puede tardar unos segundos en aparecer en tu cuenta.
es,home.json,body.purchase.cancelled.metaTitle,body.purchase.cancelled,MISSING_KEY,YES,generator/Ui-app-DB-json/app/[locale]/premium/page.tsx; generator/Ui-app-DB-json/app/[locale]/purchase/cancelled/page.tsx,Compra cancelada
es,home.json,body.purchase.cancelled.eyebrow,body.purchase.cancelled,MISSING_KEY,YES,generator/Ui-app-DB-json/app/[locale]/blog/page.tsx; generator/Ui-app-DB-json/app/[locale]/blog/[slug]/page.tsx,No se realizó ningún cargo
es,home.json,body.purchase.cancelled.lede,body.purchase.cancelled,MISSING_KEY,YES,generator/Ui-app-DB-json/app/[locale]/premium/page.tsx; generator/Ui-app-DB-json/app/[locale]/purchase/cancelled/page.tsx,No se realizó ningún cargo. Puedes intentarlo de nuevo cuando quieras.
es,home.json,body.purchase.download.demoTitle,body.purchase.download,MISSING_KEY,YES,generator/Ui-app-DB-json/components/PurchaseDownloadLink.tsx,La prueba de compra local se superó correctamente.
es,home.json,body.purchase.download.demoText,body.purchase.download,MISSING_KEY,YES,generator/Ui-app-DB-json/components/PurchaseDownloadLink.tsx,La pantalla real de compra exitosa muestra aquí el botón de descarga del PDF. La demo local no libera el archivo privado.
es,home.json,body.purchase.download.button,body.purchase.download,MISSING_KEY,YES,generator/Ui-app-DB-json/components/BuyButton.tsx; generator/Ui-app-DB-json/components/CategoryMenu.tsx,Descarga tu pack de puzles
es,home.json,body.purchase.download.expires,body.purchase.download,MISSING_KEY,YES,generator/Ui-app-DB-json/components/PurchaseDownloadLink.tsx,Este enlace caduca en 24 horas. Guarda tu descarga en un lugar seguro.
es,home.json,body.purchase.download.failed,body.purchase.download,MISSING_KEY,YES,generator/Ui-app-DB-json/components/PurchaseDownloadLink.tsx,"Todavía no hemos podido confirmar tu compra. Si se te realizó un cargo, actualiza esta página en un minuto o contáctanos para obtener ayuda."
es,home.json,body.purchase.download.preparing,body.purchase.download,MISSING_KEY,YES,generator/Ui-app-DB-json/components/PurchaseDownloadLink.tsx,Preparando tu descarga...
es,home.json,body.purchase.shared.returnToPack,body.purchase.shared,MISSING_KEY,YES,generator/Ui-app-DB-json/app/[locale]/purchase/cancelled/page.tsx; generator/Ui-app-DB-json/components/PurchaseDownloadLink.tsx,Volver al pack de puzles
es,home.json,body.purchase.shared.contactUs,body.purchase.shared,MISSING_KEY,YES,generator/Ui-app-DB-json/components/PurchaseDownloadLink.tsx,Contáctanos
fa,home.json,body.purchase.premium.metaTitle,body.purchase.premium,MISSING_KEY,YES,generator/Ui-app-DB-json/app/[locale]/premium/page.tsx; generator/Ui-app-DB-json/app/[locale]/purchase/cancelled/page.tsx,بسته ویژه پرمیوم بهترین‌های ۲۰۲۶ پازل نقطه به نقطه
fa,home.json,body.purchase.premium.metaDescription,body.purchase.premium,MISSING_KEY,YES,generator/Ui-app-DB-json/app/[locale]/premium/page.tsx,مجموعه‌ای آماده چاپ از محبوب‌ترین پازل‌های نقطه به نقطه برای کودکان، در قالب یک فایل PDF کاربردی.
fa,home.json,body.purchase.premium.eyebrow,body.purchase.premium,MISSING_KEY,YES,generator/Ui-app-DB-json/app/[locale]/blog/page.tsx; generator/Ui-app-DB-json/app/[locale]/blog/[slug]/page.tsx,مجموعه پرمیوم قابل چاپ
fa,home.json,body.purchase.premium.lede,body.purchase.premium,MISSING_KEY,YES,generator/Ui-app-DB-json/app/[locale]/premium/page.tsx; generator/Ui-app-DB-json/app/[locale]/purchase/cancelled/page.tsx,مجموعه بهترین‌های ۲۰۲۶ محبوب‌ترین فعالیت‌های نقطه به نقطه ما را در یک بسته آسان برای چاپ گرد هم آورده است؛ مناسب لحظات آرام، روزهای بارانی، آموزش خانگی و کلاس درس.
fa,home.json,body.purchase.premium.digitalPdf,body.purchase.premium,MISSING_KEY,YES,generator/Ui-app-DB-json/app/[locale]/premium/page.tsx,فایل PDF دیجیتال
fa,home.json,body.purchase.premium.printAtHome,body.purchase.premium,MISSING_KEY,YES,generator/Ui-app-DB-json/app/[locale]/premium/page.tsx,چاپ در خانه
fa,home.json,body.purchase.premium.instantAccess,body.purchase.premium,MISSING_KEY,YES,generator/Ui-app-DB-json/app/[locale]/premium/page.tsx,دسترسی فوری
fa,home.json,body.purchase.premium.purchaseAria,body.purchase.premium,MISSING_KEY,YES,generator/Ui-app-DB-json/app/[locale]/premium/page.tsx,خرید بسته پازل بهترین‌های ۲۰۲۶
fa,home.json,body.purchase.premium.coverAlt,body.purchase.premium,MISSING_KEY,YES,generator/Ui-app-DB-json/app/[locale]/premium/page.tsx; generator/Ui-app-DB-json/components/BestOf2026BookAd.tsx,بهترین‌های ۲۰۲۶ - جلد کتاب ۲۵ پازل نقطه به نقطه
fa,home.json,body.purchase.premium.oneTime,body.purchase.premium,MISSING_KEY,YES,generator/Ui-app-DB-json/app/[locale]/premium/page.tsx,پرداخت یک‌باره
fa,home.json,body.purchase.premium.buyButton,body.purchase.premium,MISSING_KEY,YES,generator/Ui-app-DB-json/app/[locale]/premium/page.tsx,دریافت بسته پازل
fa,home.json,body.purchase.premium.localNote,body.purchase.premium,MISSING_KEY,YES,generator/Ui-app-DB-json/app/[locale]/premium/page.tsx,روی localhost، این گزینه یک نسخه آزمایشی امن از فرایند پرداخت را باز می‌کند و هرگز هزینه‌ای از کارت کسر نمی‌شود.
fa,home.json,body.purchase.premium.detailsEyebrow,body.purchase.premium,MISSING_KEY,YES,generator/Ui-app-DB-json/app/[locale]/premium/page.tsx,طراحی‌شده برای چاپ و بازی آسان
fa,home.json,body.purchase.premium.detailsText,body.purchase.premium,MISSING_KEY,YES,generator/Ui-app-DB-json/app/[locale]/premium/page.tsx,یک بار دانلود کنید، آن را در دسترس نگه دارید و هر وقت لازم بود، فعالیت‌های دلخواه را چاپ کنید.
fa,home.json,body.purchase.premium.benefits.onePdf,body.purchase.premium,MISSING_KEY,YES,generator/Ui-app-DB-json/app/[locale]/premium/page.tsx,یک فایل PDF کاربردی و آماده چاپ
fa,home.json,body.purchase.premium.benefits.kidFriendly,body.purchase.premium,MISSING_KEY,YES,generator/Ui-app-DB-json/app/[locale]/premium/page.tsx,پازل‌های مناسب کودکان با سطوح مختلف دشواری
fa,home.json,body.purchase.premium.benefits.paperSizes,body.purchase.premium,MISSING_KEY,YES,generator/Ui-app-DB-json/app/[locale]/premium/page.tsx,سازگار با کاغذ US Letter و A4
fa,home.json,body.purchase.premium.benefits.instantAccess,body.purchase.premium,MISSING_KEY,YES,generator/Ui-app-DB-json/app/[locale]/premium/page.tsx,دسترسی فوری پس از پرداخت موفق
fa,home.json,body.purchase.premium.benefits.classroomUse,body.purchase.premium,MISSING_KEY,YES,generator/Ui-app-DB-json/app/[locale]/premium/page.tsx,قابل استفاده در خانه یا یک کلاس درس
fa,home.json,body.purchase.premium.guaranteeText,body.purchase.premium,MISSING_KEY,YES,generator/Ui-app-DB-json/app/[locale]/premium/page.tsx,پس از تکمیل خرید، لینک دانلود خصوصی شما بلافاصله نمایش داده می‌شود. بدون اشتراک و بدون تمدید غافلگیرکننده.
fa,home.json,body.purchase.checkout.consent,body.purchase.checkout,MISSING_KEY,YES,generator/Ui-app-DB-json/components/BuyButton.tsx,موافقم که این فایل PDF دیجیتال بلافاصله تحویل داده شود و می‌دانم که پس از شروع دسترسی، خرید قطعی و غیرقابل بازگشت است، مگر در مواردی که قانون الزام کند یا فایل تحویل داده نشود یا معیوب باشد.
fa,home.json,body.purchase.checkout.refundPolicy,body.purchase.checkout,MISSING_KEY,YES,generator/Ui-app-DB-json/components/BuyButton.tsx,مطالعه سیاست بازگشت وجه
fa,home.json,body.purchase.checkout.opening,body.purchase.checkout,MISSING_KEY,YES,generator/Ui-app-DB-json/components/BuyButton.tsx,در حال باز کردن صفحه پرداخت...
fa,home.json,body.purchase.checkout.secureNote,body.purchase.checkout,MISSING_KEY,YES,generator/Ui-app-DB-json/components/BuyButton.tsx,پرداخت امن با پشتیبانی Stripe. پرداخت یک‌باره. بدون اشتراک.
fa,home.json,body.purchase.checkout.error,body.purchase.checkout,MISSING_KEY,YES,generator/Ui-app-DB-json/components/BrowserErrorTracker.tsx; generator/Ui-app-DB-json/components/BuyButton.tsx,مشکلی در شروع فرایند پرداخت پیش آمد. لطفاً دوباره تلاش کنید.
fa,home.json,body.purchase.success.metaTitle,body.purchase.success,MISSING_KEY,YES,generator/Ui-app-DB-json/app/[locale]/premium/page.tsx; generator/Ui-app-DB-json/app/[locale]/purchase/cancelled/page.tsx,از خرید شما سپاسگزاریم
fa,home.json,body.purchase.success.eyebrow,body.purchase.success,MISSING_KEY,YES,generator/Ui-app-DB-json/app/[locale]/blog/page.tsx; generator/Ui-app-DB-json/app/[locale]/blog/[slug]/page.tsx,پرداخت تأیید شد
fa,home.json,body.purchase.success.lede,body.purchase.success,MISSING_KEY,YES,generator/Ui-app-DB-json/app/[locale]/premium/page.tsx; generator/Ui-app-DB-json/app/[locale]/purchase/cancelled/page.tsx,پرداخت شما با موفقیت انجام شد. ممکن است چند ثانیه طول بکشد تا خرید شما در حساب کاربری‌تان نمایش داده شود.
fa,home.json,body.purchase.cancelled.metaTitle,body.purchase.cancelled,MISSING_KEY,YES,generator/Ui-app-DB-json/app/[locale]/premium/page.tsx; generator/Ui-app-DB-json/app/[locale]/purchase/cancelled/page.tsx,پرداخت لغو شد
fa,home.json,body.purchase.cancelled.eyebrow,body.purchase.cancelled,MISSING_KEY,YES,generator/Ui-app-DB-json/app/[locale]/blog/page.tsx; generator/Ui-app-DB-json/app/[locale]/blog/[slug]/page.tsx,هیچ مبلغی کسر نشد
fa,home.json,body.purchase.cancelled.lede,body.purchase.cancelled,MISSING_KEY,YES,generator/Ui-app-DB-json/app/[locale]/premium/page.tsx; generator/Ui-app-DB-json/app/[locale]/purchase/cancelled/page.tsx,هیچ هزینه‌ای کسر نشد. می‌توانید هر زمان که خواستید دوباره تلاش کنید.
fa,home.json,body.purchase.download.demoTitle,body.purchase.download,MISSING_KEY,YES,generator/Ui-app-DB-json/components/PurchaseDownloadLink.tsx,آزمایش محلی پرداخت با موفقیت انجام شد.
fa,home.json,body.purchase.download.demoText,body.purchase.download,MISSING_KEY,YES,generator/Ui-app-DB-json/components/PurchaseDownloadLink.tsx,در صفحه واقعی خرید موفق، دکمه دانلود PDF در همین‌جا نمایش داده می‌شود. نسخه آزمایشی محلی فایل خصوصی را ارائه نمی‌دهد.
fa,home.json,body.purchase.download.button,body.purchase.download,MISSING_KEY,YES,generator/Ui-app-DB-json/components/BuyButton.tsx; generator/Ui-app-DB-json/components/CategoryMenu.tsx,دانلود بسته پازل شما
fa,home.json,body.purchase.download.expires,body.purchase.download,MISSING_KEY,YES,generator/Ui-app-DB-json/components/PurchaseDownloadLink.tsx,این لینک تا ۲۴ ساعت دیگر منقضی می‌شود. فایل دانلودشده را در جای امنی ذخیره کنید.
fa,home.json,body.purchase.download.failed,body.purchase.download,MISSING_KEY,YES,generator/Ui-app-DB-json/components/PurchaseDownloadLink.tsx,هنوز نتوانستیم خرید شما را تأیید کنیم. اگر مبلغی از حساب شما کسر شده، لطفاً یک دقیقه دیگر صفحه را تازه‌سازی کنید یا برای کمک با ما تماس بگیرید.
fa,home.json,body.purchase.download.preparing,body.purchase.download,MISSING_KEY,YES,generator/Ui-app-DB-json/components/PurchaseDownloadLink.tsx,در حال آماده‌سازی فایل دانلود شما...
fa,home.json,body.purchase.shared.returnToPack,body.purchase.shared,MISSING_KEY,YES,generator/Ui-app-DB-json/app/[locale]/purchase/cancelled/page.tsx; generator/Ui-app-DB-json/components/PurchaseDownloadLink.tsx,بازگشت به بسته پازل
fa,home.json,body.purchase.shared.contactUs,body.purchase.shared,MISSING_KEY,YES,generator/Ui-app-DB-json/components/PurchaseDownloadLink.tsx,تماس با ما
fi,home.json,body.purchase.premium.metaTitle,body.purchase.premium,MISSING_KEY,YES,generator/Ui-app-DB-json/app/[locale]/premium/page.tsx; generator/Ui-app-DB-json/app/[locale]/purchase/cancelled/page.tsx,Best of 2026 -premium-yhdistä pisteet -pulmapaketti
fi,home.json,body.purchase.premium.metaDescription,body.purchase.premium,MISSING_KEY,YES,generator/Ui-app-DB-json/app/[locale]/premium/page.tsx,Tulostusvalmis kokoelma lasten suosikki yhdistä pisteet -tehtäviä yhdessä kätevässä PDF-tiedostossa.
fi,home.json,body.purchase.premium.eyebrow,body.purchase.premium,MISSING_KEY,YES,generator/Ui-app-DB-json/app/[locale]/blog/page.tsx; generator/Ui-app-DB-json/app/[locale]/blog/[slug]/page.tsx,Tulostettava premium-kokoelma
fi,home.json,body.purchase.premium.lede,body.purchase.premium,MISSING_KEY,YES,generator/Ui-app-DB-json/app/[locale]/premium/page.tsx; generator/Ui-app-DB-json/app/[locale]/purchase/cancelled/page.tsx,"Best of 2026 -kokoelma tuo suosikkimme yhdistä pisteet -tehtävät yhteen helposti tulostettavaan pakettiin rauhallisiin hetkiin, sadepäiviin, kotikouluun ja luokkahuoneeseen."
fi,home.json,body.purchase.premium.digitalPdf,body.purchase.premium,MISSING_KEY,YES,generator/Ui-app-DB-json/app/[locale]/premium/page.tsx,Digitaalinen PDF
fi,home.json,body.purchase.premium.printAtHome,body.purchase.premium,MISSING_KEY,YES,generator/Ui-app-DB-json/app/[locale]/premium/page.tsx,Tulosta kotona
fi,home.json,body.purchase.premium.instantAccess,body.purchase.premium,MISSING_KEY,YES,generator/Ui-app-DB-json/app/[locale]/premium/page.tsx,Välitön pääsy
fi,home.json,body.purchase.premium.purchaseAria,body.purchase.premium,MISSING_KEY,YES,generator/Ui-app-DB-json/app/[locale]/premium/page.tsx,Osta Best of 2026 -tehtäväpaketti
fi,home.json,body.purchase.premium.coverAlt,body.purchase.premium,MISSING_KEY,YES,generator/Ui-app-DB-json/app/[locale]/premium/page.tsx; generator/Ui-app-DB-json/components/BestOf2026BookAd.tsx,"Best of 2026 - 25 yhdistä pisteet -tehtävää, kirjan kansi"
fi,home.json,body.purchase.premium.oneTime,body.purchase.premium,MISSING_KEY,YES,generator/Ui-app-DB-json/app/[locale]/premium/page.tsx,kertamaksu
fi,home.json,body.purchase.premium.buyButton,body.purchase.premium,MISSING_KEY,YES,generator/Ui-app-DB-json/app/[locale]/premium/page.tsx,Hanki tehtäväpaketti
fi,home.json,body.purchase.premium.localNote,body.purchase.premium,MISSING_KEY,YES,generator/Ui-app-DB-json/app/[locale]/premium/page.tsx,"Paikallisessa ympäristössä (localhost) tämä avaa turvallisen maksudemon, eikä korttia koskaan veloiteta."
fi,home.json,body.purchase.premium.detailsEyebrow,body.purchase.premium,MISSING_KEY,YES,generator/Ui-app-DB-json/app/[locale]/premium/page.tsx,Suunniteltu helppoon tulostukseen ja leikkiin
fi,home.json,body.purchase.premium.detailsText,body.purchase.premium,MISSING_KEY,YES,generator/Ui-app-DB-json/app/[locale]/premium/page.tsx,"Lataa kerran, pidä tallessa ja tulosta haluamasi tehtävät aina tarvittaessa."
fi,home.json,body.purchase.premium.benefits.onePdf,body.purchase.premium,MISSING_KEY,YES,generator/Ui-app-DB-json/app/[locale]/premium/page.tsx,"Yksi kätevä, tulostusvalmis PDF"
fi,home.json,body.purchase.premium.benefits.kidFriendly,body.purchase.premium,MISSING_KEY,YES,generator/Ui-app-DB-json/app/[locale]/premium/page.tsx,Lapsille sopivia tehtäviä eri vaikeustasoilla
fi,home.json,body.purchase.premium.benefits.paperSizes,body.purchase.premium,MISSING_KEY,YES,generator/Ui-app-DB-json/app/[locale]/premium/page.tsx,Toimii US Letter- ja A4-paperilla
fi,home.json,body.purchase.premium.benefits.instantAccess,body.purchase.premium,MISSING_KEY,YES,generator/Ui-app-DB-json/app/[locale]/premium/page.tsx,Välitön pääsy onnistuneen maksun jälkeen
fi,home.json,body.purchase.premium.benefits.classroomUse,body.purchase.premium,MISSING_KEY,YES,generator/Ui-app-DB-json/app/[locale]/premium/page.tsx,Käytettävissä kotona tai yhdessä luokkahuoneessa
fi,home.json,body.purchase.premium.guaranteeText,body.purchase.premium,MISSING_KEY,YES,generator/Ui-app-DB-json/app/[locale]/premium/page.tsx,Maksun jälkeen yksityinen latauslinkkisi ilmestyy heti. Ei tilausta eikä yllättäviä uusimisia.
fi,home.json,body.purchase.checkout.consent,body.purchase.checkout,MISSING_KEY,YES,generator/Ui-app-DB-json/components/BuyButton.tsx,"Hyväksyn tämän digitaalisen PDF-tiedoston välittömän toimituksen ja ymmärrän, että kun käyttöoikeus alkaa, kauppa on lopullinen eikä sitä voi peruuttaa, paitsi lain niin vaatiessa tai jos tiedostoa ei toimiteta tai se on viallinen."
fi,home.json,body.purchase.checkout.refundPolicy,body.purchase.checkout,MISSING_KEY,YES,generator/Ui-app-DB-json/components/BuyButton.tsx,Lue palautuskäytäntö
fi,home.json,body.purchase.checkout.opening,body.purchase.checkout,MISSING_KEY,YES,generator/Ui-app-DB-json/components/BuyButton.tsx,Avataan kassaa...
fi,home.json,body.purchase.checkout.secureNote,body.purchase.checkout,MISSING_KEY,YES,generator/Ui-app-DB-json/components/BuyButton.tsx,Turvallinen maksu Stripen tuella. Kertamaksu. Ei tilausta.
fi,home.json,body.purchase.checkout.error,body.purchase.checkout,MISSING_KEY,YES,generator/Ui-app-DB-json/components/BrowserErrorTracker.tsx; generator/Ui-app-DB-json/components/BuyButton.tsx,Maksun aloittamisessa tapahtui virhe. Yritä uudelleen.
fi,home.json,body.purchase.success.metaTitle,body.purchase.success,MISSING_KEY,YES,generator/Ui-app-DB-json/app/[locale]/premium/page.tsx; generator/Ui-app-DB-json/app/[locale]/purchase/cancelled/page.tsx,Kiitos ostoksestasi
fi,home.json,body.purchase.success.eyebrow,body.purchase.success,MISSING_KEY,YES,generator/Ui-app-DB-json/app/[locale]/blog/page.tsx; generator/Ui-app-DB-json/app/[locale]/blog/[slug]/page.tsx,Maksu vahvistettu
fi,home.json,body.purchase.success.lede,body.purchase.success,MISSING_KEY,YES,generator/Ui-app-DB-json/app/[locale]/premium/page.tsx; generator/Ui-app-DB-json/app/[locale]/purchase/cancelled/page.tsx,Maksusi onnistui. Ostoksen näkyminen tililläsi voi kestää muutaman sekunnin.
fi,home.json,body.purchase.cancelled.metaTitle,body.purchase.cancelled,MISSING_KEY,YES,generator/Ui-app-DB-json/app/[locale]/premium/page.tsx; generator/Ui-app-DB-json/app/[locale]/purchase/cancelled/page.tsx,Maksu peruutettu
fi,home.json,body.purchase.cancelled.eyebrow,body.purchase.cancelled,MISSING_KEY,YES,generator/Ui-app-DB-json/app/[locale]/blog/page.tsx; generator/Ui-app-DB-json/app/[locale]/blog/[slug]/page.tsx,Maksua ei veloitettu
fi,home.json,body.purchase.cancelled.lede,body.purchase.cancelled,MISSING_KEY,YES,generator/Ui-app-DB-json/app/[locale]/premium/page.tsx; generator/Ui-app-DB-json/app/[locale]/purchase/cancelled/page.tsx,Maksua ei veloitettu. Voit yrittää uudelleen milloin tahansa.
fi,home.json,body.purchase.download.demoTitle,body.purchase.download,MISSING_KEY,YES,generator/Ui-app-DB-json/components/PurchaseDownloadLink.tsx,Paikallinen maksutesti onnistui.
fi,home.json,body.purchase.download.demoText,body.purchase.download,MISSING_KEY,YES,generator/Ui-app-DB-json/components/PurchaseDownloadLink.tsx,Oikealla onnistuneen maksun näytöllä näkyy tässä PDF-latauspainike. Paikallinen demo ei julkaise yksityistä tiedostoa.
fi,home.json,body.purchase.download.button,body.purchase.download,MISSING_KEY,YES,generator/Ui-app-DB-json/components/BuyButton.tsx; generator/Ui-app-DB-json/components/CategoryMenu.tsx,Lataa tehtäväpakettisi
fi,home.json,body.purchase.download.expires,body.purchase.download,MISSING_KEY,YES,generator/Ui-app-DB-json/components/PurchaseDownloadLink.tsx,Tämä linkki vanhenee 24 tunnin kuluttua. Tallenna latauksesi turvalliseen paikkaan.
fi,home.json,body.purchase.download.failed,body.purchase.download,MISSING_KEY,YES,generator/Ui-app-DB-json/components/PurchaseDownloadLink.tsx,"Emme voineet vielä vahvistaa ostostasi. Jos sinulta veloitettiin, päivitä tämä sivu hetken kuluttua tai ota meihin yhteyttä."
fi,home.json,body.purchase.download.preparing,body.purchase.download,MISSING_KEY,YES,generator/Ui-app-DB-json/components/PurchaseDownloadLink.tsx,Valmistellaan latausta...
fi,home.json,body.purchase.shared.returnToPack,body.purchase.shared,MISSING_KEY,YES,generator/Ui-app-DB-json/app/[locale]/purchase/cancelled/page.tsx; generator/Ui-app-DB-json/components/PurchaseDownloadLink.tsx,Palaa tehtäväpakettiin
fi,home.json,body.purchase.shared.contactUs,body.purchase.shared,MISSING_KEY,YES,generator/Ui-app-DB-json/components/PurchaseDownloadLink.tsx,Ota yhteyttä
fr,home.json,body.purchase.premium.metaTitle,body.purchase.premium,MISSING_KEY,YES,generator/Ui-app-DB-json/app/[locale]/premium/page.tsx; generator/Ui-app-DB-json/app/[locale]/purchase/cancelled/page.tsx,Pack Premium Best of 2026 de puzzles Relier les Points
fr,home.json,body.purchase.premium.metaDescription,body.purchase.premium,MISSING_KEY,YES,generator/Ui-app-DB-json/app/[locale]/premium/page.tsx,"Une collection prête à imprimer des puzzles « relier les points » préférés des enfants, réunis dans un PDF pratique."
fr,home.json,body.purchase.premium.eyebrow,body.purchase.premium,MISSING_KEY,YES,generator/Ui-app-DB-json/app/[locale]/blog/page.tsx; generator/Ui-app-DB-json/app/[locale]/blog/[slug]/page.tsx,Collection premium à imprimer
fr,home.json,body.purchase.premium.lede,body.purchase.premium,MISSING_KEY,YES,generator/Ui-app-DB-json/app/[locale]/premium/page.tsx; generator/Ui-app-DB-json/app/[locale]/purchase/cancelled/page.tsx,"La collection Best of 2026 rassemble nos activités « relier les points » préférées dans un pack facile à imprimer, parfait pour les moments calmes, les jours de pluie, l'école à la maison et la classe."
fr,home.json,body.purchase.premium.digitalPdf,body.purchase.premium,MISSING_KEY,YES,generator/Ui-app-DB-json/app/[locale]/premium/page.tsx,PDF numérique
fr,home.json,body.purchase.premium.printAtHome,body.purchase.premium,MISSING_KEY,YES,generator/Ui-app-DB-json/app/[locale]/premium/page.tsx,Impression à la maison
fr,home.json,body.purchase.premium.instantAccess,body.purchase.premium,MISSING_KEY,YES,generator/Ui-app-DB-json/app/[locale]/premium/page.tsx,Accès immédiat
fr,home.json,body.purchase.premium.purchaseAria,body.purchase.premium,MISSING_KEY,YES,generator/Ui-app-DB-json/app/[locale]/premium/page.tsx,Acheter le pack de puzzles Best of 2026
fr,home.json,body.purchase.premium.coverAlt,body.purchase.premium,MISSING_KEY,YES,generator/Ui-app-DB-json/app/[locale]/premium/page.tsx; generator/Ui-app-DB-json/components/BestOf2026BookAd.tsx,Best of 2026 - Couverture du livre de 25 puzzles Relier les Points
fr,home.json,body.purchase.premium.oneTime,body.purchase.premium,MISSING_KEY,YES,generator/Ui-app-DB-json/app/[locale]/premium/page.tsx,paiement unique
fr,home.json,body.purchase.premium.buyButton,body.purchase.premium,MISSING_KEY,YES,generator/Ui-app-DB-json/app/[locale]/premium/page.tsx,Obtenir le pack de puzzles
fr,home.json,body.purchase.premium.localNote,body.purchase.premium,MISSING_KEY,YES,generator/Ui-app-DB-json/app/[locale]/premium/page.tsx,"Sur localhost, cela ouvre une démo de paiement sécurisée et ne débite jamais de carte."
fr,home.json,body.purchase.premium.detailsEyebrow,body.purchase.premium,MISSING_KEY,YES,generator/Ui-app-DB-json/app/[locale]/premium/page.tsx,Conçu pour imprimer et jouer facilement
fr,home.json,body.purchase.premium.detailsText,body.purchase.premium,MISSING_KEY,YES,generator/Ui-app-DB-json/app/[locale]/premium/page.tsx,"Téléchargez une fois, gardez-le à portée de main et imprimez les activités souhaitées dès que vous en avez besoin."
fr,home.json,body.purchase.premium.benefits.onePdf,body.purchase.premium,MISSING_KEY,YES,generator/Ui-app-DB-json/app/[locale]/premium/page.tsx,"Un seul PDF pratique, prêt à imprimer"
fr,home.json,body.purchase.premium.benefits.kidFriendly,body.purchase.premium,MISSING_KEY,YES,generator/Ui-app-DB-json/app/[locale]/premium/page.tsx,"Des puzzles adaptés aux enfants, avec plusieurs niveaux de difficulté"
fr,home.json,body.purchase.premium.benefits.paperSizes,body.purchase.premium,MISSING_KEY,YES,generator/Ui-app-DB-json/app/[locale]/premium/page.tsx,Compatible avec le papier US Letter et A4
fr,home.json,body.purchase.premium.benefits.instantAccess,body.purchase.premium,MISSING_KEY,YES,generator/Ui-app-DB-json/app/[locale]/premium/page.tsx,Accès immédiat après un paiement réussi
fr,home.json,body.purchase.premium.benefits.classroomUse,body.purchase.premium,MISSING_KEY,YES,generator/Ui-app-DB-json/app/[locale]/premium/page.tsx,Utilisable à la maison ou dans une seule classe
fr,home.json,body.purchase.premium.guaranteeText,body.purchase.premium,MISSING_KEY,YES,generator/Ui-app-DB-json/app/[locale]/premium/page.tsx,"Après le paiement, votre lien de téléchargement privé apparaît immédiatement. Pas d'abonnement, pas de renouvellement surprise."
fr,home.json,body.purchase.checkout.consent,body.purchase.checkout,MISSING_KEY,YES,generator/Ui-app-DB-json/components/BuyButton.tsx,"J'accepte la livraison immédiate de ce PDF numérique et je comprends qu'une fois l'accès accordé, la vente est définitive et non remboursable, sauf disposition légale contraire ou si le fichier n'est pas livré ou est défectueux."
fr,home.json,body.purchase.checkout.refundPolicy,body.purchase.checkout,MISSING_KEY,YES,generator/Ui-app-DB-json/components/BuyButton.tsx,Consulter la politique de remboursement
fr,home.json,body.purchase.checkout.opening,body.purchase.checkout,MISSING_KEY,YES,generator/Ui-app-DB-json/components/BuyButton.tsx,Ouverture du paiement...
fr,home.json,body.purchase.checkout.secureNote,body.purchase.checkout,MISSING_KEY,YES,generator/Ui-app-DB-json/components/BuyButton.tsx,Paiement sécurisé propulsé par Stripe. Paiement unique. Pas d'abonnement.
fr,home.json,body.purchase.checkout.error,body.purchase.checkout,MISSING_KEY,YES,generator/Ui-app-DB-json/components/BrowserErrorTracker.tsx; generator/Ui-app-DB-json/components/BuyButton.tsx,Une erreur est survenue lors du démarrage du paiement. Veuillez réessayer.
fr,home.json,body.purchase.success.metaTitle,body.purchase.success,MISSING_KEY,YES,generator/Ui-app-DB-json/app/[locale]/premium/page.tsx; generator/Ui-app-DB-json/app/[locale]/purchase/cancelled/page.tsx,Merci pour votre achat
fr,home.json,body.purchase.success.eyebrow,body.purchase.success,MISSING_KEY,YES,generator/Ui-app-DB-json/app/[locale]/blog/page.tsx; generator/Ui-app-DB-json/app/[locale]/blog/[slug]/page.tsx,Paiement confirmé
fr,home.json,body.purchase.success.lede,body.purchase.success,MISSING_KEY,YES,generator/Ui-app-DB-json/app/[locale]/premium/page.tsx; generator/Ui-app-DB-json/app/[locale]/purchase/cancelled/page.tsx,Votre paiement a été effectué avec succès. Il peut s'écouler quelques secondes avant que votre achat n'apparaisse sur votre compte.
fr,home.json,body.purchase.cancelled.metaTitle,body.purchase.cancelled,MISSING_KEY,YES,generator/Ui-app-DB-json/app/[locale]/premium/page.tsx; generator/Ui-app-DB-json/app/[locale]/purchase/cancelled/page.tsx,Paiement annulé
fr,home.json,body.purchase.cancelled.eyebrow,body.purchase.cancelled,MISSING_KEY,YES,generator/Ui-app-DB-json/app/[locale]/blog/page.tsx; generator/Ui-app-DB-json/app/[locale]/blog/[slug]/page.tsx,Aucun paiement effectué
fr,home.json,body.purchase.cancelled.lede,body.purchase.cancelled,MISSING_KEY,YES,generator/Ui-app-DB-json/app/[locale]/premium/page.tsx; generator/Ui-app-DB-json/app/[locale]/purchase/cancelled/page.tsx,Aucun montant n'a été débité. Vous pouvez réessayer à tout moment.
fr,home.json,body.purchase.download.demoTitle,body.purchase.download,MISSING_KEY,YES,generator/Ui-app-DB-json/components/PurchaseDownloadLink.tsx,Le test de paiement local a réussi.
fr,home.json,body.purchase.download.demoText,body.purchase.download,MISSING_KEY,YES,generator/Ui-app-DB-json/components/PurchaseDownloadLink.tsx,Le véritable écran de succès affiche ici le bouton de téléchargement du PDF. La démo locale ne libère pas le fichier privé.
fr,home.json,body.purchase.download.button,body.purchase.download,MISSING_KEY,YES,generator/Ui-app-DB-json/components/BuyButton.tsx; generator/Ui-app-DB-json/components/CategoryMenu.tsx,Téléchargez votre pack de puzzles
fr,home.json,body.purchase.download.expires,body.purchase.download,MISSING_KEY,YES,generator/Ui-app-DB-json/components/PurchaseDownloadLink.tsx,Ce lien expire dans 24 heures. Enregistrez votre téléchargement dans un endroit sûr.
fr,home.json,body.purchase.download.failed,body.purchase.download,MISSING_KEY,YES,generator/Ui-app-DB-json/components/PurchaseDownloadLink.tsx,"Nous n'avons pas encore pu confirmer votre achat. Si vous avez été débité, actualisez cette page dans une minute ou contactez-nous pour obtenir de l'aide."
fr,home.json,body.purchase.download.preparing,body.purchase.download,MISSING_KEY,YES,generator/Ui-app-DB-json/components/PurchaseDownloadLink.tsx,Préparation de votre téléchargement...
fr,home.json,body.purchase.shared.returnToPack,body.purchase.shared,MISSING_KEY,YES,generator/Ui-app-DB-json/app/[locale]/purchase/cancelled/page.tsx; generator/Ui-app-DB-json/components/PurchaseDownloadLink.tsx,Retour au pack de puzzles
fr,home.json,body.purchase.shared.contactUs,body.purchase.shared,MISSING_KEY,YES,generator/Ui-app-DB-json/components/PurchaseDownloadLink.tsx,Nous contacter
hr,home.json,body.purchase.premium.metaTitle,body.purchase.premium,MISSING_KEY,YES,generator/Ui-app-DB-json/app/[locale]/premium/page.tsx; generator/Ui-app-DB-json/app/[locale]/purchase/cancelled/page.tsx,Premium paket Best of 2026 – slagalice spoji točke
hr,home.json,body.purchase.premium.metaDescription,body.purchase.premium,MISSING_KEY,YES,generator/Ui-app-DB-json/app/[locale]/premium/page.tsx,"Zbirka omiljenih dječjih slagalica spoji-točke, spremna za ispis i objedinjena u praktičan PDF."
hr,home.json,body.purchase.premium.eyebrow,body.purchase.premium,MISSING_KEY,YES,generator/Ui-app-DB-json/app/[locale]/blog/page.tsx; generator/Ui-app-DB-json/app/[locale]/blog/[slug]/page.tsx,Premium zbirka za ispis
hr,home.json,body.purchase.premium.lede,body.purchase.premium,MISSING_KEY,YES,generator/Ui-app-DB-json/app/[locale]/premium/page.tsx; generator/Ui-app-DB-json/app/[locale]/purchase/cancelled/page.tsx,"Zbirka Best of 2026 donosi naše omiljene aktivnosti spoji-točke u jednom paketu jednostavnom za ispis, savršenom za mirne trenutke, kišne dane, kućno obrazovanje i učionicu."
hr,home.json,body.purchase.premium.digitalPdf,body.purchase.premium,MISSING_KEY,YES,generator/Ui-app-DB-json/app/[locale]/premium/page.tsx,Digitalni PDF
hr,home.json,body.purchase.premium.printAtHome,body.purchase.premium,MISSING_KEY,YES,generator/Ui-app-DB-json/app/[locale]/premium/page.tsx,Ispis kod kuće
hr,home.json,body.purchase.premium.instantAccess,body.purchase.premium,MISSING_KEY,YES,generator/Ui-app-DB-json/app/[locale]/premium/page.tsx,Trenutni pristup
hr,home.json,body.purchase.premium.purchaseAria,body.purchase.premium,MISSING_KEY,YES,generator/Ui-app-DB-json/app/[locale]/premium/page.tsx,Kupite paket slagalica Best of 2026
hr,home.json,body.purchase.premium.coverAlt,body.purchase.premium,MISSING_KEY,YES,generator/Ui-app-DB-json/app/[locale]/premium/page.tsx; generator/Ui-app-DB-json/components/BestOf2026BookAd.tsx,Best of 2026 - naslovnica knjige s 25 slagalica spoji točke
hr,home.json,body.purchase.premium.oneTime,body.purchase.premium,MISSING_KEY,YES,generator/Ui-app-DB-json/app/[locale]/premium/page.tsx,jednokratno
hr,home.json,body.purchase.premium.buyButton,body.purchase.premium,MISSING_KEY,YES,generator/Ui-app-DB-json/app/[locale]/premium/page.tsx,Nabavite paket slagalica
hr,home.json,body.purchase.premium.localNote,body.purchase.premium,MISSING_KEY,YES,generator/Ui-app-DB-json/app/[locale]/premium/page.tsx,Na localhostu ovo otvara sigurnu demo verziju plaćanja i nikada ne naplaćuje karticu.
hr,home.json,body.purchase.premium.detailsEyebrow,body.purchase.premium,MISSING_KEY,YES,generator/Ui-app-DB-json/app/[locale]/premium/page.tsx,Osmišljeno za jednostavan ispis i igru
hr,home.json,body.purchase.premium.detailsText,body.purchase.premium,MISSING_KEY,YES,generator/Ui-app-DB-json/app/[locale]/premium/page.tsx,"Preuzmite jednom, držite pri ruci i ispišite željene aktivnosti kad god vam zatrebaju."
hr,home.json,body.purchase.premium.benefits.onePdf,body.purchase.premium,MISSING_KEY,YES,generator/Ui-app-DB-json/app/[locale]/premium/page.tsx,Jedan praktičan PDF spreman za ispis
hr,home.json,body.purchase.premium.benefits.kidFriendly,body.purchase.premium,MISSING_KEY,YES,generator/Ui-app-DB-json/app/[locale]/premium/page.tsx,Slagalice prilagođene djeci s različitim stupnjevima težine
hr,home.json,body.purchase.premium.benefits.paperSizes,body.purchase.premium,MISSING_KEY,YES,generator/Ui-app-DB-json/app/[locale]/premium/page.tsx,Radi na papiru US Letter i A4 formata
hr,home.json,body.purchase.premium.benefits.instantAccess,body.purchase.premium,MISSING_KEY,YES,generator/Ui-app-DB-json/app/[locale]/premium/page.tsx,Trenutni pristup nakon uspješnog plaćanja
hr,home.json,body.purchase.premium.benefits.classroomUse,body.purchase.premium,MISSING_KEY,YES,generator/Ui-app-DB-json/app/[locale]/premium/page.tsx,Za korištenje kod kuće ili u jednoj učionici
hr,home.json,body.purchase.premium.guaranteeText,body.purchase.premium,MISSING_KEY,YES,generator/Ui-app-DB-json/app/[locale]/premium/page.tsx,Nakon plaćanja odmah se pojavljuje vaša privatna poveznica za preuzimanje. Bez pretplate i bez iznenadnih obnova.
hr,home.json,body.purchase.checkout.consent,body.purchase.checkout,MISSING_KEY,YES,generator/Ui-app-DB-json/components/BuyButton.tsx,"Slažem se s trenutnom dostavom ovog digitalnog PDF-a i razumijem da je, nakon što pristup započne, kupnja konačna i nepovratna, osim ako je to zakonom propisano ili ako datoteka nije isporučena ili je neispravna."
hr,home.json,body.purchase.checkout.refundPolicy,body.purchase.checkout,MISSING_KEY,YES,generator/Ui-app-DB-json/components/BuyButton.tsx,Pročitajte politiku povrata novca
hr,home.json,body.purchase.checkout.opening,body.purchase.checkout,MISSING_KEY,YES,generator/Ui-app-DB-json/components/BuyButton.tsx,Otvaranje plaćanja...
hr,home.json,body.purchase.checkout.secureNote,body.purchase.checkout,MISSING_KEY,YES,generator/Ui-app-DB-json/components/BuyButton.tsx,Sigurno plaćanje putem Stripea. Jednokratno plaćanje. Bez pretplate.
hr,home.json,body.purchase.checkout.error,body.purchase.checkout,MISSING_KEY,YES,generator/Ui-app-DB-json/components/BrowserErrorTracker.tsx; generator/Ui-app-DB-json/components/BuyButton.tsx,Došlo je do pogreške pri pokretanju plaćanja. Pokušajte ponovno.
hr,home.json,body.purchase.success.metaTitle,body.purchase.success,MISSING_KEY,YES,generator/Ui-app-DB-json/app/[locale]/premium/page.tsx; generator/Ui-app-DB-json/app/[locale]/purchase/cancelled/page.tsx,Hvala vam na kupnji
hr,home.json,body.purchase.success.eyebrow,body.purchase.success,MISSING_KEY,YES,generator/Ui-app-DB-json/app/[locale]/blog/page.tsx; generator/Ui-app-DB-json/app/[locale]/blog/[slug]/page.tsx,Plaćanje potvrđeno
hr,home.json,body.purchase.success.lede,body.purchase.success,MISSING_KEY,YES,generator/Ui-app-DB-json/app/[locale]/premium/page.tsx; generator/Ui-app-DB-json/app/[locale]/purchase/cancelled/page.tsx,Vaše plaćanje je uspješno provedeno. Kupnja se na vašem računu može pojaviti nakon nekoliko sekundi.
hr,home.json,body.purchase.cancelled.metaTitle,body.purchase.cancelled,MISSING_KEY,YES,generator/Ui-app-DB-json/app/[locale]/premium/page.tsx; generator/Ui-app-DB-json/app/[locale]/purchase/cancelled/page.tsx,Plaćanje otkazano
hr,home.json,body.purchase.cancelled.eyebrow,body.purchase.cancelled,MISSING_KEY,YES,generator/Ui-app-DB-json/app/[locale]/blog/page.tsx; generator/Ui-app-DB-json/app/[locale]/blog/[slug]/page.tsx,Naplata nije izvršena
hr,home.json,body.purchase.cancelled.lede,body.purchase.cancelled,MISSING_KEY,YES,generator/Ui-app-DB-json/app/[locale]/premium/page.tsx; generator/Ui-app-DB-json/app/[locale]/purchase/cancelled/page.tsx,Naplata nije izvršena. Možete pokušati ponovno u bilo kojem trenutku.
hr,home.json,body.purchase.download.demoTitle,body.purchase.download,MISSING_KEY,YES,generator/Ui-app-DB-json/components/PurchaseDownloadLink.tsx,Lokalni test plaćanja uspješno je proveden.
hr,home.json,body.purchase.download.demoText,body.purchase.download,MISSING_KEY,YES,generator/Ui-app-DB-json/components/PurchaseDownloadLink.tsx,Na stvarnom zaslonu uspješne kupnje ovdje se prikazuje gumb za preuzimanje PDF-a. Lokalna demo verzija ne otključava privatnu datoteku.
hr,home.json,body.purchase.download.button,body.purchase.download,MISSING_KEY,YES,generator/Ui-app-DB-json/components/BuyButton.tsx; generator/Ui-app-DB-json/components/CategoryMenu.tsx,Preuzmite svoj paket slagalica
hr,home.json,body.purchase.download.expires,body.purchase.download,MISSING_KEY,YES,generator/Ui-app-DB-json/components/PurchaseDownloadLink.tsx,Ova poveznica istječe za 24 sata. Spremite preuzetu datoteku na sigurno mjesto.
hr,home.json,body.purchase.download.failed,body.purchase.download,MISSING_KEY,YES,generator/Ui-app-DB-json/components/PurchaseDownloadLink.tsx,"Još nismo mogli potvrditi vašu kupnju. Ako vam je naplaćeno, osvježite ovu stranicu za minutu ili nas kontaktirajte za pomoć."
hr,home.json,body.purchase.download.preparing,body.purchase.download,MISSING_KEY,YES,generator/Ui-app-DB-json/components/PurchaseDownloadLink.tsx,Priprema vašeg preuzimanja...
hr,home.json,body.purchase.shared.returnToPack,body.purchase.shared,MISSING_KEY,YES,generator/Ui-app-DB-json/app/[locale]/purchase/cancelled/page.tsx; generator/Ui-app-DB-json/components/PurchaseDownloadLink.tsx,Povratak na paket slagalica
hr,home.json,body.purchase.shared.contactUs,body.purchase.shared,MISSING_KEY,YES,generator/Ui-app-DB-json/components/PurchaseDownloadLink.tsx,Kontaktirajte nas
hu,home.json,body.purchase.premium.metaTitle,body.purchase.premium,MISSING_KEY,YES,generator/Ui-app-DB-json/app/[locale]/premium/page.tsx; generator/Ui-app-DB-json/app/[locale]/purchase/cancelled/page.tsx,Best of 2026 Prémium Kösd Össze a Pontokat Puzzle-csomag
hu,home.json,body.purchase.premium.metaDescription,body.purchase.premium,MISSING_KEY,YES,generator/Ui-app-DB-json/app/[locale]/premium/page.tsx,"Nyomtatásra kész gyűjtemény a gyerekek kedvenc pontösszekötős rejtvényeiből, egyetlen kényelmes PDF-be gyűjtve."
hu,home.json,body.purchase.premium.eyebrow,body.purchase.premium,MISSING_KEY,YES,generator/Ui-app-DB-json/app/[locale]/blog/page.tsx; generator/Ui-app-DB-json/app/[locale]/blog/[slug]/page.tsx,Nyomtatható prémium gyűjtemény
hu,home.json,body.purchase.premium.lede,body.purchase.premium,MISSING_KEY,YES,generator/Ui-app-DB-json/app/[locale]/premium/page.tsx; generator/Ui-app-DB-json/app/[locale]/purchase/cancelled/page.tsx,"A Best of 2026 gyűjtemény egyetlen, könnyen nyomtatható csomagba gyűjti kedvenc pontösszekötős tevékenységeinket – tökéletes a nyugodt percekre, esős napokra, otthoni tanulásra és a tanórákra."
hu,home.json,body.purchase.premium.digitalPdf,body.purchase.premium,MISSING_KEY,YES,generator/Ui-app-DB-json/app/[locale]/premium/page.tsx,Digitális PDF
hu,home.json,body.purchase.premium.printAtHome,body.purchase.premium,MISSING_KEY,YES,generator/Ui-app-DB-json/app/[locale]/premium/page.tsx,Otthoni nyomtatás
hu,home.json,body.purchase.premium.instantAccess,body.purchase.premium,MISSING_KEY,YES,generator/Ui-app-DB-json/app/[locale]/premium/page.tsx,Azonnali hozzáférés
hu,home.json,body.purchase.premium.purchaseAria,body.purchase.premium,MISSING_KEY,YES,generator/Ui-app-DB-json/app/[locale]/premium/page.tsx,Best of 2026 rejtvénycsomag megvásárlása
hu,home.json,body.purchase.premium.coverAlt,body.purchase.premium,MISSING_KEY,YES,generator/Ui-app-DB-json/app/[locale]/premium/page.tsx; generator/Ui-app-DB-json/components/BestOf2026BookAd.tsx,"Best of 2026 - 25 pontösszekötős rejtvény, könyvborító"
hu,home.json,body.purchase.premium.oneTime,body.purchase.premium,MISSING_KEY,YES,generator/Ui-app-DB-json/app/[locale]/premium/page.tsx,egyszeri fizetés
hu,home.json,body.purchase.premium.buyButton,body.purchase.premium,MISSING_KEY,YES,generator/Ui-app-DB-json/app/[locale]/premium/page.tsx,Szerezd meg a rejtvénycsomagot
hu,home.json,body.purchase.premium.localNote,body.purchase.premium,MISSING_KEY,YES,generator/Ui-app-DB-json/app/[locale]/premium/page.tsx,"Localhoston ez egy biztonságos fizetési demót nyit meg, és soha nem terheli meg a kártyát."
hu,home.json,body.purchase.premium.detailsEyebrow,body.purchase.premium,MISSING_KEY,YES,generator/Ui-app-DB-json/app/[locale]/premium/page.tsx,Egyszerű nyomtatásra és játékra tervezve
hu,home.json,body.purchase.premium.detailsText,body.purchase.premium,MISSING_KEY,YES,generator/Ui-app-DB-json/app/[locale]/premium/page.tsx,"Töltsd le egyszer, tartsd kéznél, és nyomtasd ki a kívánt tevékenységeket, amikor csak szükséged van rájuk."
hu,home.json,body.purchase.premium.benefits.onePdf,body.purchase.premium,MISSING_KEY,YES,generator/Ui-app-DB-json/app/[locale]/premium/page.tsx,"Egy kényelmes, nyomtatásra kész PDF"
hu,home.json,body.purchase.premium.benefits.kidFriendly,body.purchase.premium,MISSING_KEY,YES,generator/Ui-app-DB-json/app/[locale]/premium/page.tsx,Gyerekbarát rejtvények változatos nehézségi szinttel
hu,home.json,body.purchase.premium.benefits.paperSizes,body.purchase.premium,MISSING_KEY,YES,generator/Ui-app-DB-json/app/[locale]/premium/page.tsx,US Letter és A4 papírméretre is alkalmas
hu,home.json,body.purchase.premium.benefits.instantAccess,body.purchase.premium,MISSING_KEY,YES,generator/Ui-app-DB-json/app/[locale]/premium/page.tsx,Azonnali hozzáférés sikeres fizetés után
hu,home.json,body.purchase.premium.benefits.classroomUse,body.purchase.premium,MISSING_KEY,YES,generator/Ui-app-DB-json/app/[locale]/premium/page.tsx,Otthon vagy egyetlen tanteremben használható
hu,home.json,body.purchase.premium.guaranteeText,body.purchase.premium,MISSING_KEY,YES,generator/Ui-app-DB-json/app/[locale]/premium/page.tsx,"A fizetés után azonnal megjelenik a privát letöltési linked. Nincs előfizetés, és nincs meglepetésszerű megújítás."
hu,home.json,body.purchase.checkout.consent,body.purchase.checkout,MISSING_KEY,YES,generator/Ui-app-DB-json/components/BuyButton.tsx,"Elfogadom ennek a digitális PDF-nek az azonnali kézbesítését, és tudomásul veszem, hogy a hozzáférés megkezdését követően a vásárlás végleges és nem visszatéríthető, kivéve, ha ezt jogszabály írja elő, vagy ha a fájlt nem kézbesítik, illetve az hibás."
hu,home.json,body.purchase.checkout.refundPolicy,body.purchase.checkout,MISSING_KEY,YES,generator/Ui-app-DB-json/components/BuyButton.tsx,Visszatérítési szabályzat elolvasása
hu,home.json,body.purchase.checkout.opening,body.purchase.checkout,MISSING_KEY,YES,generator/Ui-app-DB-json/components/BuyButton.tsx,Fizetési folyamat megnyitása...
hu,home.json,body.purchase.checkout.secureNote,body.purchase.checkout,MISSING_KEY,YES,generator/Ui-app-DB-json/components/BuyButton.tsx,Biztonságos fizetés a Stripe támogatásával. Egyszeri fizetés. Nincs előfizetés.
hu,home.json,body.purchase.checkout.error,body.purchase.checkout,MISSING_KEY,YES,generator/Ui-app-DB-json/components/BrowserErrorTracker.tsx; generator/Ui-app-DB-json/components/BuyButton.tsx,"Hiba történt a fizetés indításakor. Kérjük, próbáld újra."
hu,home.json,body.purchase.success.metaTitle,body.purchase.success,MISSING_KEY,YES,generator/Ui-app-DB-json/app/[locale]/premium/page.tsx; generator/Ui-app-DB-json/app/[locale]/purchase/cancelled/page.tsx,Köszönjük a vásárlást
hu,home.json,body.purchase.success.eyebrow,body.purchase.success,MISSING_KEY,YES,generator/Ui-app-DB-json/app/[locale]/blog/page.tsx; generator/Ui-app-DB-json/app/[locale]/blog/[slug]/page.tsx,Fizetés megerősítve
hu,home.json,body.purchase.success.lede,body.purchase.success,MISSING_KEY,YES,generator/Ui-app-DB-json/app/[locale]/premium/page.tsx; generator/Ui-app-DB-json/app/[locale]/purchase/cancelled/page.tsx,"A fizetés sikeres volt. Előfordulhat, hogy néhány másodpercbe telik, amíg a vásárlás megjelenik a fiókodban."
hu,home.json,body.purchase.cancelled.metaTitle,body.purchase.cancelled,MISSING_KEY,YES,generator/Ui-app-DB-json/app/[locale]/premium/page.tsx; generator/Ui-app-DB-json/app/[locale]/purchase/cancelled/page.tsx,Fizetés megszakítva
hu,home.json,body.purchase.cancelled.eyebrow,body.purchase.cancelled,MISSING_KEY,YES,generator/Ui-app-DB-json/app/[locale]/blog/page.tsx; generator/Ui-app-DB-json/app/[locale]/blog/[slug]/page.tsx,Nem történt terhelés
hu,home.json,body.purchase.cancelled.lede,body.purchase.cancelled,MISSING_KEY,YES,generator/Ui-app-DB-json/app/[locale]/premium/page.tsx; generator/Ui-app-DB-json/app/[locale]/purchase/cancelled/page.tsx,Nem történt terhelés. Bármikor újra megpróbálhatod.
hu,home.json,body.purchase.download.demoTitle,body.purchase.download,MISSING_KEY,YES,generator/Ui-app-DB-json/components/PurchaseDownloadLink.tsx,A helyi fizetési teszt sikeres volt.
hu,home.json,body.purchase.download.demoText,body.purchase.download,MISSING_KEY,YES,generator/Ui-app-DB-json/components/PurchaseDownloadLink.tsx,A valódi sikeres fizetési képernyőn itt jelenik meg a PDF letöltési gombja. A helyi demó nem adja ki a privát fájlt.
hu,home.json,body.purchase.download.button,body.purchase.download,MISSING_KEY,YES,generator/Ui-app-DB-json/components/BuyButton.tsx; generator/Ui-app-DB-json/components/CategoryMenu.tsx,Töltsd le a rejtvénycsomagot
hu,home.json,body.purchase.download.expires,body.purchase.download,MISSING_KEY,YES,generator/Ui-app-DB-json/components/PurchaseDownloadLink.tsx,Ez a link 24 óra múlva lejár. Mentsd el a letöltött fájlt biztonságos helyre.
hu,home.json,body.purchase.download.failed,body.purchase.download,MISSING_KEY,YES,generator/Ui-app-DB-json/components/PurchaseDownloadLink.tsx,"Még nem tudtuk megerősíteni a vásárlásodat. Ha megtörtént a terhelés, frissítsd az oldalt egy perc múlva, vagy vedd fel velünk a kapcsolatot segítségért."
hu,home.json,body.purchase.download.preparing,body.purchase.download,MISSING_KEY,YES,generator/Ui-app-DB-json/components/PurchaseDownloadLink.tsx,Letöltés előkészítése...
hu,home.json,body.purchase.shared.returnToPack,body.purchase.shared,MISSING_KEY,YES,generator/Ui-app-DB-json/app/[locale]/purchase/cancelled/page.tsx; generator/Ui-app-DB-json/components/PurchaseDownloadLink.tsx,Vissza a rejtvénycsomaghoz
hu,home.json,body.purchase.shared.contactUs,body.purchase.shared,MISSING_KEY,YES,generator/Ui-app-DB-json/components/PurchaseDownloadLink.tsx,Kapcsolatfelvétel
id,home.json,body.purchase.premium.metaTitle,body.purchase.premium,MISSING_KEY,YES,generator/Ui-app-DB-json/app/[locale]/premium/page.tsx; generator/Ui-app-DB-json/app/[locale]/purchase/cancelled/page.tsx,Paket Premium Best of 2026 Teka-teki Hubungkan Titik
id,home.json,body.purchase.premium.metaDescription,body.purchase.premium,MISSING_KEY,YES,generator/Ui-app-DB-json/app/[locale]/premium/page.tsx,"Koleksi siap cetak berisi teka-teki hubungkan titik favorit anak-anak, digabung dalam satu PDF yang praktis."
id,home.json,body.purchase.premium.eyebrow,body.purchase.premium,MISSING_KEY,YES,generator/Ui-app-DB-json/app/[locale]/blog/page.tsx; generator/Ui-app-DB-json/app/[locale]/blog/[slug]/page.tsx,Koleksi premium siap cetak
id,home.json,body.purchase.premium.lede,body.purchase.premium,MISSING_KEY,YES,generator/Ui-app-DB-json/app/[locale]/premium/page.tsx; generator/Ui-app-DB-json/app/[locale]/purchase/cancelled/page.tsx,"Koleksi Best of 2026 menghadirkan aktivitas hubungkan titik favorit kami dalam satu paket yang mudah dicetak, cocok untuk waktu santai, hari hujan, homeschooling, dan kelas."
id,home.json,body.purchase.premium.digitalPdf,body.purchase.premium,MISSING_KEY,YES,generator/Ui-app-DB-json/app/[locale]/premium/page.tsx,PDF digital
id,home.json,body.purchase.premium.printAtHome,body.purchase.premium,MISSING_KEY,YES,generator/Ui-app-DB-json/app/[locale]/premium/page.tsx,Cetak di rumah
id,home.json,body.purchase.premium.instantAccess,body.purchase.premium,MISSING_KEY,YES,generator/Ui-app-DB-json/app/[locale]/premium/page.tsx,Akses instan
id,home.json,body.purchase.premium.purchaseAria,body.purchase.premium,MISSING_KEY,YES,generator/Ui-app-DB-json/app/[locale]/premium/page.tsx,Beli paket teka-teki Best of 2026
id,home.json,body.purchase.premium.coverAlt,body.purchase.premium,MISSING_KEY,YES,generator/Ui-app-DB-json/app/[locale]/premium/page.tsx; generator/Ui-app-DB-json/components/BestOf2026BookAd.tsx,Best of 2026 - Sampul buku 25 Teka-teki Hubungkan Titik
id,home.json,body.purchase.premium.oneTime,body.purchase.premium,MISSING_KEY,YES,generator/Ui-app-DB-json/app/[locale]/premium/page.tsx,sekali bayar
id,home.json,body.purchase.premium.buyButton,body.purchase.premium,MISSING_KEY,YES,generator/Ui-app-DB-json/app/[locale]/premium/page.tsx,Dapatkan paket teka-teki
id,home.json,body.purchase.premium.localNote,body.purchase.premium,MISSING_KEY,YES,generator/Ui-app-DB-json/app/[locale]/premium/page.tsx,"Di localhost, ini membuka demo checkout yang aman dan tidak pernah membebankan biaya ke kartu apa pun."
id,home.json,body.purchase.premium.detailsEyebrow,body.purchase.premium,MISSING_KEY,YES,generator/Ui-app-DB-json/app/[locale]/premium/page.tsx,Dirancang untuk cetak dan main yang mudah
id,home.json,body.purchase.premium.detailsText,body.purchase.premium,MISSING_KEY,YES,generator/Ui-app-DB-json/app/[locale]/premium/page.tsx,"Unduh sekali, simpan agar mudah diakses, dan cetak aktivitas yang Anda inginkan kapan saja dibutuhkan."
id,home.json,body.purchase.premium.benefits.onePdf,body.purchase.premium,MISSING_KEY,YES,generator/Ui-app-DB-json/app/[locale]/premium/page.tsx,Satu PDF praktis yang siap cetak
id,home.json,body.purchase.premium.benefits.kidFriendly,body.purchase.premium,MISSING_KEY,YES,generator/Ui-app-DB-json/app/[locale]/premium/page.tsx,Teka-teki ramah anak dengan berbagai tingkat kesulitan
id,home.json,body.purchase.premium.benefits.paperSizes,body.purchase.premium,MISSING_KEY,YES,generator/Ui-app-DB-json/app/[locale]/premium/page.tsx,Cocok untuk kertas US Letter dan A4
id,home.json,body.purchase.premium.benefits.instantAccess,body.purchase.premium,MISSING_KEY,YES,generator/Ui-app-DB-json/app/[locale]/premium/page.tsx,Akses instan setelah pembayaran berhasil
id,home.json,body.purchase.premium.benefits.classroomUse,body.purchase.premium,MISSING_KEY,YES,generator/Ui-app-DB-json/app/[locale]/premium/page.tsx,Dapat digunakan di rumah atau di satu kelas
id,home.json,body.purchase.premium.guaranteeText,body.purchase.premium,MISSING_KEY,YES,generator/Ui-app-DB-json/app/[locale]/premium/page.tsx,"Setelah checkout, tautan unduhan pribadi Anda langsung muncul. Tanpa langganan dan tanpa perpanjangan tak terduga."
id,home.json,body.purchase.checkout.consent,body.purchase.checkout,MISSING_KEY,YES,generator/Ui-app-DB-json/components/BuyButton.tsx,"Saya setuju dengan pengiriman langsung PDF digital ini dan memahami bahwa, setelah akses dimulai, pembelian ini bersifat final dan tidak dapat dikembalikan kecuali diwajibkan oleh hukum atau jika berkas tidak terkirim atau cacat."
id,home.json,body.purchase.checkout.refundPolicy,body.purchase.checkout,MISSING_KEY,YES,generator/Ui-app-DB-json/components/BuyButton.tsx,Baca kebijakan pengembalian dana
id,home.json,body.purchase.checkout.opening,body.purchase.checkout,MISSING_KEY,YES,generator/Ui-app-DB-json/components/BuyButton.tsx,Membuka proses checkout...
id,home.json,body.purchase.checkout.secureNote,body.purchase.checkout,MISSING_KEY,YES,generator/Ui-app-DB-json/components/BuyButton.tsx,Checkout aman didukung oleh Stripe. Pembayaran sekali. Tanpa langganan.
id,home.json,body.purchase.checkout.error,body.purchase.checkout,MISSING_KEY,YES,generator/Ui-app-DB-json/components/BrowserErrorTracker.tsx; generator/Ui-app-DB-json/components/BuyButton.tsx,Terjadi kesalahan saat memulai checkout. Silakan coba lagi.
id,home.json,body.purchase.success.metaTitle,body.purchase.success,MISSING_KEY,YES,generator/Ui-app-DB-json/app/[locale]/premium/page.tsx; generator/Ui-app-DB-json/app/[locale]/purchase/cancelled/page.tsx,Terima Kasih atas Pembelian Anda
id,home.json,body.purchase.success.eyebrow,body.purchase.success,MISSING_KEY,YES,generator/Ui-app-DB-json/app/[locale]/blog/page.tsx; generator/Ui-app-DB-json/app/[locale]/blog/[slug]/page.tsx,Pembayaran dikonfirmasi
id,home.json,body.purchase.success.lede,body.purchase.success,MISSING_KEY,YES,generator/Ui-app-DB-json/app/[locale]/premium/page.tsx; generator/Ui-app-DB-json/app/[locale]/purchase/cancelled/page.tsx,Pembayaran Anda berhasil. Mungkin butuh beberapa detik hingga pembelian Anda muncul di akun Anda.
id,home.json,body.purchase.cancelled.metaTitle,body.purchase.cancelled,MISSING_KEY,YES,generator/Ui-app-DB-json/app/[locale]/premium/page.tsx; generator/Ui-app-DB-json/app/[locale]/purchase/cancelled/page.tsx,Checkout Dibatalkan
id,home.json,body.purchase.cancelled.eyebrow,body.purchase.cancelled,MISSING_KEY,YES,generator/Ui-app-DB-json/app/[locale]/blog/page.tsx; generator/Ui-app-DB-json/app/[locale]/blog/[slug]/page.tsx,Tidak ada pembayaran yang dilakukan
id,home.json,body.purchase.cancelled.lede,body.purchase.cancelled,MISSING_KEY,YES,generator/Ui-app-DB-json/app/[locale]/premium/page.tsx; generator/Ui-app-DB-json/app/[locale]/purchase/cancelled/page.tsx,Tidak ada biaya yang dikenakan. Anda dapat mencoba lagi kapan saja.
id,home.json,body.purchase.download.demoTitle,body.purchase.download,MISSING_KEY,YES,generator/Ui-app-DB-json/components/PurchaseDownloadLink.tsx,Uji coba checkout lokal berhasil.
id,home.json,body.purchase.download.demoText,body.purchase.download,MISSING_KEY,YES,generator/Ui-app-DB-json/components/PurchaseDownloadLink.tsx,Layar keberhasilan pembayaran yang sebenarnya menampilkan tombol unduh PDF di sini. Demo lokal tidak merilis berkas pribadi.
id,home.json,body.purchase.download.button,body.purchase.download,MISSING_KEY,YES,generator/Ui-app-DB-json/components/BuyButton.tsx; generator/Ui-app-DB-json/components/CategoryMenu.tsx,Unduh paket teka-teki Anda
id,home.json,body.purchase.download.expires,body.purchase.download,MISSING_KEY,YES,generator/Ui-app-DB-json/components/PurchaseDownloadLink.tsx,Tautan ini akan kedaluwarsa dalam 24 jam. Simpan hasil unduhan Anda di tempat yang aman.
id,home.json,body.purchase.download.failed,body.purchase.download,MISSING_KEY,YES,generator/Ui-app-DB-json/components/PurchaseDownloadLink.tsx,"Kami belum dapat mengonfirmasi pembelian Anda. Jika Anda telah dikenakan biaya, muat ulang halaman ini beberapa saat lagi atau hubungi kami untuk bantuan."
id,home.json,body.purchase.download.preparing,body.purchase.download,MISSING_KEY,YES,generator/Ui-app-DB-json/components/PurchaseDownloadLink.tsx,Menyiapkan unduhan Anda...
id,home.json,body.purchase.shared.returnToPack,body.purchase.shared,MISSING_KEY,YES,generator/Ui-app-DB-json/app/[locale]/purchase/cancelled/page.tsx; generator/Ui-app-DB-json/components/PurchaseDownloadLink.tsx,Kembali ke paket teka-teki
id,home.json,body.purchase.shared.contactUs,body.purchase.shared,MISSING_KEY,YES,generator/Ui-app-DB-json/components/PurchaseDownloadLink.tsx,Hubungi kami
it,home.json,body.purchase.premium.metaTitle,body.purchase.premium,MISSING_KEY,YES,generator/Ui-app-DB-json/app/[locale]/premium/page.tsx; generator/Ui-app-DB-json/app/[locale]/purchase/cancelled/page.tsx,Pacchetto Premium Best of 2026 Puzzle Unisci i Puntini
it,home.json,body.purchase.premium.metaDescription,body.purchase.premium,MISSING_KEY,YES,generator/Ui-app-DB-json/app/[locale]/premium/page.tsx,"Una raccolta pronta da stampare dei puzzle unisci i puntini preferiti dai bambini, riuniti in un comodo PDF."
it,home.json,body.purchase.premium.eyebrow,body.purchase.premium,MISSING_KEY,YES,generator/Ui-app-DB-json/app/[locale]/blog/page.tsx; generator/Ui-app-DB-json/app/[locale]/blog/[slug]/page.tsx,Collezione premium stampabile
it,home.json,body.purchase.premium.lede,body.purchase.premium,MISSING_KEY,YES,generator/Ui-app-DB-json/app/[locale]/premium/page.tsx; generator/Ui-app-DB-json/app/[locale]/purchase/cancelled/page.tsx,"La collezione Best of 2026 raccoglie le nostre attività unisci i puntini preferite in un pacchetto facile da stampare, perfetto per i momenti tranquilli, i giorni di pioggia, l'homeschooling e la classe."
it,home.json,body.purchase.premium.digitalPdf,body.purchase.premium,MISSING_KEY,YES,generator/Ui-app-DB-json/app/[locale]/premium/page.tsx,PDF digitale
it,home.json,body.purchase.premium.printAtHome,body.purchase.premium,MISSING_KEY,YES,generator/Ui-app-DB-json/app/[locale]/premium/page.tsx,Stampa a casa
it,home.json,body.purchase.premium.instantAccess,body.purchase.premium,MISSING_KEY,YES,generator/Ui-app-DB-json/app/[locale]/premium/page.tsx,Accesso immediato
it,home.json,body.purchase.premium.purchaseAria,body.purchase.premium,MISSING_KEY,YES,generator/Ui-app-DB-json/app/[locale]/premium/page.tsx,Acquista il pacchetto puzzle Best of 2026
it,home.json,body.purchase.premium.coverAlt,body.purchase.premium,MISSING_KEY,YES,generator/Ui-app-DB-json/app/[locale]/premium/page.tsx; generator/Ui-app-DB-json/components/BestOf2026BookAd.tsx,Best of 2026 - Copertina del libro con 25 puzzle Unisci i Puntini
it,home.json,body.purchase.premium.oneTime,body.purchase.premium,MISSING_KEY,YES,generator/Ui-app-DB-json/app/[locale]/premium/page.tsx,pagamento unico
it,home.json,body.purchase.premium.buyButton,body.purchase.premium,MISSING_KEY,YES,generator/Ui-app-DB-json/app/[locale]/premium/page.tsx,Ottieni il pacchetto puzzle
it,home.json,body.purchase.premium.localNote,body.purchase.premium,MISSING_KEY,YES,generator/Ui-app-DB-json/app/[locale]/premium/page.tsx,"Su localhost, questo apre una demo di pagamento sicura e non addebita mai alcuna carta."
it,home.json,body.purchase.premium.detailsEyebrow,body.purchase.premium,MISSING_KEY,YES,generator/Ui-app-DB-json/app/[locale]/premium/page.tsx,Pensato per stampare e giocare senza complicazioni
it,home.json,body.purchase.premium.detailsText,body.purchase.premium,MISSING_KEY,YES,generator/Ui-app-DB-json/app/[locale]/premium/page.tsx,"Scarica una volta, tienilo sempre a portata di mano e stampa le attività che vuoi quando ne hai bisogno."
it,home.json,body.purchase.premium.benefits.onePdf,body.purchase.premium,MISSING_KEY,YES,generator/Ui-app-DB-json/app/[locale]/premium/page.tsx,"Un unico PDF comodo, pronto da stampare"
it,home.json,body.purchase.premium.benefits.kidFriendly,body.purchase.premium,MISSING_KEY,YES,generator/Ui-app-DB-json/app/[locale]/premium/page.tsx,Puzzle adatti ai bambini con diversi livelli di difficoltà
it,home.json,body.purchase.premium.benefits.paperSizes,body.purchase.premium,MISSING_KEY,YES,generator/Ui-app-DB-json/app/[locale]/premium/page.tsx,Compatibile con carta US Letter e A4
it,home.json,body.purchase.premium.benefits.instantAccess,body.purchase.premium,MISSING_KEY,YES,generator/Ui-app-DB-json/app/[locale]/premium/page.tsx,Accesso immediato dopo un pagamento riuscito
it,home.json,body.purchase.premium.benefits.classroomUse,body.purchase.premium,MISSING_KEY,YES,generator/Ui-app-DB-json/app/[locale]/premium/page.tsx,Utilizzabile a casa o in una singola classe
it,home.json,body.purchase.premium.guaranteeText,body.purchase.premium,MISSING_KEY,YES,generator/Ui-app-DB-json/app/[locale]/premium/page.tsx,"Dopo il pagamento, il tuo link di download privato appare immediatamente. Nessun abbonamento e nessun rinnovo a sorpresa."
it,home.json,body.purchase.checkout.consent,body.purchase.checkout,MISSING_KEY,YES,generator/Ui-app-DB-json/components/BuyButton.tsx,"Accetto la consegna immediata di questo PDF digitale e comprendo che, una volta iniziato l'accesso, la vendita è definitiva e non rimborsabile, salvo quanto richiesto dalla legge o nel caso in cui il file non venga consegnato o sia difettoso."
it,home.json,body.purchase.checkout.refundPolicy,body.purchase.checkout,MISSING_KEY,YES,generator/Ui-app-DB-json/components/BuyButton.tsx,Leggi la politica di rimborso
it,home.json,body.purchase.checkout.opening,body.purchase.checkout,MISSING_KEY,YES,generator/Ui-app-DB-json/components/BuyButton.tsx,Apertura del pagamento in corso...
it,home.json,body.purchase.checkout.secureNote,body.purchase.checkout,MISSING_KEY,YES,generator/Ui-app-DB-json/components/BuyButton.tsx,Pagamento sicuro offerto da Stripe. Pagamento unico. Nessun abbonamento.
it,home.json,body.purchase.checkout.error,body.purchase.checkout,MISSING_KEY,YES,generator/Ui-app-DB-json/components/BrowserErrorTracker.tsx; generator/Ui-app-DB-json/components/BuyButton.tsx,Si è verificato un problema durante l'avvio del pagamento. Riprova.
it,home.json,body.purchase.success.metaTitle,body.purchase.success,MISSING_KEY,YES,generator/Ui-app-DB-json/app/[locale]/premium/page.tsx; generator/Ui-app-DB-json/app/[locale]/purchase/cancelled/page.tsx,Grazie per il tuo acquisto
it,home.json,body.purchase.success.eyebrow,body.purchase.success,MISSING_KEY,YES,generator/Ui-app-DB-json/app/[locale]/blog/page.tsx; generator/Ui-app-DB-json/app/[locale]/blog/[slug]/page.tsx,Pagamento confermato
it,home.json,body.purchase.success.lede,body.purchase.success,MISSING_KEY,YES,generator/Ui-app-DB-json/app/[locale]/premium/page.tsx; generator/Ui-app-DB-json/app/[locale]/purchase/cancelled/page.tsx,Il pagamento è andato a buon fine. Potrebbero volerci alcuni secondi prima che l'acquisto compaia nel tuo account.
it,home.json,body.purchase.cancelled.metaTitle,body.purchase.cancelled,MISSING_KEY,YES,generator/Ui-app-DB-json/app/[locale]/premium/page.tsx; generator/Ui-app-DB-json/app/[locale]/purchase/cancelled/page.tsx,Pagamento annullato
it,home.json,body.purchase.cancelled.eyebrow,body.purchase.cancelled,MISSING_KEY,YES,generator/Ui-app-DB-json/app/[locale]/blog/page.tsx; generator/Ui-app-DB-json/app/[locale]/blog/[slug]/page.tsx,Nessun addebito effettuato
it,home.json,body.purchase.cancelled.lede,body.purchase.cancelled,MISSING_KEY,YES,generator/Ui-app-DB-json/app/[locale]/premium/page.tsx; generator/Ui-app-DB-json/app/[locale]/purchase/cancelled/page.tsx,Non è stato effettuato alcun addebito. Puoi riprovare in qualsiasi momento.
it,home.json,body.purchase.download.demoTitle,body.purchase.download,MISSING_KEY,YES,generator/Ui-app-DB-json/components/PurchaseDownloadLink.tsx,Test di pagamento locale superato.
it,home.json,body.purchase.download.demoText,body.purchase.download,MISSING_KEY,YES,generator/Ui-app-DB-json/components/PurchaseDownloadLink.tsx,La vera schermata di pagamento riuscito mostra qui il pulsante di download del PDF. La demo locale non rilascia il file privato.
it,home.json,body.purchase.download.button,body.purchase.download,MISSING_KEY,YES,generator/Ui-app-DB-json/components/BuyButton.tsx; generator/Ui-app-DB-json/components/CategoryMenu.tsx,Scarica il tuo pacchetto puzzle
it,home.json,body.purchase.download.expires,body.purchase.download,MISSING_KEY,YES,generator/Ui-app-DB-json/components/PurchaseDownloadLink.tsx,Questo link scade tra 24 ore. Salva il file scaricato in un luogo sicuro.
it,home.json,body.purchase.download.failed,body.purchase.download,MISSING_KEY,YES,generator/Ui-app-DB-json/components/PurchaseDownloadLink.tsx,"Non siamo ancora riusciti a confermare il tuo acquisto. Se l'addebito è stato effettuato, aggiorna questa pagina tra un minuto o contattaci per assistenza."
it,home.json,body.purchase.download.preparing,body.purchase.download,MISSING_KEY,YES,generator/Ui-app-DB-json/components/PurchaseDownloadLink.tsx,Preparazione del download in corso...
it,home.json,body.purchase.shared.returnToPack,body.purchase.shared,MISSING_KEY,YES,generator/Ui-app-DB-json/app/[locale]/purchase/cancelled/page.tsx; generator/Ui-app-DB-json/components/PurchaseDownloadLink.tsx,Torna al pacchetto puzzle
it,home.json,body.purchase.shared.contactUs,body.purchase.shared,MISSING_KEY,YES,generator/Ui-app-DB-json/components/PurchaseDownloadLink.tsx,Contattaci
ja,home.json,body.purchase.premium.metaTitle,body.purchase.premium,MISSING_KEY,YES,generator/Ui-app-DB-json/app/[locale]/premium/page.tsx; generator/Ui-app-DB-json/app/[locale]/purchase/cancelled/page.tsx,Best of 2026 プレミアム 点つなぎパズルパック
ja,home.json,body.purchase.premium.metaDescription,body.purchase.premium,MISSING_KEY,YES,generator/Ui-app-DB-json/app/[locale]/premium/page.tsx,子どもたちに人気の点つなぎパズルを集めた、印刷してすぐ使える便利なPDFコレクションです。
ja,home.json,body.purchase.premium.eyebrow,body.purchase.premium,MISSING_KEY,YES,generator/Ui-app-DB-json/app/[locale]/blog/page.tsx; generator/Ui-app-DB-json/app/[locale]/blog/[slug]/page.tsx,印刷用プレミアムコレクション
ja,home.json,body.purchase.premium.lede,body.purchase.premium,MISSING_KEY,YES,generator/Ui-app-DB-json/app/[locale]/premium/page.tsx; generator/Ui-app-DB-json/app/[locale]/purchase/cancelled/page.tsx,Best of 2026コレクションは、人気の点つなぎアクティビティを1つの印刷しやすいパックにまとめました。静かな時間、雨の日、ホームスクール、教室での学習にぴったりです。
ja,home.json,body.purchase.premium.digitalPdf,body.purchase.premium,MISSING_KEY,YES,generator/Ui-app-DB-json/app/[locale]/premium/page.tsx,デジタルPDF
ja,home.json,body.purchase.premium.printAtHome,body.purchase.premium,MISSING_KEY,YES,generator/Ui-app-DB-json/app/[locale]/premium/page.tsx,自宅で印刷
ja,home.json,body.purchase.premium.instantAccess,body.purchase.premium,MISSING_KEY,YES,generator/Ui-app-DB-json/app/[locale]/premium/page.tsx,即時アクセス
ja,home.json,body.purchase.premium.purchaseAria,body.purchase.premium,MISSING_KEY,YES,generator/Ui-app-DB-json/app/[locale]/premium/page.tsx,Best of 2026パズルパックを購入する
ja,home.json,body.purchase.premium.coverAlt,body.purchase.premium,MISSING_KEY,YES,generator/Ui-app-DB-json/app/[locale]/premium/page.tsx; generator/Ui-app-DB-json/components/BestOf2026BookAd.tsx,Best of 2026 - 点つなぎパズル25問 書籍カバー
ja,home.json,body.purchase.premium.oneTime,body.purchase.premium,MISSING_KEY,YES,generator/Ui-app-DB-json/app/[locale]/premium/page.tsx,一回限りのお支払い
ja,home.json,body.purchase.premium.buyButton,body.purchase.premium,MISSING_KEY,YES,generator/Ui-app-DB-json/app/[locale]/premium/page.tsx,パズルパックを手に入れる
ja,home.json,body.purchase.premium.localNote,body.purchase.premium,MISSING_KEY,YES,generator/Ui-app-DB-json/app/[locale]/premium/page.tsx,localhostでは、安全なチェックアウトのデモが開き、カードに請求されることは一切ありません。
ja,home.json,body.purchase.premium.detailsEyebrow,body.purchase.premium,MISSING_KEY,YES,generator/Ui-app-DB-json/app/[locale]/premium/page.tsx,印刷してすぐ遊べる設計
ja,home.json,body.purchase.premium.detailsText,body.purchase.premium,MISSING_KEY,YES,generator/Ui-app-DB-json/app/[locale]/premium/page.tsx,一度ダウンロードすれば手元にいつでも置いておけて、必要なときに好きなアクティビティを印刷できます。
ja,home.json,body.purchase.premium.benefits.onePdf,body.purchase.premium,MISSING_KEY,YES,generator/Ui-app-DB-json/app/[locale]/premium/page.tsx,印刷しやすい便利なPDFが1つに
ja,home.json,body.purchase.premium.benefits.kidFriendly,body.purchase.premium,MISSING_KEY,YES,generator/Ui-app-DB-json/app/[locale]/premium/page.tsx,難易度もさまざまな、子ども向けパズル
ja,home.json,body.purchase.premium.benefits.paperSizes,body.purchase.premium,MISSING_KEY,YES,generator/Ui-app-DB-json/app/[locale]/premium/page.tsx,US Letterサイズ・A4サイズどちらの用紙にも対応
ja,home.json,body.purchase.premium.benefits.instantAccess,body.purchase.premium,MISSING_KEY,YES,generator/Ui-app-DB-json/app/[locale]/premium/page.tsx,お支払い完了後すぐにアクセス可能
ja,home.json,body.purchase.premium.benefits.classroomUse,body.purchase.premium,MISSING_KEY,YES,generator/Ui-app-DB-json/app/[locale]/premium/page.tsx,ご家庭で、または1つの教室でご利用いただけます
ja,home.json,body.purchase.premium.guaranteeText,body.purchase.premium,MISSING_KEY,YES,generator/Ui-app-DB-json/app/[locale]/premium/page.tsx,お支払い完了後、専用のダウンロードリンクがすぐに表示されます。定期購入や予期しない更新はありません。
ja,home.json,body.purchase.checkout.consent,body.purchase.checkout,MISSING_KEY,YES,generator/Ui-app-DB-json/components/BuyButton.tsx,このデジタルPDFの即時配信に同意します。アクセスが開始された後は、法律で義務付けられている場合、またはファイルが配信されない・不良品である場合を除き、購入は最終的なものであり返金できないことを理解しています。
ja,home.json,body.purchase.checkout.refundPolicy,body.purchase.checkout,MISSING_KEY,YES,generator/Ui-app-DB-json/components/BuyButton.tsx,返金ポリシーを読む
ja,home.json,body.purchase.checkout.opening,body.purchase.checkout,MISSING_KEY,YES,generator/Ui-app-DB-json/components/BuyButton.tsx,チェックアウトを開いています...
ja,home.json,body.purchase.checkout.secureNote,body.purchase.checkout,MISSING_KEY,YES,generator/Ui-app-DB-json/components/BuyButton.tsx,Stripeによる安全なチェックアウト。一回限りのお支払い。定期購入ではありません。
ja,home.json,body.purchase.checkout.error,body.purchase.checkout,MISSING_KEY,YES,generator/Ui-app-DB-json/components/BrowserErrorTracker.tsx; generator/Ui-app-DB-json/components/BuyButton.tsx,チェックアウトの開始中に問題が発生しました。もう一度お試しください。
ja,home.json,body.purchase.success.metaTitle,body.purchase.success,MISSING_KEY,YES,generator/Ui-app-DB-json/app/[locale]/premium/page.tsx; generator/Ui-app-DB-json/app/[locale]/purchase/cancelled/page.tsx,ご購入ありがとうございます
ja,home.json,body.purchase.success.eyebrow,body.purchase.success,MISSING_KEY,YES,generator/Ui-app-DB-json/app/[locale]/blog/page.tsx; generator/Ui-app-DB-json/app/[locale]/blog/[slug]/page.tsx,お支払い確認済み
ja,home.json,body.purchase.success.lede,body.purchase.success,MISSING_KEY,YES,generator/Ui-app-DB-json/app/[locale]/premium/page.tsx; generator/Ui-app-DB-json/app/[locale]/purchase/cancelled/page.tsx,お支払いが正常に完了しました。アカウントに購入内容が反映されるまで、数秒かかる場合があります。
ja,home.json,body.purchase.cancelled.metaTitle,body.purchase.cancelled,MISSING_KEY,YES,generator/Ui-app-DB-json/app/[locale]/premium/page.tsx; generator/Ui-app-DB-json/app/[locale]/purchase/cancelled/page.tsx,チェックアウトがキャンセルされました
ja,home.json,body.purchase.cancelled.eyebrow,body.purchase.cancelled,MISSING_KEY,YES,generator/Ui-app-DB-json/app/[locale]/blog/page.tsx; generator/Ui-app-DB-json/app/[locale]/blog/[slug]/page.tsx,お支払いは行われていません
ja,home.json,body.purchase.cancelled.lede,body.purchase.cancelled,MISSING_KEY,YES,generator/Ui-app-DB-json/app/[locale]/premium/page.tsx; generator/Ui-app-DB-json/app/[locale]/purchase/cancelled/page.tsx,料金は請求されていません。いつでも再度お試しいただけます。
ja,home.json,body.purchase.download.demoTitle,body.purchase.download,MISSING_KEY,YES,generator/Ui-app-DB-json/components/PurchaseDownloadLink.tsx,ローカルチェックアウトのテストに成功しました。
ja,home.json,body.purchase.download.demoText,body.purchase.download,MISSING_KEY,YES,generator/Ui-app-DB-json/components/PurchaseDownloadLink.tsx,実際の購入完了画面では、ここにPDFダウンロードボタンが表示されます。ローカルデモでは非公開ファイルは配布されません。
ja,home.json,body.purchase.download.button,body.purchase.download,MISSING_KEY,YES,generator/Ui-app-DB-json/components/BuyButton.tsx; generator/Ui-app-DB-json/components/CategoryMenu.tsx,パズルパックをダウンロードする
ja,home.json,body.purchase.download.expires,body.purchase.download,MISSING_KEY,YES,generator/Ui-app-DB-json/components/PurchaseDownloadLink.tsx,このリンクは24時間で有効期限が切れます。ダウンロードしたファイルは安全な場所に保存してください。
ja,home.json,body.purchase.download.failed,body.purchase.download,MISSING_KEY,YES,generator/Ui-app-DB-json/components/PurchaseDownloadLink.tsx,まだご購入の確認が取れていません。お支払いが完了している場合は、しばらくしてからこのページを更新するか、サポートまでお問い合わせください。
ja,home.json,body.purchase.download.preparing,body.purchase.download,MISSING_KEY,YES,generator/Ui-app-DB-json/components/PurchaseDownloadLink.tsx,ダウンロードを準備しています...
ja,home.json,body.purchase.shared.returnToPack,body.purchase.shared,MISSING_KEY,YES,generator/Ui-app-DB-json/app/[locale]/purchase/cancelled/page.tsx; generator/Ui-app-DB-json/components/PurchaseDownloadLink.tsx,パズルパックに戻る
ja,home.json,body.purchase.shared.contactUs,body.purchase.shared,MISSING_KEY,YES,generator/Ui-app-DB-json/components/PurchaseDownloadLink.tsx,お問い合わせ
ko,home.json,body.purchase.premium.metaTitle,body.purchase.premium,MISSING_KEY,YES,generator/Ui-app-DB-json/app/[locale]/premium/page.tsx; generator/Ui-app-DB-json/app/[locale]/purchase/cancelled/page.tsx,Best of 2026 프리미엄 점 잇기 퍼즐 팩
ko,home.json,body.purchase.premium.metaDescription,body.purchase.premium,MISSING_KEY,YES,generator/Ui-app-DB-json/app/[locale]/premium/page.tsx,"아이들에게 인기 있는 점 잇기 퍼즐을 한 권의 편리한 PDF로 모은, 인쇄 준비가 된 컬렉션입니다."
ko,home.json,body.purchase.premium.eyebrow,body.purchase.premium,MISSING_KEY,YES,generator/Ui-app-DB-json/app/[locale]/blog/page.tsx; generator/Ui-app-DB-json/app/[locale]/blog/[slug]/page.tsx,인쇄용 프리미엄 컬렉션
ko,home.json,body.purchase.premium.lede,body.purchase.premium,MISSING_KEY,YES,generator/Ui-app-DB-json/app/[locale]/premium/page.tsx; generator/Ui-app-DB-json/app/[locale]/purchase/cancelled/page.tsx,"Best of 2026 컬렉션은 인기 있는 점 잇기 활동을 조용한 시간, 비 오는 날, 홈스쿨링, 교실 수업에 딱 맞는 인쇄하기 쉬운 팩 하나로 모았습니다."
ko,home.json,body.purchase.premium.digitalPdf,body.purchase.premium,MISSING_KEY,YES,generator/Ui-app-DB-json/app/[locale]/premium/page.tsx,디지털 PDF
ko,home.json,body.purchase.premium.printAtHome,body.purchase.premium,MISSING_KEY,YES,generator/Ui-app-DB-json/app/[locale]/premium/page.tsx,집에서 인쇄
ko,home.json,body.purchase.premium.instantAccess,body.purchase.premium,MISSING_KEY,YES,generator/Ui-app-DB-json/app/[locale]/premium/page.tsx,즉시 이용 가능
ko,home.json,body.purchase.premium.purchaseAria,body.purchase.premium,MISSING_KEY,YES,generator/Ui-app-DB-json/app/[locale]/premium/page.tsx,Best of 2026 퍼즐 팩 구매하기
ko,home.json,body.purchase.premium.coverAlt,body.purchase.premium,MISSING_KEY,YES,generator/Ui-app-DB-json/app/[locale]/premium/page.tsx; generator/Ui-app-DB-json/components/BestOf2026BookAd.tsx,Best of 2026 - 점 잇기 퍼즐 25종 책 표지
ko,home.json,body.purchase.premium.oneTime,body.purchase.premium,MISSING_KEY,YES,generator/Ui-app-DB-json/app/[locale]/premium/page.tsx,일회성 결제
ko,home.json,body.purchase.premium.buyButton,body.purchase.premium,MISSING_KEY,YES,generator/Ui-app-DB-json/app/[locale]/premium/page.tsx,퍼즐 팩 받기
ko,home.json,body.purchase.premium.localNote,body.purchase.premium,MISSING_KEY,YES,generator/Ui-app-DB-json/app/[locale]/premium/page.tsx,"localhost에서는 안전한 결제 데모 화면이 열리며, 카드에 청구되는 일은 절대 없습니다."
ko,home.json,body.purchase.premium.detailsEyebrow,body.purchase.premium,MISSING_KEY,YES,generator/Ui-app-DB-json/app/[locale]/premium/page.tsx,쉽게 인쇄하고 바로 즐기도록 제작
ko,home.json,body.purchase.premium.detailsText,body.purchase.premium,MISSING_KEY,YES,generator/Ui-app-DB-json/app/[locale]/premium/page.tsx,"한 번 다운로드하면 언제든 꺼내 볼 수 있고, 필요할 때마다 원하는 활동을 인쇄하세요."
ko,home.json,body.purchase.premium.benefits.onePdf,body.purchase.premium,MISSING_KEY,YES,generator/Ui-app-DB-json/app/[locale]/premium/page.tsx,편리하고 인쇄하기 쉬운 PDF 한 권
ko,home.json,body.purchase.premium.benefits.kidFriendly,body.purchase.premium,MISSING_KEY,YES,generator/Ui-app-DB-json/app/[locale]/premium/page.tsx,다양한 난이도의 어린이 친화적인 퍼즐
ko,home.json,body.purchase.premium.benefits.paperSizes,body.purchase.premium,MISSING_KEY,YES,generator/Ui-app-DB-json/app/[locale]/premium/page.tsx,US 레터 및 A4 용지 모두 지원
ko,home.json,body.purchase.premium.benefits.instantAccess,body.purchase.premium,MISSING_KEY,YES,generator/Ui-app-DB-json/app/[locale]/premium/page.tsx,결제 완료 후 즉시 이용 가능
ko,home.json,body.purchase.premium.benefits.classroomUse,body.purchase.premium,MISSING_KEY,YES,generator/Ui-app-DB-json/app/[locale]/premium/page.tsx,가정 또는 하나의 교실에서 사용 가능
ko,home.json,body.purchase.premium.guaranteeText,body.purchase.premium,MISSING_KEY,YES,generator/Ui-app-DB-json/app/[locale]/premium/page.tsx,"결제가 완료되면 개인 다운로드 링크가 바로 나타납니다. 구독도, 예상치 못한 갱신도 없습니다."
ko,home.json,body.purchase.checkout.consent,body.purchase.checkout,MISSING_KEY,YES,generator/Ui-app-DB-json/components/BuyButton.tsx,"이 디지털 PDF가 즉시 제공되는 것에 동의하며, 접근이 시작된 후에는 법률상 요구되는 경우나 파일이 제공되지 않거나 결함이 있는 경우를 제외하고 판매가 최종적이며 환불이 불가능함을 이해합니다."
ko,home.json,body.purchase.checkout.refundPolicy,body.purchase.checkout,MISSING_KEY,YES,generator/Ui-app-DB-json/components/BuyButton.tsx,환불 정책 보기
ko,home.json,body.purchase.checkout.opening,body.purchase.checkout,MISSING_KEY,YES,generator/Ui-app-DB-json/components/BuyButton.tsx,결제 페이지를 여는 중...
ko,home.json,body.purchase.checkout.secureNote,body.purchase.checkout,MISSING_KEY,YES,generator/Ui-app-DB-json/components/BuyButton.tsx,Stripe가 지원하는 안전한 결제입니다. 일회성 결제이며 구독이 아닙니다.
ko,home.json,body.purchase.checkout.error,body.purchase.checkout,MISSING_KEY,YES,generator/Ui-app-DB-json/components/BrowserErrorTracker.tsx; generator/Ui-app-DB-json/components/BuyButton.tsx,결제를 시작하는 중 문제가 발생했습니다. 다시 시도해 주세요.
ko,home.json,body.purchase.success.metaTitle,body.purchase.success,MISSING_KEY,YES,generator/Ui-app-DB-json/app/[locale]/premium/page.tsx; generator/Ui-app-DB-json/app/[locale]/purchase/cancelled/page.tsx,구매해 주셔서 감사합니다
ko,home.json,body.purchase.success.eyebrow,body.purchase.success,MISSING_KEY,YES,generator/Ui-app-DB-json/app/[locale]/blog/page.tsx; generator/Ui-app-DB-json/app/[locale]/blog/[slug]/page.tsx,결제 확인됨
ko,home.json,body.purchase.success.lede,body.purchase.success,MISSING_KEY,YES,generator/Ui-app-DB-json/app/[locale]/premium/page.tsx; generator/Ui-app-DB-json/app/[locale]/purchase/cancelled/page.tsx,결제가 성공적으로 완료되었습니다. 계정에 구매 내역이 표시되기까지 몇 초 정도 걸릴 수 있습니다.
ko,home.json,body.purchase.cancelled.metaTitle,body.purchase.cancelled,MISSING_KEY,YES,generator/Ui-app-DB-json/app/[locale]/premium/page.tsx; generator/Ui-app-DB-json/app/[locale]/purchase/cancelled/page.tsx,결제가 취소되었습니다
ko,home.json,body.purchase.cancelled.eyebrow,body.purchase.cancelled,MISSING_KEY,YES,generator/Ui-app-DB-json/app/[locale]/blog/page.tsx; generator/Ui-app-DB-json/app/[locale]/blog/[slug]/page.tsx,결제되지 않음
ko,home.json,body.purchase.cancelled.lede,body.purchase.cancelled,MISSING_KEY,YES,generator/Ui-app-DB-json/app/[locale]/premium/page.tsx; generator/Ui-app-DB-json/app/[locale]/purchase/cancelled/page.tsx,결제된 금액이 없습니다. 언제든지 다시 시도하실 수 있습니다.
ko,home.json,body.purchase.download.demoTitle,body.purchase.download,MISSING_KEY,YES,generator/Ui-app-DB-json/components/PurchaseDownloadLink.tsx,로컬 결제 테스트를 통과했습니다.
ko,home.json,body.purchase.download.demoText,body.purchase.download,MISSING_KEY,YES,generator/Ui-app-DB-json/components/PurchaseDownloadLink.tsx,실제 결제 성공 화면에서는 이 위치에 PDF 다운로드 버튼이 표시됩니다. 로컬 데모에서는 비공개 파일이 제공되지 않습니다.
ko,home.json,body.purchase.download.button,body.purchase.download,MISSING_KEY,YES,generator/Ui-app-DB-json/components/BuyButton.tsx; generator/Ui-app-DB-json/components/CategoryMenu.tsx,퍼즐 팩 다운로드하기
ko,home.json,body.purchase.download.expires,body.purchase.download,MISSING_KEY,YES,generator/Ui-app-DB-json/components/PurchaseDownloadLink.tsx,이 링크는 24시간 후 만료됩니다. 다운로드한 파일을 안전한 곳에 보관하세요.
ko,home.json,body.purchase.download.failed,body.purchase.download,MISSING_KEY,YES,generator/Ui-app-DB-json/components/PurchaseDownloadLink.tsx,아직 구매를 확인하지 못했습니다. 결제가 이루어졌다면 잠시 후 이 페이지를 새로고침하거나 도움을 받으려면 문의해 주세요.
ko,home.json,body.purchase.download.preparing,body.purchase.download,MISSING_KEY,YES,generator/Ui-app-DB-json/components/PurchaseDownloadLink.tsx,다운로드를 준비하는 중...
ko,home.json,body.purchase.shared.returnToPack,body.purchase.shared,MISSING_KEY,YES,generator/Ui-app-DB-json/app/[locale]/purchase/cancelled/page.tsx; generator/Ui-app-DB-json/components/PurchaseDownloadLink.tsx,퍼즐 팩으로 돌아가기
ko,home.json,body.purchase.shared.contactUs,body.purchase.shared,MISSING_KEY,YES,generator/Ui-app-DB-json/components/PurchaseDownloadLink.tsx,문의하기
lt,home.json,body.purchase.premium.metaTitle,body.purchase.premium,MISSING_KEY,YES,generator/Ui-app-DB-json/app/[locale]/premium/page.tsx; generator/Ui-app-DB-json/app/[locale]/purchase/cancelled/page.tsx,Best of 2026 „Premium“ taškų jungimo galvosūkių rinkinys
lt,home.json,body.purchase.premium.metaDescription,body.purchase.premium,MISSING_KEY,YES,generator/Ui-app-DB-json/app/[locale]/premium/page.tsx,"Spausdinti paruošta mėgstamiausių vaikiškų taškų jungimo galvosūkių kolekcija, sutalpinta viename patogiame PDF faile."
lt,home.json,body.purchase.premium.eyebrow,body.purchase.premium,MISSING_KEY,YES,generator/Ui-app-DB-json/app/[locale]/blog/page.tsx; generator/Ui-app-DB-json/app/[locale]/blog/[slug]/page.tsx,Spausdinama „Premium“ kolekcija
lt,home.json,body.purchase.premium.lede,body.purchase.premium,MISSING_KEY,YES,generator/Ui-app-DB-json/app/[locale]/premium/page.tsx; generator/Ui-app-DB-json/app/[locale]/purchase/cancelled/page.tsx,"Kolekcijoje „Best of 2026“ sutelktos mūsų mėgstamiausios taškų jungimo veiklos viename lengvai atspausdinamame rinkinyje – puikiai tinka ramioms akimirkoms, lietingoms dienoms, namų mokymui ir pamokoms."
lt,home.json,body.purchase.premium.digitalPdf,body.purchase.premium,MISSING_KEY,YES,generator/Ui-app-DB-json/app/[locale]/premium/page.tsx,Skaitmeninis PDF
lt,home.json,body.purchase.premium.printAtHome,body.purchase.premium,MISSING_KEY,YES,generator/Ui-app-DB-json/app/[locale]/premium/page.tsx,Spausdinkite namuose
lt,home.json,body.purchase.premium.instantAccess,body.purchase.premium,MISSING_KEY,YES,generator/Ui-app-DB-json/app/[locale]/premium/page.tsx,Prieiga akimirksniu
lt,home.json,body.purchase.premium.purchaseAria,body.purchase.premium,MISSING_KEY,YES,generator/Ui-app-DB-json/app/[locale]/premium/page.tsx,Pirkti „Best of 2026“ galvosūkių rinkinį
lt,home.json,body.purchase.premium.coverAlt,body.purchase.premium,MISSING_KEY,YES,generator/Ui-app-DB-json/app/[locale]/premium/page.tsx; generator/Ui-app-DB-json/components/BestOf2026BookAd.tsx,"Best of 2026 - 25 taškų jungimo galvosūkiai, knygos viršelis"
lt,home.json,body.purchase.premium.oneTime,body.purchase.premium,MISSING_KEY,YES,generator/Ui-app-DB-json/app/[locale]/premium/page.tsx,vienkartinis mokėjimas
lt,home.json,body.purchase.premium.buyButton,body.purchase.premium,MISSING_KEY,YES,generator/Ui-app-DB-json/app/[locale]/premium/page.tsx,Įsigyti galvosūkių rinkinį
lt,home.json,body.purchase.premium.localNote,body.purchase.premium,MISSING_KEY,YES,generator/Ui-app-DB-json/app/[locale]/premium/page.tsx,„Localhost“ aplinkoje atsidaro saugi apmokėjimo demo versija ir jokia kortelė niekada nenuskaitoma.
lt,home.json,body.purchase.premium.detailsEyebrow,body.purchase.premium,MISSING_KEY,YES,generator/Ui-app-DB-json/app/[locale]/premium/page.tsx,Sukurta lengvam spausdinimui ir žaidimui
lt,home.json,body.purchase.premium.detailsText,body.purchase.premium,MISSING_KEY,YES,generator/Ui-app-DB-json/app/[locale]/premium/page.tsx,"Atsisiųskite vieną kartą, laikykite po ranka ir spausdinkite norimas veiklas, kada tik jų reikia."
lt,home.json,body.purchase.premium.benefits.onePdf,body.purchase.premium,MISSING_KEY,YES,generator/Ui-app-DB-json/app/[locale]/premium/page.tsx,"Vienas patogus, spausdinti paruoštas PDF failas"
lt,home.json,body.purchase.premium.benefits.kidFriendly,body.purchase.premium,MISSING_KEY,YES,generator/Ui-app-DB-json/app/[locale]/premium/page.tsx,Vaikams pritaikyti galvosūkiai su įvairiu sudėtingumo lygiu
lt,home.json,body.purchase.premium.benefits.paperSizes,body.purchase.premium,MISSING_KEY,YES,generator/Ui-app-DB-json/app/[locale]/premium/page.tsx,Tinka US Letter ir A4 formato popieriui
lt,home.json,body.purchase.premium.benefits.instantAccess,body.purchase.premium,MISSING_KEY,YES,generator/Ui-app-DB-json/app/[locale]/premium/page.tsx,Prieiga akimirksniu po sėkmingo apmokėjimo
lt,home.json,body.purchase.premium.benefits.classroomUse,body.purchase.premium,MISSING_KEY,YES,generator/Ui-app-DB-json/app/[locale]/premium/page.tsx,Galima naudoti namuose arba vienoje klasėje
lt,home.json,body.purchase.premium.guaranteeText,body.purchase.premium,MISSING_KEY,YES,generator/Ui-app-DB-json/app/[locale]/premium/page.tsx,"Apmokėjus, iš karto pasirodo jūsų asmeninė atsisiuntimo nuoroda. Jokios prenumeratos ir jokio netikėto pratęsimo."
lt,home.json,body.purchase.checkout.consent,body.purchase.checkout,MISSING_KEY,YES,generator/Ui-app-DB-json/components/BuyButton.tsx,"Sutinku, kad šis skaitmeninis PDF failas būtų pateiktas nedelsiant, ir suprantu, kad, prasidėjus prieigai, pirkimas yra galutinis ir negrąžinamas, išskyrus atvejus, kai to reikalauja įstatymai arba jei failas nepateikiamas ar yra su defektu."
lt,home.json,body.purchase.checkout.refundPolicy,body.purchase.checkout,MISSING_KEY,YES,generator/Ui-app-DB-json/components/BuyButton.tsx,Skaityti grąžinimo politiką
lt,home.json,body.purchase.checkout.opening,body.purchase.checkout,MISSING_KEY,YES,generator/Ui-app-DB-json/components/BuyButton.tsx,Atidaromas apmokėjimas...
lt,home.json,body.purchase.checkout.secureNote,body.purchase.checkout,MISSING_KEY,YES,generator/Ui-app-DB-json/components/BuyButton.tsx,Saugus atsiskaitymas per „Stripe“. Vienkartinis mokėjimas. Jokios prenumeratos.
lt,home.json,body.purchase.checkout.error,body.purchase.checkout,MISSING_KEY,YES,generator/Ui-app-DB-json/components/BrowserErrorTracker.tsx; generator/Ui-app-DB-json/components/BuyButton.tsx,Pradedant apmokėjimą įvyko klaida. Bandykite dar kartą.
lt,home.json,body.purchase.success.metaTitle,body.purchase.success,MISSING_KEY,YES,generator/Ui-app-DB-json/app/[locale]/premium/page.tsx; generator/Ui-app-DB-json/app/[locale]/purchase/cancelled/page.tsx,Dėkojame už pirkinį
lt,home.json,body.purchase.success.eyebrow,body.purchase.success,MISSING_KEY,YES,generator/Ui-app-DB-json/app/[locale]/blog/page.tsx; generator/Ui-app-DB-json/app/[locale]/blog/[slug]/page.tsx,Mokėjimas patvirtintas
lt,home.json,body.purchase.success.lede,body.purchase.success,MISSING_KEY,YES,generator/Ui-app-DB-json/app/[locale]/premium/page.tsx; generator/Ui-app-DB-json/app/[locale]/purchase/cancelled/page.tsx,"Jūsų mokėjimas sėkmingai atliktas. Gali praeiti kelios sekundės, kol pirkinys atsiras jūsų paskyroje."
lt,home.json,body.purchase.cancelled.metaTitle,body.purchase.cancelled,MISSING_KEY,YES,generator/Ui-app-DB-json/app/[locale]/premium/page.tsx; generator/Ui-app-DB-json/app/[locale]/purchase/cancelled/page.tsx,Apmokėjimas atšauktas
lt,home.json,body.purchase.cancelled.eyebrow,body.purchase.cancelled,MISSING_KEY,YES,generator/Ui-app-DB-json/app/[locale]/blog/page.tsx; generator/Ui-app-DB-json/app/[locale]/blog/[slug]/page.tsx,Mokėjimas nebuvo nuskaitytas
lt,home.json,body.purchase.cancelled.lede,body.purchase.cancelled,MISSING_KEY,YES,generator/Ui-app-DB-json/app/[locale]/premium/page.tsx; generator/Ui-app-DB-json/app/[locale]/purchase/cancelled/page.tsx,Jokia suma nebuvo nuskaityta. Galite bandyti dar kartą bet kuriuo metu.
lt,home.json,body.purchase.download.demoTitle,body.purchase.download,MISSING_KEY,YES,generator/Ui-app-DB-json/components/PurchaseDownloadLink.tsx,Vietinis apmokėjimo testas sėkmingas.
lt,home.json,body.purchase.download.demoText,body.purchase.download,MISSING_KEY,YES,generator/Ui-app-DB-json/components/PurchaseDownloadLink.tsx,Tikrame sėkmingo pirkimo ekrane čia rodomas PDF atsisiuntimo mygtukas. Vietinė demo versija neatskleidžia privataus failo.
lt,home.json,body.purchase.download.button,body.purchase.download,MISSING_KEY,YES,generator/Ui-app-DB-json/components/BuyButton.tsx; generator/Ui-app-DB-json/components/CategoryMenu.tsx,Atsisiųsti galvosūkių rinkinį
lt,home.json,body.purchase.download.expires,body.purchase.download,MISSING_KEY,YES,generator/Ui-app-DB-json/components/PurchaseDownloadLink.tsx,Ši nuoroda nustos galioti po 24 valandų. Išsaugokite atsisiųstą failą saugioje vietoje.
lt,home.json,body.purchase.download.failed,body.purchase.download,MISSING_KEY,YES,generator/Ui-app-DB-json/components/PurchaseDownloadLink.tsx,"Kol kas negalėjome patvirtinti jūsų pirkimo. Jei pinigai buvo nuskaityti, atnaujinkite šį puslapį po minutės arba susisiekite su mumis pagalbos."
lt,home.json,body.purchase.download.preparing,body.purchase.download,MISSING_KEY,YES,generator/Ui-app-DB-json/components/PurchaseDownloadLink.tsx,Ruošiamas jūsų atsisiuntimas...
lt,home.json,body.purchase.shared.returnToPack,body.purchase.shared,MISSING_KEY,YES,generator/Ui-app-DB-json/app/[locale]/purchase/cancelled/page.tsx; generator/Ui-app-DB-json/components/PurchaseDownloadLink.tsx,Grįžti į galvosūkių rinkinį
lt,home.json,body.purchase.shared.contactUs,body.purchase.shared,MISSING_KEY,YES,generator/Ui-app-DB-json/components/PurchaseDownloadLink.tsx,Susisiekite su mumis
lv,home.json,body.purchase.premium.metaTitle,body.purchase.premium,MISSING_KEY,YES,generator/Ui-app-DB-json/app/[locale]/premium/page.tsx; generator/Ui-app-DB-json/app/[locale]/purchase/cancelled/page.tsx,Best of 2026 „Premium“ punktu savienošanas puzles komplekts
lv,home.json,body.purchase.premium.metaDescription,body.purchase.premium,MISSING_KEY,YES,generator/Ui-app-DB-json/app/[locale]/premium/page.tsx,"Drukāšanai gatava kolekcija ar bērnu iemīļotākajām punktu savienošanas puzlēm, apkopota vienā ērtā PDF failā."
lv,home.json,body.purchase.premium.eyebrow,body.purchase.premium,MISSING_KEY,YES,generator/Ui-app-DB-json/app/[locale]/blog/page.tsx; generator/Ui-app-DB-json/app/[locale]/blog/[slug]/page.tsx,Drukājama „Premium“ kolekcija
lv,home.json,body.purchase.premium.lede,body.purchase.premium,MISSING_KEY,YES,generator/Ui-app-DB-json/app/[locale]/premium/page.tsx; generator/Ui-app-DB-json/app/[locale]/purchase/cancelled/page.tsx,"Kolekcijā „Best of 2026“ apkopotas mūsu iemīļotākās punktu savienošanas aktivitātes vienā viegli izdrukājamā komplektā — ideāli piemērots mierīgiem brīžiem, lietainām dienām, mājmācībai un klasei."
lv,home.json,body.purchase.premium.digitalPdf,body.purchase.premium,MISSING_KEY,YES,generator/Ui-app-DB-json/app/[locale]/premium/page.tsx,Digitāls PDF
lv,home.json,body.purchase.premium.printAtHome,body.purchase.premium,MISSING_KEY,YES,generator/Ui-app-DB-json/app/[locale]/premium/page.tsx,Izdrukāt mājās
lv,home.json,body.purchase.premium.instantAccess,body.purchase.premium,MISSING_KEY,YES,generator/Ui-app-DB-json/app/[locale]/premium/page.tsx,Tūlītēja piekļuve
lv,home.json,body.purchase.premium.purchaseAria,body.purchase.premium,MISSING_KEY,YES,generator/Ui-app-DB-json/app/[locale]/premium/page.tsx,Iegādāties „Best of 2026“ puzļu komplektu
lv,home.json,body.purchase.premium.coverAlt,body.purchase.premium,MISSING_KEY,YES,generator/Ui-app-DB-json/app/[locale]/premium/page.tsx; generator/Ui-app-DB-json/components/BestOf2026BookAd.tsx,"Best of 2026 - 25 punktu savienošanas puzles, grāmatas vāks"
lv,home.json,body.purchase.premium.oneTime,body.purchase.premium,MISSING_KEY,YES,generator/Ui-app-DB-json/app/[locale]/premium/page.tsx,vienreizējs maksājums
lv,home.json,body.purchase.premium.buyButton,body.purchase.premium,MISSING_KEY,YES,generator/Ui-app-DB-json/app/[locale]/premium/page.tsx,Iegūt puzļu komplektu
lv,home.json,body.purchase.premium.localNote,body.purchase.premium,MISSING_KEY,YES,generator/Ui-app-DB-json/app/[locale]/premium/page.tsx,"Vietnē „localhost“ tiek atvērta droša apmaksas demo versija, un karte nekad netiek apmaksāta."
lv,home.json,body.purchase.premium.detailsEyebrow,body.purchase.premium,MISSING_KEY,YES,generator/Ui-app-DB-json/app/[locale]/premium/page.tsx,Radīts vienkāršai drukāšanai un spēlēšanai
lv,home.json,body.purchase.premium.detailsText,body.purchase.premium,MISSING_KEY,YES,generator/Ui-app-DB-json/app/[locale]/premium/page.tsx,"Lejupielādējiet vienreiz, glabājiet pa rokai un izdrukājiet vēlamās aktivitātes, kad vien tās nepieciešamas."
lv,home.json,body.purchase.premium.benefits.onePdf,body.purchase.premium,MISSING_KEY,YES,generator/Ui-app-DB-json/app/[locale]/premium/page.tsx,"Viens ērts, drukāšanai gatavs PDF fails"
lv,home.json,body.purchase.premium.benefits.kidFriendly,body.purchase.premium,MISSING_KEY,YES,generator/Ui-app-DB-json/app/[locale]/premium/page.tsx,Bērniem piemērotas puzles ar dažādu grūtības pakāpi
lv,home.json,body.purchase.premium.benefits.paperSizes,body.purchase.premium,MISSING_KEY,YES,generator/Ui-app-DB-json/app/[locale]/premium/page.tsx,"Der gan US Letter, gan A4 formāta papīram"
lv,home.json,body.purchase.premium.benefits.instantAccess,body.purchase.premium,MISSING_KEY,YES,generator/Ui-app-DB-json/app/[locale]/premium/page.tsx,Tūlītēja piekļuve pēc veiksmīga maksājuma
lv,home.json,body.purchase.premium.benefits.classroomUse,body.purchase.premium,MISSING_KEY,YES,generator/Ui-app-DB-json/app/[locale]/premium/page.tsx,Izmantojama mājās vai vienā klasē
lv,home.json,body.purchase.premium.guaranteeText,body.purchase.premium,MISSING_KEY,YES,generator/Ui-app-DB-json/app/[locale]/premium/page.tsx,Pēc apmaksas nekavējoties parādās jūsu personīgā lejupielādes saite. Bez abonementa un bez negaidītas atjaunošanas.
lv,home.json,body.purchase.checkout.consent,body.purchase.checkout,MISSING_KEY,YES,generator/Ui-app-DB-json/components/BuyButton.tsx,"Es piekrītu šī digitālā PDF faila tūlītējai piegādei un saprotu, ka pēc piekļuves sākuma pirkums ir galīgs un neatgriežams, izņemot gadījumus, kad to prasa likums, vai ja fails netiek piegādāts vai ir bojāts."
lv,home.json,body.purchase.checkout.refundPolicy,body.purchase.checkout,MISSING_KEY,YES,generator/Ui-app-DB-json/components/BuyButton.tsx,Lasīt atmaksas politiku
lv,home.json,body.purchase.checkout.opening,body.purchase.checkout,MISSING_KEY,YES,generator/Ui-app-DB-json/components/BuyButton.tsx,Tiek atvērta apmaksas lapa...
lv,home.json,body.purchase.checkout.secureNote,body.purchase.checkout,MISSING_KEY,YES,generator/Ui-app-DB-json/components/BuyButton.tsx,"Droša apmaksa, ko nodrošina „Stripe“. Vienreizējs maksājums. Bez abonementa."
lv,home.json,body.purchase.checkout.error,body.purchase.checkout,MISSING_KEY,YES,generator/Ui-app-DB-json/components/BrowserErrorTracker.tsx; generator/Ui-app-DB-json/components/BuyButton.tsx,"Sākot apmaksu, radās kļūda. Lūdzu, mēģiniet vēlreiz."
lv,home.json,body.purchase.success.metaTitle,body.purchase.success,MISSING_KEY,YES,generator/Ui-app-DB-json/app/[locale]/premium/page.tsx; generator/Ui-app-DB-json/app/[locale]/purchase/cancelled/page.tsx,Paldies par jūsu pirkumu
lv,home.json,body.purchase.success.eyebrow,body.purchase.success,MISSING_KEY,YES,generator/Ui-app-DB-json/app/[locale]/blog/page.tsx; generator/Ui-app-DB-json/app/[locale]/blog/[slug]/page.tsx,Maksājums apstiprināts
lv,home.json,body.purchase.success.lede,body.purchase.success,MISSING_KEY,YES,generator/Ui-app-DB-json/app/[locale]/premium/page.tsx; generator/Ui-app-DB-json/app/[locale]/purchase/cancelled/page.tsx,"Jūsu maksājums bija veiksmīgs. Var paiet dažas sekundes, līdz pirkums parādīsies jūsu kontā."
lv,home.json,body.purchase.cancelled.metaTitle,body.purchase.cancelled,MISSING_KEY,YES,generator/Ui-app-DB-json/app/[locale]/premium/page.tsx; generator/Ui-app-DB-json/app/[locale]/purchase/cancelled/page.tsx,Apmaksa atcelta
lv,home.json,body.purchase.cancelled.eyebrow,body.purchase.cancelled,MISSING_KEY,YES,generator/Ui-app-DB-json/app/[locale]/blog/page.tsx; generator/Ui-app-DB-json/app/[locale]/blog/[slug]/page.tsx,Maksājums nav veikts
lv,home.json,body.purchase.cancelled.lede,body.purchase.cancelled,MISSING_KEY,YES,generator/Ui-app-DB-json/app/[locale]/premium/page.tsx; generator/Ui-app-DB-json/app/[locale]/purchase/cancelled/page.tsx,Maksājums netika veikts. Varat mēģināt vēlreiz jebkurā laikā.
lv,home.json,body.purchase.download.demoTitle,body.purchase.download,MISSING_KEY,YES,generator/Ui-app-DB-json/components/PurchaseDownloadLink.tsx,Lokālā apmaksas pārbaude bija veiksmīga.
lv,home.json,body.purchase.download.demoText,body.purchase.download,MISSING_KEY,YES,generator/Ui-app-DB-json/components/PurchaseDownloadLink.tsx,Īstajā veiksmīga pirkuma ekrānā šeit tiek rādīta PDF lejupielādes poga. Lokālā demo versija neatklāj privāto failu.
lv,home.json,body.purchase.download.button,body.purchase.download,MISSING_KEY,YES,generator/Ui-app-DB-json/components/BuyButton.tsx; generator/Ui-app-DB-json/components/CategoryMenu.tsx,Lejupielādēt savu puzļu komplektu
lv,home.json,body.purchase.download.expires,body.purchase.download,MISSING_KEY,YES,generator/Ui-app-DB-json/components/PurchaseDownloadLink.tsx,Šīs saites derīguma termiņš beidzas pēc 24 stundām. Saglabājiet lejupielādēto failu drošā vietā.
lv,home.json,body.purchase.download.failed,body.purchase.download,MISSING_KEY,YES,generator/Ui-app-DB-json/components/PurchaseDownloadLink.tsx,"Mēs vēl nevarējām apstiprināt jūsu pirkumu. Ja jums tika izrakstīts maksājums, atsvaidziniet šo lapu pēc minūtes vai sazinieties ar mums, lai saņemtu palīdzību."
lv,home.json,body.purchase.download.preparing,body.purchase.download,MISSING_KEY,YES,generator/Ui-app-DB-json/components/PurchaseDownloadLink.tsx,Tiek sagatavota jūsu lejupielāde...
lv,home.json,body.purchase.shared.returnToPack,body.purchase.shared,MISSING_KEY,YES,generator/Ui-app-DB-json/app/[locale]/purchase/cancelled/page.tsx; generator/Ui-app-DB-json/components/PurchaseDownloadLink.tsx,Atgriezties pie puzļu komplekta
lv,home.json,body.purchase.shared.contactUs,body.purchase.shared,MISSING_KEY,YES,generator/Ui-app-DB-json/components/PurchaseDownloadLink.tsx,Sazinieties ar mums
nl,home.json,body.purchase.premium.metaTitle,body.purchase.premium,MISSING_KEY,YES,generator/Ui-app-DB-json/app/[locale]/premium/page.tsx; generator/Ui-app-DB-json/app/[locale]/purchase/cancelled/page.tsx,Best of 2026 Premium Verbind-de-Puntjes Puzzelpakket
nl,home.json,body.purchase.premium.metaDescription,body.purchase.premium,MISSING_KEY,YES,generator/Ui-app-DB-json/app/[locale]/premium/page.tsx,"Een printklare collectie van favoriete verbind-de-puntjes puzzels voor kinderen, gebundeld in één handige PDF."
nl,home.json,body.purchase.premium.eyebrow,body.purchase.premium,MISSING_KEY,YES,generator/Ui-app-DB-json/app/[locale]/blog/page.tsx; generator/Ui-app-DB-json/app/[locale]/blog/[slug]/page.tsx,Printbare premium collectie
nl,home.json,body.purchase.premium.lede,body.purchase.premium,MISSING_KEY,YES,generator/Ui-app-DB-json/app/[locale]/premium/page.tsx; generator/Ui-app-DB-json/app/[locale]/purchase/cancelled/page.tsx,"De Best of 2026-collectie brengt onze favoriete verbind-de-puntjes activiteiten samen in één gemakkelijk te printen pakket voor rustige momenten, regenachtige dagen, thuisonderwijs en de klas."
nl,home.json,body.purchase.premium.digitalPdf,body.purchase.premium,MISSING_KEY,YES,generator/Ui-app-DB-json/app/[locale]/premium/page.tsx,Digitale PDF
nl,home.json,body.purchase.premium.printAtHome,body.purchase.premium,MISSING_KEY,YES,generator/Ui-app-DB-json/app/[locale]/premium/page.tsx,Thuis printen
nl,home.json,body.purchase.premium.instantAccess,body.purchase.premium,MISSING_KEY,YES,generator/Ui-app-DB-json/app/[locale]/premium/page.tsx,Directe toegang
nl,home.json,body.purchase.premium.purchaseAria,body.purchase.premium,MISSING_KEY,YES,generator/Ui-app-DB-json/app/[locale]/premium/page.tsx,Koop het Best of 2026 puzzelpakket
nl,home.json,body.purchase.premium.coverAlt,body.purchase.premium,MISSING_KEY,YES,generator/Ui-app-DB-json/app/[locale]/premium/page.tsx; generator/Ui-app-DB-json/components/BestOf2026BookAd.tsx,"Best of 2026 - 25 verbind-de-puntjes puzzels, boekomslag"
nl,home.json,body.purchase.premium.oneTime,body.purchase.premium,MISSING_KEY,YES,generator/Ui-app-DB-json/app/[locale]/premium/page.tsx,eenmalig
nl,home.json,body.purchase.premium.buyButton,body.purchase.premium,MISSING_KEY,YES,generator/Ui-app-DB-json/app/[locale]/premium/page.tsx,Bestel het puzzelpakket
nl,home.json,body.purchase.premium.localNote,body.purchase.premium,MISSING_KEY,YES,generator/Ui-app-DB-json/app/[locale]/premium/page.tsx,Op localhost opent dit een veilige checkout-demo en wordt er nooit een kaart belast.
nl,home.json,body.purchase.premium.detailsEyebrow,body.purchase.premium,MISSING_KEY,YES,generator/Ui-app-DB-json/app/[locale]/premium/page.tsx,Gemaakt om makkelijk te printen en te spelen
nl,home.json,body.purchase.premium.detailsText,body.purchase.premium,MISSING_KEY,YES,generator/Ui-app-DB-json/app/[locale]/premium/page.tsx,"Download eenmalig, houd het bij de hand en print de activiteiten die je wilt wanneer je ze nodig hebt."
nl,home.json,body.purchase.premium.benefits.onePdf,body.purchase.premium,MISSING_KEY,YES,generator/Ui-app-DB-json/app/[locale]/premium/page.tsx,"Eén handige, printklare PDF"
nl,home.json,body.purchase.premium.benefits.kidFriendly,body.purchase.premium,MISSING_KEY,YES,generator/Ui-app-DB-json/app/[locale]/premium/page.tsx,Kindvriendelijke puzzels met verschillende moeilijkheidsgraden
nl,home.json,body.purchase.premium.benefits.paperSizes,body.purchase.premium,MISSING_KEY,YES,generator/Ui-app-DB-json/app/[locale]/premium/page.tsx,Werkt op US Letter- en A4-papier
nl,home.json,body.purchase.premium.benefits.instantAccess,body.purchase.premium,MISSING_KEY,YES,generator/Ui-app-DB-json/app/[locale]/premium/page.tsx,Directe toegang na succesvolle betaling
nl,home.json,body.purchase.premium.benefits.classroomUse,body.purchase.premium,MISSING_KEY,YES,generator/Ui-app-DB-json/app/[locale]/premium/page.tsx,Te gebruiken thuis of in één klaslokaal
nl,home.json,body.purchase.premium.guaranteeText,body.purchase.premium,MISSING_KEY,YES,generator/Ui-app-DB-json/app/[locale]/premium/page.tsx,Na het afrekenen verschijnt je persoonlijke downloadlink direct. Geen abonnement en geen onverwachte verlenging.
nl,home.json,body.purchase.checkout.consent,body.purchase.checkout,MISSING_KEY,YES,generator/Ui-app-DB-json/components/BuyButton.tsx,"Ik ga akkoord met de directe levering van deze digitale PDF en begrijp dat, zodra de toegang begint, de verkoop definitief en niet-restitueerbaar is, tenzij dit wettelijk verplicht is of als het bestand niet is geleverd of defect is."
nl,home.json,body.purchase.checkout.refundPolicy,body.purchase.checkout,MISSING_KEY,YES,generator/Ui-app-DB-json/components/BuyButton.tsx,Lees het restitutiebeleid
nl,home.json,body.purchase.checkout.opening,body.purchase.checkout,MISSING_KEY,YES,generator/Ui-app-DB-json/components/BuyButton.tsx,Checkout wordt geopend...
nl,home.json,body.purchase.checkout.secureNote,body.purchase.checkout,MISSING_KEY,YES,generator/Ui-app-DB-json/components/BuyButton.tsx,Veilige checkout mogelijk gemaakt door Stripe. Eenmalige betaling. Geen abonnement.
nl,home.json,body.purchase.checkout.error,body.purchase.checkout,MISSING_KEY,YES,generator/Ui-app-DB-json/components/BrowserErrorTracker.tsx; generator/Ui-app-DB-json/components/BuyButton.tsx,Er is iets misgegaan bij het starten van de checkout. Probeer het opnieuw.
nl,home.json,body.purchase.success.metaTitle,body.purchase.success,MISSING_KEY,YES,generator/Ui-app-DB-json/app/[locale]/premium/page.tsx; generator/Ui-app-DB-json/app/[locale]/purchase/cancelled/page.tsx,Bedankt voor je aankoop
nl,home.json,body.purchase.success.eyebrow,body.purchase.success,MISSING_KEY,YES,generator/Ui-app-DB-json/app/[locale]/blog/page.tsx; generator/Ui-app-DB-json/app/[locale]/blog/[slug]/page.tsx,Betaling bevestigd
nl,home.json,body.purchase.success.lede,body.purchase.success,MISSING_KEY,YES,generator/Ui-app-DB-json/app/[locale]/premium/page.tsx; generator/Ui-app-DB-json/app/[locale]/purchase/cancelled/page.tsx,Je betaling is geslaagd. Het kan een paar seconden duren voordat je aankoop op je account verschijnt.
nl,home.json,body.purchase.cancelled.metaTitle,body.purchase.cancelled,MISSING_KEY,YES,generator/Ui-app-DB-json/app/[locale]/premium/page.tsx; generator/Ui-app-DB-json/app/[locale]/purchase/cancelled/page.tsx,Checkout geannuleerd
nl,home.json,body.purchase.cancelled.eyebrow,body.purchase.cancelled,MISSING_KEY,YES,generator/Ui-app-DB-json/app/[locale]/blog/page.tsx; generator/Ui-app-DB-json/app/[locale]/blog/[slug]/page.tsx,Geen betaling uitgevoerd
nl,home.json,body.purchase.cancelled.lede,body.purchase.cancelled,MISSING_KEY,YES,generator/Ui-app-DB-json/app/[locale]/premium/page.tsx; generator/Ui-app-DB-json/app/[locale]/purchase/cancelled/page.tsx,Er is geen bedrag afgeschreven. Je kunt het op elk moment opnieuw proberen.
nl,home.json,body.purchase.download.demoTitle,body.purchase.download,MISSING_KEY,YES,generator/Ui-app-DB-json/components/PurchaseDownloadLink.tsx,Lokale checkouttest geslaagd.
nl,home.json,body.purchase.download.demoText,body.purchase.download,MISSING_KEY,YES,generator/Ui-app-DB-json/components/PurchaseDownloadLink.tsx,Op het echte succesvolle betaalscherm staat hier de PDF-downloadknop. De lokale demo geeft het privébestand niet vrij.
nl,home.json,body.purchase.download.button,body.purchase.download,MISSING_KEY,YES,generator/Ui-app-DB-json/components/BuyButton.tsx; generator/Ui-app-DB-json/components/CategoryMenu.tsx,Download je puzzelpakket
nl,home.json,body.purchase.download.expires,body.purchase.download,MISSING_KEY,YES,generator/Ui-app-DB-json/components/PurchaseDownloadLink.tsx,Deze link verloopt over 24 uur. Bewaar je download op een veilige plek.
nl,home.json,body.purchase.download.failed,body.purchase.download,MISSING_KEY,YES,generator/Ui-app-DB-json/components/PurchaseDownloadLink.tsx,"We konden je aankoop nog niet bevestigen. Als er bij je is afgeschreven, vernieuw deze pagina dan over een minuut of neem contact met ons op voor hulp."
nl,home.json,body.purchase.download.preparing,body.purchase.download,MISSING_KEY,YES,generator/Ui-app-DB-json/components/PurchaseDownloadLink.tsx,Je download wordt voorbereid...
nl,home.json,body.purchase.shared.returnToPack,body.purchase.shared,MISSING_KEY,YES,generator/Ui-app-DB-json/app/[locale]/purchase/cancelled/page.tsx; generator/Ui-app-DB-json/components/PurchaseDownloadLink.tsx,Terug naar het puzzelpakket
nl,home.json,body.purchase.shared.contactUs,body.purchase.shared,MISSING_KEY,YES,generator/Ui-app-DB-json/components/PurchaseDownloadLink.tsx,Neem contact met ons op
no,home.json,body.purchase.premium.metaTitle,body.purchase.premium,MISSING_KEY,YES,generator/Ui-app-DB-json/app/[locale]/premium/page.tsx; generator/Ui-app-DB-json/app/[locale]/purchase/cancelled/page.tsx,Best of 2026 Premium prikk-til-prikk-puslespillpakke
no,home.json,body.purchase.premium.metaDescription,body.purchase.premium,MISSING_KEY,YES,generator/Ui-app-DB-json/app/[locale]/premium/page.tsx,"En utskriftsklar samling av de mest populære prikk-til-prikk-oppgavene for barn, samlet i én praktisk PDF."
no,home.json,body.purchase.premium.eyebrow,body.purchase.premium,MISSING_KEY,YES,generator/Ui-app-DB-json/app/[locale]/blog/page.tsx; generator/Ui-app-DB-json/app/[locale]/blog/[slug]/page.tsx,Utskriftsvennlig premiumsamling
no,home.json,body.purchase.premium.lede,body.purchase.premium,MISSING_KEY,YES,generator/Ui-app-DB-json/app/[locale]/premium/page.tsx; generator/Ui-app-DB-json/app/[locale]/purchase/cancelled/page.tsx,"Best of 2026-samlingen samler våre favoritt prikk-til-prikk-aktiviteter i én lettvint utskriftspakke – perfekt for rolige stunder, regnværsdager, hjemmeundervisning og klasserommet."
no,home.json,body.purchase.premium.digitalPdf,body.purchase.premium,MISSING_KEY,YES,generator/Ui-app-DB-json/app/[locale]/premium/page.tsx,Digital PDF
no,home.json,body.purchase.premium.printAtHome,body.purchase.premium,MISSING_KEY,YES,generator/Ui-app-DB-json/app/[locale]/premium/page.tsx,Skriv ut hjemme
no,home.json,body.purchase.premium.instantAccess,body.purchase.premium,MISSING_KEY,YES,generator/Ui-app-DB-json/app/[locale]/premium/page.tsx,Umiddelbar tilgang
no,home.json,body.purchase.premium.purchaseAria,body.purchase.premium,MISSING_KEY,YES,generator/Ui-app-DB-json/app/[locale]/premium/page.tsx,Kjøp Best of 2026-puslespillpakken
no,home.json,body.purchase.premium.coverAlt,body.purchase.premium,MISSING_KEY,YES,generator/Ui-app-DB-json/app/[locale]/premium/page.tsx; generator/Ui-app-DB-json/components/BestOf2026BookAd.tsx,"Best of 2026 - 25 prikk-til-prikk-puslespill, bokomslag"
no,home.json,body.purchase.premium.oneTime,body.purchase.premium,MISSING_KEY,YES,generator/Ui-app-DB-json/app/[locale]/premium/page.tsx,engangsbeløp
no,home.json,body.purchase.premium.buyButton,body.purchase.premium,MISSING_KEY,YES,generator/Ui-app-DB-json/app/[locale]/premium/page.tsx,Få puslespillpakken
no,home.json,body.purchase.premium.localNote,body.purchase.premium,MISSING_KEY,YES,generator/Ui-app-DB-json/app/[locale]/premium/page.tsx,"På localhost åpner dette en trygg kassedemo, og det belastes aldri noe kort."
no,home.json,body.purchase.premium.detailsEyebrow,body.purchase.premium,MISSING_KEY,YES,generator/Ui-app-DB-json/app/[locale]/premium/page.tsx,Laget for enkel utskrift og lek
no,home.json,body.purchase.premium.detailsText,body.purchase.premium,MISSING_KEY,YES,generator/Ui-app-DB-json/app/[locale]/premium/page.tsx,"Last ned én gang, hold den for hånden, og skriv ut aktivitetene du vil ha når du trenger dem."
no,home.json,body.purchase.premium.benefits.onePdf,body.purchase.premium,MISSING_KEY,YES,generator/Ui-app-DB-json/app/[locale]/premium/page.tsx,"Én praktisk PDF, klar for utskrift"
no,home.json,body.purchase.premium.benefits.kidFriendly,body.purchase.premium,MISSING_KEY,YES,generator/Ui-app-DB-json/app/[locale]/premium/page.tsx,Barnevennlige puslespill med varierende vanskelighetsgrad
no,home.json,body.purchase.premium.benefits.paperSizes,body.purchase.premium,MISSING_KEY,YES,generator/Ui-app-DB-json/app/[locale]/premium/page.tsx,Fungerer på US Letter- og A4-papir
no,home.json,body.purchase.premium.benefits.instantAccess,body.purchase.premium,MISSING_KEY,YES,generator/Ui-app-DB-json/app/[locale]/premium/page.tsx,Umiddelbar tilgang etter vellykket betaling
no,home.json,body.purchase.premium.benefits.classroomUse,body.purchase.premium,MISSING_KEY,YES,generator/Ui-app-DB-json/app/[locale]/premium/page.tsx,Kan brukes hjemme eller i ett klasserom
no,home.json,body.purchase.premium.guaranteeText,body.purchase.premium,MISSING_KEY,YES,generator/Ui-app-DB-json/app/[locale]/premium/page.tsx,Etter betaling vises din private nedlastingslenke umiddelbart. Ingen abonnement og ingen overraskende fornyelse.
no,home.json,body.purchase.checkout.consent,body.purchase.checkout,MISSING_KEY,YES,generator/Ui-app-DB-json/components/BuyButton.tsx,"Jeg godtar umiddelbar levering av denne digitale PDF-en og forstår at når tilgangen har startet, er kjøpet endelig og kan ikke refunderes, unntatt der loven krever det, eller hvis filen ikke leveres eller er defekt."
no,home.json,body.purchase.checkout.refundPolicy,body.purchase.checkout,MISSING_KEY,YES,generator/Ui-app-DB-json/components/BuyButton.tsx,Les refusjonspolicyen
no,home.json,body.purchase.checkout.opening,body.purchase.checkout,MISSING_KEY,YES,generator/Ui-app-DB-json/components/BuyButton.tsx,Åpner betalingsløsningen...
no,home.json,body.purchase.checkout.secureNote,body.purchase.checkout,MISSING_KEY,YES,generator/Ui-app-DB-json/components/BuyButton.tsx,Trygg betaling levert av Stripe. Engangsbetaling. Ingen abonnement.
no,home.json,body.purchase.checkout.error,body.purchase.checkout,MISSING_KEY,YES,generator/Ui-app-DB-json/components/BrowserErrorTracker.tsx; generator/Ui-app-DB-json/components/BuyButton.tsx,Noe gikk galt under start av betalingen. Prøv igjen.
no,home.json,body.purchase.success.metaTitle,body.purchase.success,MISSING_KEY,YES,generator/Ui-app-DB-json/app/[locale]/premium/page.tsx; generator/Ui-app-DB-json/app/[locale]/purchase/cancelled/page.tsx,Takk for kjøpet ditt
no,home.json,body.purchase.success.eyebrow,body.purchase.success,MISSING_KEY,YES,generator/Ui-app-DB-json/app/[locale]/blog/page.tsx; generator/Ui-app-DB-json/app/[locale]/blog/[slug]/page.tsx,Betaling bekreftet
no,home.json,body.purchase.success.lede,body.purchase.success,MISSING_KEY,YES,generator/Ui-app-DB-json/app/[locale]/premium/page.tsx; generator/Ui-app-DB-json/app/[locale]/purchase/cancelled/page.tsx,Betalingen din var vellykket. Det kan ta noen sekunder før kjøpet vises på kontoen din.
no,home.json,body.purchase.cancelled.metaTitle,body.purchase.cancelled,MISSING_KEY,YES,generator/Ui-app-DB-json/app/[locale]/premium/page.tsx; generator/Ui-app-DB-json/app/[locale]/purchase/cancelled/page.tsx,Betaling avbrutt
no,home.json,body.purchase.cancelled.eyebrow,body.purchase.cancelled,MISSING_KEY,YES,generator/Ui-app-DB-json/app/[locale]/blog/page.tsx; generator/Ui-app-DB-json/app/[locale]/blog/[slug]/page.tsx,Ingen betaling ble gjennomført
no,home.json,body.purchase.cancelled.lede,body.purchase.cancelled,MISSING_KEY,YES,generator/Ui-app-DB-json/app/[locale]/premium/page.tsx; generator/Ui-app-DB-json/app/[locale]/purchase/cancelled/page.tsx,Ingen belastning ble gjort. Du kan prøve igjen når som helst.
no,home.json,body.purchase.download.demoTitle,body.purchase.download,MISSING_KEY,YES,generator/Ui-app-DB-json/components/PurchaseDownloadLink.tsx,Lokal betalingstest bestått.
no,home.json,body.purchase.download.demoText,body.purchase.download,MISSING_KEY,YES,generator/Ui-app-DB-json/components/PurchaseDownloadLink.tsx,Den ekte suksessiden viser PDF-nedlastingsknappen her. Den lokale demoen gir ikke ut den private filen.
no,home.json,body.purchase.download.button,body.purchase.download,MISSING_KEY,YES,generator/Ui-app-DB-json/components/BuyButton.tsx; generator/Ui-app-DB-json/components/CategoryMenu.tsx,Last ned puslespillpakken din
no,home.json,body.purchase.download.expires,body.purchase.download,MISSING_KEY,YES,generator/Ui-app-DB-json/components/PurchaseDownloadLink.tsx,Denne lenken utløper om 24 timer. Lagre nedlastingen din et trygt sted.
no,home.json,body.purchase.download.failed,body.purchase.download,MISSING_KEY,YES,generator/Ui-app-DB-json/components/PurchaseDownloadLink.tsx,"Vi kunne ikke bekrefte kjøpet ditt ennå. Hvis du ble belastet, kan du oppdatere denne siden om et minutt eller kontakte oss for hjelp."
no,home.json,body.purchase.download.preparing,body.purchase.download,MISSING_KEY,YES,generator/Ui-app-DB-json/components/PurchaseDownloadLink.tsx,Forbereder nedlastingen din...
no,home.json,body.purchase.shared.returnToPack,body.purchase.shared,MISSING_KEY,YES,generator/Ui-app-DB-json/app/[locale]/purchase/cancelled/page.tsx; generator/Ui-app-DB-json/components/PurchaseDownloadLink.tsx,Tilbake til puslespillpakken
no,home.json,body.purchase.shared.contactUs,body.purchase.shared,MISSING_KEY,YES,generator/Ui-app-DB-json/components/PurchaseDownloadLink.tsx,Kontakt oss
pl,home.json,body.purchase.premium.metaTitle,body.purchase.premium,MISSING_KEY,YES,generator/Ui-app-DB-json/app/[locale]/premium/page.tsx; generator/Ui-app-DB-json/app/[locale]/purchase/cancelled/page.tsx,Pakiet Premium Best of 2026 – łącz kropki
pl,home.json,body.purchase.premium.metaDescription,body.purchase.premium,MISSING_KEY,YES,generator/Ui-app-DB-json/app/[locale]/premium/page.tsx,"Gotowa do druku kolekcja ulubionych łamigłówek łącz kropki dla dzieci, zebrana w jednym wygodnym pliku PDF."
pl,home.json,body.purchase.premium.eyebrow,body.purchase.premium,MISSING_KEY,YES,generator/Ui-app-DB-json/app/[locale]/blog/page.tsx; generator/Ui-app-DB-json/app/[locale]/blog/[slug]/page.tsx,Kolekcja premium do druku
pl,home.json,body.purchase.premium.lede,body.purchase.premium,MISSING_KEY,YES,generator/Ui-app-DB-json/app/[locale]/premium/page.tsx; generator/Ui-app-DB-json/app/[locale]/purchase/cancelled/page.tsx,"Kolekcja Best of 2026 łączy nasze ulubione zabawy łącz kropki w jednym łatwym do wydrukowania pakiecie – idealnym na spokojne chwile, deszczowe dni, edukację domową i lekcje w klasie."
pl,home.json,body.purchase.premium.digitalPdf,body.purchase.premium,MISSING_KEY,YES,generator/Ui-app-DB-json/app/[locale]/premium/page.tsx,Cyfrowy PDF
pl,home.json,body.purchase.premium.printAtHome,body.purchase.premium,MISSING_KEY,YES,generator/Ui-app-DB-json/app/[locale]/premium/page.tsx,Drukuj w domu
pl,home.json,body.purchase.premium.instantAccess,body.purchase.premium,MISSING_KEY,YES,generator/Ui-app-DB-json/app/[locale]/premium/page.tsx,Natychmiastowy dostęp
pl,home.json,body.purchase.premium.purchaseAria,body.purchase.premium,MISSING_KEY,YES,generator/Ui-app-DB-json/app/[locale]/premium/page.tsx,Kup pakiet łamigłówek Best of 2026
pl,home.json,body.purchase.premium.coverAlt,body.purchase.premium,MISSING_KEY,YES,generator/Ui-app-DB-json/app/[locale]/premium/page.tsx; generator/Ui-app-DB-json/components/BestOf2026BookAd.tsx,Best of 2026 - okładka książki z 25 łamigłówkami łącz kropki
pl,home.json,body.purchase.premium.oneTime,body.purchase.premium,MISSING_KEY,YES,generator/Ui-app-DB-json/app/[locale]/premium/page.tsx,płatność jednorazowa
pl,home.json,body.purchase.premium.buyButton,body.purchase.premium,MISSING_KEY,YES,generator/Ui-app-DB-json/app/[locale]/premium/page.tsx,Zdobądź pakiet łamigłówek
pl,home.json,body.purchase.premium.localNote,body.purchase.premium,MISSING_KEY,YES,generator/Ui-app-DB-json/app/[locale]/premium/page.tsx,Na localhost otwiera się bezpieczne demo płatności i karta nigdy nie zostaje obciążona.
pl,home.json,body.purchase.premium.detailsEyebrow,body.purchase.premium,MISSING_KEY,YES,generator/Ui-app-DB-json/app/[locale]/premium/page.tsx,Stworzone z myślą o łatwym druku i zabawie
pl,home.json,body.purchase.premium.detailsText,body.purchase.premium,MISSING_KEY,YES,generator/Ui-app-DB-json/app/[locale]/premium/page.tsx,"Pobierz raz, miej pod ręką i drukuj wybrane zajęcia zawsze, kiedy tego potrzebujesz."
pl,home.json,body.purchase.premium.benefits.onePdf,body.purchase.premium,MISSING_KEY,YES,generator/Ui-app-DB-json/app/[locale]/premium/page.tsx,Jeden wygodny plik PDF gotowy do druku
pl,home.json,body.purchase.premium.benefits.kidFriendly,body.purchase.premium,MISSING_KEY,YES,generator/Ui-app-DB-json/app/[locale]/premium/page.tsx,Łamigłówki przyjazne dzieciom o różnym poziomie trudności
pl,home.json,body.purchase.premium.benefits.paperSizes,body.purchase.premium,MISSING_KEY,YES,generator/Ui-app-DB-json/app/[locale]/premium/page.tsx,Działa na papierze US Letter i A4
pl,home.json,body.purchase.premium.benefits.instantAccess,body.purchase.premium,MISSING_KEY,YES,generator/Ui-app-DB-json/app/[locale]/premium/page.tsx,Natychmiastowy dostęp po pomyślnej płatności
pl,home.json,body.purchase.premium.benefits.classroomUse,body.purchase.premium,MISSING_KEY,YES,generator/Ui-app-DB-json/app/[locale]/premium/page.tsx,Do użytku w domu lub w jednej klasie
pl,home.json,body.purchase.premium.guaranteeText,body.purchase.premium,MISSING_KEY,YES,generator/Ui-app-DB-json/app/[locale]/premium/page.tsx,Po zakupie od razu pojawia się Twój prywatny link do pobrania. Bez subskrypcji i bez niespodziewanego odnowienia.
pl,home.json,body.purchase.checkout.consent,body.purchase.checkout,MISSING_KEY,YES,generator/Ui-app-DB-json/components/BuyButton.tsx,"Zgadzam się na natychmiastowe dostarczenie tego cyfrowego pliku PDF i rozumiem, że po rozpoczęciu dostępu zakup jest ostateczny i niepodlegający zwrotowi, chyba że wymaga tego prawo lub gdy plik nie zostanie dostarczony bądź jest wadliwy."
pl,home.json,body.purchase.checkout.refundPolicy,body.purchase.checkout,MISSING_KEY,YES,generator/Ui-app-DB-json/components/BuyButton.tsx,Przeczytaj zasady zwrotów
pl,home.json,body.purchase.checkout.opening,body.purchase.checkout,MISSING_KEY,YES,generator/Ui-app-DB-json/components/BuyButton.tsx,Otwieranie płatności...
pl,home.json,body.purchase.checkout.secureNote,body.purchase.checkout,MISSING_KEY,YES,generator/Ui-app-DB-json/components/BuyButton.tsx,Bezpieczna płatność obsługiwana przez Stripe. Płatność jednorazowa. Bez subskrypcji.
pl,home.json,body.purchase.checkout.error,body.purchase.checkout,MISSING_KEY,YES,generator/Ui-app-DB-json/components/BrowserErrorTracker.tsx; generator/Ui-app-DB-json/components/BuyButton.tsx,Wystąpił problem podczas uruchamiania płatności. Spróbuj ponownie.
pl,home.json,body.purchase.success.metaTitle,body.purchase.success,MISSING_KEY,YES,generator/Ui-app-DB-json/app/[locale]/premium/page.tsx; generator/Ui-app-DB-json/app/[locale]/purchase/cancelled/page.tsx,Dziękujemy za zakup
pl,home.json,body.purchase.success.eyebrow,body.purchase.success,MISSING_KEY,YES,generator/Ui-app-DB-json/app/[locale]/blog/page.tsx; generator/Ui-app-DB-json/app/[locale]/blog/[slug]/page.tsx,Płatność potwierdzona
pl,home.json,body.purchase.success.lede,body.purchase.success,MISSING_KEY,YES,generator/Ui-app-DB-json/app/[locale]/premium/page.tsx; generator/Ui-app-DB-json/app/[locale]/purchase/cancelled/page.tsx,Twoja płatność zakończyła się powodzeniem. Wyświetlenie zakupu na Twoim koncie może zająć kilka sekund.
pl,home.json,body.purchase.cancelled.metaTitle,body.purchase.cancelled,MISSING_KEY,YES,generator/Ui-app-DB-json/app/[locale]/premium/page.tsx; generator/Ui-app-DB-json/app/[locale]/purchase/cancelled/page.tsx,Płatność anulowana
pl,home.json,body.purchase.cancelled.eyebrow,body.purchase.cancelled,MISSING_KEY,YES,generator/Ui-app-DB-json/app/[locale]/blog/page.tsx; generator/Ui-app-DB-json/app/[locale]/blog/[slug]/page.tsx,Nie pobrano żadnej opłaty
pl,home.json,body.purchase.cancelled.lede,body.purchase.cancelled,MISSING_KEY,YES,generator/Ui-app-DB-json/app/[locale]/premium/page.tsx; generator/Ui-app-DB-json/app/[locale]/purchase/cancelled/page.tsx,Nie pobrano żadnej opłaty. Możesz spróbować ponownie w dowolnym momencie.
pl,home.json,body.purchase.download.demoTitle,body.purchase.download,MISSING_KEY,YES,generator/Ui-app-DB-json/components/PurchaseDownloadLink.tsx,Lokalny test płatności zakończony powodzeniem.
pl,home.json,body.purchase.download.demoText,body.purchase.download,MISSING_KEY,YES,generator/Ui-app-DB-json/components/PurchaseDownloadLink.tsx,Na prawdziwym ekranie udanego zakupu pojawia się tutaj przycisk pobierania pliku PDF. Lokalne demo nie udostępnia prywatnego pliku.
pl,home.json,body.purchase.download.button,body.purchase.download,MISSING_KEY,YES,generator/Ui-app-DB-json/components/BuyButton.tsx; generator/Ui-app-DB-json/components/CategoryMenu.tsx,Pobierz swój pakiet łamigłówek
pl,home.json,body.purchase.download.expires,body.purchase.download,MISSING_KEY,YES,generator/Ui-app-DB-json/components/PurchaseDownloadLink.tsx,Ten link wygasa za 24 godziny. Zapisz pobrany plik w bezpiecznym miejscu.
pl,home.json,body.purchase.download.failed,body.purchase.download,MISSING_KEY,YES,generator/Ui-app-DB-json/components/PurchaseDownloadLink.tsx,"Nie mogliśmy jeszcze potwierdzić Twojego zakupu. Jeśli zostałeś obciążony opłatą, odśwież tę stronę za minutę lub skontaktuj się z nami po pomoc."
pl,home.json,body.purchase.download.preparing,body.purchase.download,MISSING_KEY,YES,generator/Ui-app-DB-json/components/PurchaseDownloadLink.tsx,Przygotowywanie pobierania...
pl,home.json,body.purchase.shared.returnToPack,body.purchase.shared,MISSING_KEY,YES,generator/Ui-app-DB-json/app/[locale]/purchase/cancelled/page.tsx; generator/Ui-app-DB-json/components/PurchaseDownloadLink.tsx,Wróć do pakietu łamigłówek
pl,home.json,body.purchase.shared.contactUs,body.purchase.shared,MISSING_KEY,YES,generator/Ui-app-DB-json/components/PurchaseDownloadLink.tsx,Skontaktuj się z nami
pt,home.json,body.purchase.premium.metaTitle,body.purchase.premium,MISSING_KEY,YES,generator/Ui-app-DB-json/app/[locale]/premium/page.tsx; generator/Ui-app-DB-json/app/[locale]/purchase/cancelled/page.tsx,Pacote Premium Best of 2026 de Puzzles Une os Pontos
pt,home.json,body.purchase.premium.metaDescription,body.purchase.premium,MISSING_KEY,YES,generator/Ui-app-DB-json/app/[locale]/premium/page.tsx,"Uma coleção pronta a imprimir com os puzzles de unir pontos preferidos das crianças, reunidos num PDF prático."
pt,home.json,body.purchase.premium.eyebrow,body.purchase.premium,MISSING_KEY,YES,generator/Ui-app-DB-json/app/[locale]/blog/page.tsx; generator/Ui-app-DB-json/app/[locale]/blog/[slug]/page.tsx,Coleção premium para imprimir
pt,home.json,body.purchase.premium.lede,body.purchase.premium,MISSING_KEY,YES,generator/Ui-app-DB-json/app/[locale]/premium/page.tsx; generator/Ui-app-DB-json/app/[locale]/purchase/cancelled/page.tsx,"A coleção Best of 2026 reúne as nossas atividades de unir pontos preferidas num pacote fácil de imprimir, ideal para momentos calmos, dias de chuva, ensino doméstico e a sala de aula."
pt,home.json,body.purchase.premium.digitalPdf,body.purchase.premium,MISSING_KEY,YES,generator/Ui-app-DB-json/app/[locale]/premium/page.tsx,PDF digital
pt,home.json,body.purchase.premium.printAtHome,body.purchase.premium,MISSING_KEY,YES,generator/Ui-app-DB-json/app/[locale]/premium/page.tsx,Imprimir em casa
pt,home.json,body.purchase.premium.instantAccess,body.purchase.premium,MISSING_KEY,YES,generator/Ui-app-DB-json/app/[locale]/premium/page.tsx,Acesso imediato
pt,home.json,body.purchase.premium.purchaseAria,body.purchase.premium,MISSING_KEY,YES,generator/Ui-app-DB-json/app/[locale]/premium/page.tsx,Comprar o pacote de puzzles Best of 2026
pt,home.json,body.purchase.premium.coverAlt,body.purchase.premium,MISSING_KEY,YES,generator/Ui-app-DB-json/app/[locale]/premium/page.tsx; generator/Ui-app-DB-json/components/BestOf2026BookAd.tsx,Best of 2026 - capa do livro com 25 puzzles Une os Pontos
pt,home.json,body.purchase.premium.oneTime,body.purchase.premium,MISSING_KEY,YES,generator/Ui-app-DB-json/app/[locale]/premium/page.tsx,pagamento único
pt,home.json,body.purchase.premium.buyButton,body.purchase.premium,MISSING_KEY,YES,generator/Ui-app-DB-json/app/[locale]/premium/page.tsx,Adquirir o pacote de puzzles
pt,home.json,body.purchase.premium.localNote,body.purchase.premium,MISSING_KEY,YES,generator/Ui-app-DB-json/app/[locale]/premium/page.tsx,"Em localhost, isto abre uma demonstração de pagamento segura e nunca é cobrado qualquer cartão."
pt,home.json,body.purchase.premium.detailsEyebrow,body.purchase.premium,MISSING_KEY,YES,generator/Ui-app-DB-json/app/[locale]/premium/page.tsx,Pensado para imprimir e brincar sem complicações
pt,home.json,body.purchase.premium.detailsText,body.purchase.premium,MISSING_KEY,YES,generator/Ui-app-DB-json/app/[locale]/premium/page.tsx,"Faça o download uma vez, mantenha-o à mão e imprima as atividades que quiser sempre que precisar."
pt,home.json,body.purchase.premium.benefits.onePdf,body.purchase.premium,MISSING_KEY,YES,generator/Ui-app-DB-json/app/[locale]/premium/page.tsx,"Um único PDF prático, pronto a imprimir"
pt,home.json,body.purchase.premium.benefits.kidFriendly,body.purchase.premium,MISSING_KEY,YES,generator/Ui-app-DB-json/app/[locale]/premium/page.tsx,"Puzzles adequados a crianças, com vários níveis de dificuldade"
pt,home.json,body.purchase.premium.benefits.paperSizes,body.purchase.premium,MISSING_KEY,YES,generator/Ui-app-DB-json/app/[locale]/premium/page.tsx,Compatível com papel US Letter e A4
pt,home.json,body.purchase.premium.benefits.instantAccess,body.purchase.premium,MISSING_KEY,YES,generator/Ui-app-DB-json/app/[locale]/premium/page.tsx,Acesso imediato após pagamento bem-sucedido
pt,home.json,body.purchase.premium.benefits.classroomUse,body.purchase.premium,MISSING_KEY,YES,generator/Ui-app-DB-json/app/[locale]/premium/page.tsx,Pode ser usado em casa ou numa única sala de aula
pt,home.json,body.purchase.premium.guaranteeText,body.purchase.premium,MISSING_KEY,YES,generator/Ui-app-DB-json/app/[locale]/premium/page.tsx,"Após a compra, o seu link privado de download aparece de imediato. Sem subscrição e sem renovações surpresa."
pt,home.json,body.purchase.checkout.consent,body.purchase.checkout,MISSING_KEY,YES,generator/Ui-app-DB-json/components/BuyButton.tsx,"Concordo com a entrega imediata deste PDF digital e compreendo que, assim que o acesso for iniciado, a venda é final e não reembolsável, exceto quando exigido por lei ou se o ficheiro não for entregue ou estiver com defeito."
pt,home.json,body.purchase.checkout.refundPolicy,body.purchase.checkout,MISSING_KEY,YES,generator/Ui-app-DB-json/components/BuyButton.tsx,Ler a política de reembolso
pt,home.json,body.purchase.checkout.opening,body.purchase.checkout,MISSING_KEY,YES,generator/Ui-app-DB-json/components/BuyButton.tsx,A abrir o pagamento...
pt,home.json,body.purchase.checkout.secureNote,body.purchase.checkout,MISSING_KEY,YES,generator/Ui-app-DB-json/components/BuyButton.tsx,Pagamento seguro fornecido pela Stripe. Pagamento único. Sem subscrição.
pt,home.json,body.purchase.checkout.error,body.purchase.checkout,MISSING_KEY,YES,generator/Ui-app-DB-json/components/BrowserErrorTracker.tsx; generator/Ui-app-DB-json/components/BuyButton.tsx,Ocorreu um problema ao iniciar o pagamento. Tente novamente.
pt,home.json,body.purchase.success.metaTitle,body.purchase.success,MISSING_KEY,YES,generator/Ui-app-DB-json/app/[locale]/premium/page.tsx; generator/Ui-app-DB-json/app/[locale]/purchase/cancelled/page.tsx,Obrigado pela sua compra
pt,home.json,body.purchase.success.eyebrow,body.purchase.success,MISSING_KEY,YES,generator/Ui-app-DB-json/app/[locale]/blog/page.tsx; generator/Ui-app-DB-json/app/[locale]/blog/[slug]/page.tsx,Pagamento confirmado
pt,home.json,body.purchase.success.lede,body.purchase.success,MISSING_KEY,YES,generator/Ui-app-DB-json/app/[locale]/premium/page.tsx; generator/Ui-app-DB-json/app/[locale]/purchase/cancelled/page.tsx,O seu pagamento foi bem-sucedido. Pode demorar alguns segundos até a compra aparecer na sua conta.
pt,home.json,body.purchase.cancelled.metaTitle,body.purchase.cancelled,MISSING_KEY,YES,generator/Ui-app-DB-json/app/[locale]/premium/page.tsx; generator/Ui-app-DB-json/app/[locale]/purchase/cancelled/page.tsx,Pagamento cancelado
pt,home.json,body.purchase.cancelled.eyebrow,body.purchase.cancelled,MISSING_KEY,YES,generator/Ui-app-DB-json/app/[locale]/blog/page.tsx; generator/Ui-app-DB-json/app/[locale]/blog/[slug]/page.tsx,Nenhum pagamento efetuado
pt,home.json,body.purchase.cancelled.lede,body.purchase.cancelled,MISSING_KEY,YES,generator/Ui-app-DB-json/app/[locale]/premium/page.tsx; generator/Ui-app-DB-json/app/[locale]/purchase/cancelled/page.tsx,Não foi feita qualquer cobrança. Pode tentar novamente a qualquer momento.
pt,home.json,body.purchase.download.demoTitle,body.purchase.download,MISSING_KEY,YES,generator/Ui-app-DB-json/components/PurchaseDownloadLink.tsx,Teste de pagamento local concluído com sucesso.
pt,home.json,body.purchase.download.demoText,body.purchase.download,MISSING_KEY,YES,generator/Ui-app-DB-json/components/PurchaseDownloadLink.tsx,O verdadeiro ecrã de compra bem-sucedida mostra aqui o botão de download do PDF. A demonstração local não disponibiliza o ficheiro privado.
pt,home.json,body.purchase.download.button,body.purchase.download,MISSING_KEY,YES,generator/Ui-app-DB-json/components/BuyButton.tsx; generator/Ui-app-DB-json/components/CategoryMenu.tsx,Descarregue o seu pacote de puzzles
pt,home.json,body.purchase.download.expires,body.purchase.download,MISSING_KEY,YES,generator/Ui-app-DB-json/components/PurchaseDownloadLink.tsx,Este link expira dentro de 24 horas. Guarde o seu download num local seguro.
pt,home.json,body.purchase.download.failed,body.purchase.download,MISSING_KEY,YES,generator/Ui-app-DB-json/components/PurchaseDownloadLink.tsx,"Ainda não foi possível confirmar a sua compra. Se foi cobrado, atualize esta página dentro de um minuto ou contacte-nos para obter ajuda."
pt,home.json,body.purchase.download.preparing,body.purchase.download,MISSING_KEY,YES,generator/Ui-app-DB-json/components/PurchaseDownloadLink.tsx,A preparar o seu download...
pt,home.json,body.purchase.shared.returnToPack,body.purchase.shared,MISSING_KEY,YES,generator/Ui-app-DB-json/app/[locale]/purchase/cancelled/page.tsx; generator/Ui-app-DB-json/components/PurchaseDownloadLink.tsx,Voltar ao pacote de puzzles
pt,home.json,body.purchase.shared.contactUs,body.purchase.shared,MISSING_KEY,YES,generator/Ui-app-DB-json/components/PurchaseDownloadLink.tsx,Contacte-nos
pt-BR,home.json,body.purchase.premium.metaTitle,body.purchase.premium,MISSING_KEY,YES,generator/Ui-app-DB-json/app/[locale]/premium/page.tsx; generator/Ui-app-DB-json/app/[locale]/purchase/cancelled/page.tsx,Pacote Premium Best of 2026 de Quebra-cabeças Ligue os Pontos
pt-BR,home.json,body.purchase.premium.metaDescription,body.purchase.premium,MISSING_KEY,YES,generator/Ui-app-DB-json/app/[locale]/premium/page.tsx,"Uma coleção pronta para imprimir com os quebra-cabeças de ligar pontos favoritos das crianças, reunidos em um PDF prático."
pt-BR,home.json,body.purchase.premium.eyebrow,body.purchase.premium,MISSING_KEY,YES,generator/Ui-app-DB-json/app/[locale]/blog/page.tsx; generator/Ui-app-DB-json/app/[locale]/blog/[slug]/page.tsx,Coleção premium para impressão
pt-BR,home.json,body.purchase.premium.lede,body.purchase.premium,MISSING_KEY,YES,generator/Ui-app-DB-json/app/[locale]/premium/page.tsx; generator/Ui-app-DB-json/app/[locale]/purchase/cancelled/page.tsx,"A coleção Best of 2026 reúne nossas atividades favoritas de ligar pontos em um pacote fácil de imprimir, perfeito para momentos tranquilos, dias de chuva, homeschooling e sala de aula."
pt-BR,home.json,body.purchase.premium.digitalPdf,body.purchase.premium,MISSING_KEY,YES,generator/Ui-app-DB-json/app/[locale]/premium/page.tsx,PDF digital
pt-BR,home.json,body.purchase.premium.printAtHome,body.purchase.premium,MISSING_KEY,YES,generator/Ui-app-DB-json/app/[locale]/premium/page.tsx,Imprima em casa
pt-BR,home.json,body.purchase.premium.instantAccess,body.purchase.premium,MISSING_KEY,YES,generator/Ui-app-DB-json/app/[locale]/premium/page.tsx,Acesso instantâneo
pt-BR,home.json,body.purchase.premium.purchaseAria,body.purchase.premium,MISSING_KEY,YES,generator/Ui-app-DB-json/app/[locale]/premium/page.tsx,Comprar o pacote de quebra-cabeças Best of 2026
pt-BR,home.json,body.purchase.premium.coverAlt,body.purchase.premium,MISSING_KEY,YES,generator/Ui-app-DB-json/app/[locale]/premium/page.tsx; generator/Ui-app-DB-json/components/BestOf2026BookAd.tsx,Best of 2026 - capa do livro com 25 quebra-cabeças Ligue os Pontos
pt-BR,home.json,body.purchase.premium.oneTime,body.purchase.premium,MISSING_KEY,YES,generator/Ui-app-DB-json/app/[locale]/premium/page.tsx,pagamento único
pt-BR,home.json,body.purchase.premium.buyButton,body.purchase.premium,MISSING_KEY,YES,generator/Ui-app-DB-json/app/[locale]/premium/page.tsx,Garantir o pacote de quebra-cabeças
pt-BR,home.json,body.purchase.premium.localNote,body.purchase.premium,MISSING_KEY,YES,generator/Ui-app-DB-json/app/[locale]/premium/page.tsx,"No localhost, isso abre uma demonstração de checkout segura e nenhum cartão é cobrado."
pt-BR,home.json,body.purchase.premium.detailsEyebrow,body.purchase.premium,MISSING_KEY,YES,generator/Ui-app-DB-json/app/[locale]/premium/page.tsx,Feito para imprimir e brincar com facilidade
pt-BR,home.json,body.purchase.premium.detailsText,body.purchase.premium,MISSING_KEY,YES,generator/Ui-app-DB-json/app/[locale]/premium/page.tsx,"Baixe uma vez, mantenha à mão e imprima as atividades que quiser sempre que precisar."
pt-BR,home.json,body.purchase.premium.benefits.onePdf,body.purchase.premium,MISSING_KEY,YES,generator/Ui-app-DB-json/app/[locale]/premium/page.tsx,"Um único PDF prático, pronto para imprimir"
pt-BR,home.json,body.purchase.premium.benefits.kidFriendly,body.purchase.premium,MISSING_KEY,YES,generator/Ui-app-DB-json/app/[locale]/premium/page.tsx,"Quebra-cabeças pensados para crianças, com vários níveis de dificuldade"
pt-BR,home.json,body.purchase.premium.benefits.paperSizes,body.purchase.premium,MISSING_KEY,YES,generator/Ui-app-DB-json/app/[locale]/premium/page.tsx,Compatível com papel US Letter e A4
pt-BR,home.json,body.purchase.premium.benefits.instantAccess,body.purchase.premium,MISSING_KEY,YES,generator/Ui-app-DB-json/app/[locale]/premium/page.tsx,Acesso instantâneo após pagamento aprovado
pt-BR,home.json,body.purchase.premium.benefits.classroomUse,body.purchase.premium,MISSING_KEY,YES,generator/Ui-app-DB-json/app/[locale]/premium/page.tsx,Pode ser usado em casa ou em uma sala de aula
pt-BR,home.json,body.purchase.premium.guaranteeText,body.purchase.premium,MISSING_KEY,YES,generator/Ui-app-DB-json/app/[locale]/premium/page.tsx,"Depois da compra, seu link de download privado aparece na hora. Sem assinatura e sem renovação surpresa."
pt-BR,home.json,body.purchase.checkout.consent,body.purchase.checkout,MISSING_KEY,YES,generator/Ui-app-DB-json/components/BuyButton.tsx,"Concordo com a entrega imediata deste PDF digital e entendo que, assim que o acesso começar, a compra é final e não reembolsável, exceto quando exigido por lei ou se o arquivo não for entregue ou estiver com defeito."
pt-BR,home.json,body.purchase.checkout.refundPolicy,body.purchase.checkout,MISSING_KEY,YES,generator/Ui-app-DB-json/components/BuyButton.tsx,Leia a política de reembolso
pt-BR,home.json,body.purchase.checkout.opening,body.purchase.checkout,MISSING_KEY,YES,generator/Ui-app-DB-json/components/BuyButton.tsx,Abrindo o checkout...
pt-BR,home.json,body.purchase.checkout.secureNote,body.purchase.checkout,MISSING_KEY,YES,generator/Ui-app-DB-json/components/BuyButton.tsx,Checkout seguro com tecnologia Stripe. Pagamento único. Sem assinatura.
pt-BR,home.json,body.purchase.checkout.error,body.purchase.checkout,MISSING_KEY,YES,generator/Ui-app-DB-json/components/BrowserErrorTracker.tsx; generator/Ui-app-DB-json/components/BuyButton.tsx,Algo deu errado ao iniciar o checkout. Tente novamente.
pt-BR,home.json,body.purchase.success.metaTitle,body.purchase.success,MISSING_KEY,YES,generator/Ui-app-DB-json/app/[locale]/premium/page.tsx; generator/Ui-app-DB-json/app/[locale]/purchase/cancelled/page.tsx,Obrigado pela sua compra
pt-BR,home.json,body.purchase.success.eyebrow,body.purchase.success,MISSING_KEY,YES,generator/Ui-app-DB-json/app/[locale]/blog/page.tsx; generator/Ui-app-DB-json/app/[locale]/blog/[slug]/page.tsx,Pagamento confirmado
pt-BR,home.json,body.purchase.success.lede,body.purchase.success,MISSING_KEY,YES,generator/Ui-app-DB-json/app/[locale]/premium/page.tsx; generator/Ui-app-DB-json/app/[locale]/purchase/cancelled/page.tsx,Seu pagamento foi aprovado. Pode levar alguns segundos até a compra aparecer na sua conta.
pt-BR,home.json,body.purchase.cancelled.metaTitle,body.purchase.cancelled,MISSING_KEY,YES,generator/Ui-app-DB-json/app/[locale]/premium/page.tsx; generator/Ui-app-DB-json/app/[locale]/purchase/cancelled/page.tsx,Checkout cancelado
pt-BR,home.json,body.purchase.cancelled.eyebrow,body.purchase.cancelled,MISSING_KEY,YES,generator/Ui-app-DB-json/app/[locale]/blog/page.tsx; generator/Ui-app-DB-json/app/[locale]/blog/[slug]/page.tsx,Nenhum pagamento realizado
pt-BR,home.json,body.purchase.cancelled.lede,body.purchase.cancelled,MISSING_KEY,YES,generator/Ui-app-DB-json/app/[locale]/premium/page.tsx; generator/Ui-app-DB-json/app/[locale]/purchase/cancelled/page.tsx,Nenhuma cobrança foi feita. Você pode tentar novamente quando quiser.
pt-BR,home.json,body.purchase.download.demoTitle,body.purchase.download,MISSING_KEY,YES,generator/Ui-app-DB-json/components/PurchaseDownloadLink.tsx,Teste de checkout local concluído com sucesso.
pt-BR,home.json,body.purchase.download.demoText,body.purchase.download,MISSING_KEY,YES,generator/Ui-app-DB-json/components/PurchaseDownloadLink.tsx,"Na tela real de compra aprovada, o botão de download do PDF aparece aqui. A demonstração local não libera o arquivo privado."
pt-BR,home.json,body.purchase.download.button,body.purchase.download,MISSING_KEY,YES,generator/Ui-app-DB-json/components/BuyButton.tsx; generator/Ui-app-DB-json/components/CategoryMenu.tsx,Baixe seu pacote de quebra-cabeças
pt-BR,home.json,body.purchase.download.expires,body.purchase.download,MISSING_KEY,YES,generator/Ui-app-DB-json/components/PurchaseDownloadLink.tsx,Este link expira em 24 horas. Salve seu download em um lugar seguro.
pt-BR,home.json,body.purchase.download.failed,body.purchase.download,MISSING_KEY,YES,generator/Ui-app-DB-json/components/PurchaseDownloadLink.tsx,"Ainda não conseguimos confirmar sua compra. Se você foi cobrado, atualize esta página em um minuto ou entre em contato conosco para obter ajuda."
pt-BR,home.json,body.purchase.download.preparing,body.purchase.download,MISSING_KEY,YES,generator/Ui-app-DB-json/components/PurchaseDownloadLink.tsx,Preparando seu download...
pt-BR,home.json,body.purchase.shared.returnToPack,body.purchase.shared,MISSING_KEY,YES,generator/Ui-app-DB-json/app/[locale]/purchase/cancelled/page.tsx; generator/Ui-app-DB-json/components/PurchaseDownloadLink.tsx,Voltar ao pacote de quebra-cabeças
pt-BR,home.json,body.purchase.shared.contactUs,body.purchase.shared,MISSING_KEY,YES,generator/Ui-app-DB-json/components/PurchaseDownloadLink.tsx,Fale conosco
ro,home.json,body.purchase.premium.metaTitle,body.purchase.premium,MISSING_KEY,YES,generator/Ui-app-DB-json/app/[locale]/premium/page.tsx; generator/Ui-app-DB-json/app/[locale]/purchase/cancelled/page.tsx,Pachetul Premium Best of 2026 de Puzzle-uri Unește Punctele
ro,home.json,body.purchase.premium.metaDescription,body.purchase.premium,MISSING_KEY,YES,generator/Ui-app-DB-json/app/[locale]/premium/page.tsx,"O colecție gata de tipărit cu puzzle-urile preferate de tip unește punctele pentru copii, adunate într-un PDF practic."
ro,home.json,body.purchase.premium.eyebrow,body.purchase.premium,MISSING_KEY,YES,generator/Ui-app-DB-json/app/[locale]/blog/page.tsx; generator/Ui-app-DB-json/app/[locale]/blog/[slug]/page.tsx,Colecție premium tipăribilă
ro,home.json,body.purchase.premium.lede,body.purchase.premium,MISSING_KEY,YES,generator/Ui-app-DB-json/app/[locale]/premium/page.tsx; generator/Ui-app-DB-json/app/[locale]/purchase/cancelled/page.tsx,"Colecția Best of 2026 adună activitățile noastre preferate de tip unește punctele într-un pachet ușor de tipărit, ideal pentru momente liniștite, zile ploioase, educație acasă și clasă."
ro,home.json,body.purchase.premium.digitalPdf,body.purchase.premium,MISSING_KEY,YES,generator/Ui-app-DB-json/app/[locale]/premium/page.tsx,PDF digital
ro,home.json,body.purchase.premium.printAtHome,body.purchase.premium,MISSING_KEY,YES,generator/Ui-app-DB-json/app/[locale]/premium/page.tsx,Tipărește acasă
ro,home.json,body.purchase.premium.instantAccess,body.purchase.premium,MISSING_KEY,YES,generator/Ui-app-DB-json/app/[locale]/premium/page.tsx,Acces instantaneu
ro,home.json,body.purchase.premium.purchaseAria,body.purchase.premium,MISSING_KEY,YES,generator/Ui-app-DB-json/app/[locale]/premium/page.tsx,Cumpără pachetul de puzzle-uri Best of 2026
ro,home.json,body.purchase.premium.coverAlt,body.purchase.premium,MISSING_KEY,YES,generator/Ui-app-DB-json/app/[locale]/premium/page.tsx; generator/Ui-app-DB-json/components/BestOf2026BookAd.tsx,Best of 2026 - coperta cărții cu 25 de puzzle-uri Unește Punctele
ro,home.json,body.purchase.premium.oneTime,body.purchase.premium,MISSING_KEY,YES,generator/Ui-app-DB-json/app/[locale]/premium/page.tsx,plată unică
ro,home.json,body.purchase.premium.buyButton,body.purchase.premium,MISSING_KEY,YES,generator/Ui-app-DB-json/app/[locale]/premium/page.tsx,Obține pachetul de puzzle-uri
ro,home.json,body.purchase.premium.localNote,body.purchase.premium,MISSING_KEY,YES,generator/Ui-app-DB-json/app/[locale]/premium/page.tsx,"Pe localhost, aceasta deschide o demonstrație de plată sigură și nu debitează niciodată vreun card."
ro,home.json,body.purchase.premium.detailsEyebrow,body.purchase.premium,MISSING_KEY,YES,generator/Ui-app-DB-json/app/[locale]/premium/page.tsx,Creat pentru tipărire și joacă simplă
ro,home.json,body.purchase.premium.detailsText,body.purchase.premium,MISSING_KEY,YES,generator/Ui-app-DB-json/app/[locale]/premium/page.tsx,"Descarcă o dată, păstrează-l la îndemână și tipărește activitățile dorite oricând ai nevoie de ele."
ro,home.json,body.purchase.premium.benefits.onePdf,body.purchase.premium,MISSING_KEY,YES,generator/Ui-app-DB-json/app/[locale]/premium/page.tsx,"Un singur PDF practic, gata de tipărit"
ro,home.json,body.purchase.premium.benefits.kidFriendly,body.purchase.premium,MISSING_KEY,YES,generator/Ui-app-DB-json/app/[locale]/premium/page.tsx,"Puzzle-uri potrivite pentru copii, cu niveluri variate de dificultate"
ro,home.json,body.purchase.premium.benefits.paperSizes,body.purchase.premium,MISSING_KEY,YES,generator/Ui-app-DB-json/app/[locale]/premium/page.tsx,Funcționează pe hârtie US Letter și A4
ro,home.json,body.purchase.premium.benefits.instantAccess,body.purchase.premium,MISSING_KEY,YES,generator/Ui-app-DB-json/app/[locale]/premium/page.tsx,Acces instantaneu după o plată reușită
ro,home.json,body.purchase.premium.benefits.classroomUse,body.purchase.premium,MISSING_KEY,YES,generator/Ui-app-DB-json/app/[locale]/premium/page.tsx,Poate fi folosit acasă sau într-o singură sală de clasă
ro,home.json,body.purchase.premium.guaranteeText,body.purchase.premium,MISSING_KEY,YES,generator/Ui-app-DB-json/app/[locale]/premium/page.tsx,"După finalizarea plății, linkul tău privat de descărcare apare imediat. Fără abonament și fără reînnoire surpriză."
ro,home.json,body.purchase.checkout.consent,body.purchase.checkout,MISSING_KEY,YES,generator/Ui-app-DB-json/components/BuyButton.tsx,"Sunt de acord cu livrarea imediată a acestui PDF digital și înțeleg că, odată ce accesul începe, vânzarea este finală și nerambursabilă, cu excepția cazurilor prevăzute de lege sau dacă fișierul nu este livrat ori este defect."
ro,home.json,body.purchase.checkout.refundPolicy,body.purchase.checkout,MISSING_KEY,YES,generator/Ui-app-DB-json/components/BuyButton.tsx,Citește politica de rambursare
ro,home.json,body.purchase.checkout.opening,body.purchase.checkout,MISSING_KEY,YES,generator/Ui-app-DB-json/components/BuyButton.tsx,Se deschide plata...
ro,home.json,body.purchase.checkout.secureNote,body.purchase.checkout,MISSING_KEY,YES,generator/Ui-app-DB-json/components/BuyButton.tsx,"Plată securizată, susținută de Stripe. Plată unică. Fără abonament."
ro,home.json,body.purchase.checkout.error,body.purchase.checkout,MISSING_KEY,YES,generator/Ui-app-DB-json/components/BrowserErrorTracker.tsx; generator/Ui-app-DB-json/components/BuyButton.tsx,A apărut o problemă la inițierea plății. Te rugăm să încerci din nou.
ro,home.json,body.purchase.success.metaTitle,body.purchase.success,MISSING_KEY,YES,generator/Ui-app-DB-json/app/[locale]/premium/page.tsx; generator/Ui-app-DB-json/app/[locale]/purchase/cancelled/page.tsx,Îți mulțumim pentru achiziție
ro,home.json,body.purchase.success.eyebrow,body.purchase.success,MISSING_KEY,YES,generator/Ui-app-DB-json/app/[locale]/blog/page.tsx; generator/Ui-app-DB-json/app/[locale]/blog/[slug]/page.tsx,Plată confirmată
ro,home.json,body.purchase.success.lede,body.purchase.success,MISSING_KEY,YES,generator/Ui-app-DB-json/app/[locale]/premium/page.tsx; generator/Ui-app-DB-json/app/[locale]/purchase/cancelled/page.tsx,Plata ta a fost efectuată cu succes. Poate dura câteva secunde până când achiziția apare în contul tău.
ro,home.json,body.purchase.cancelled.metaTitle,body.purchase.cancelled,MISSING_KEY,YES,generator/Ui-app-DB-json/app/[locale]/premium/page.tsx; generator/Ui-app-DB-json/app/[locale]/purchase/cancelled/page.tsx,Plată anulată
ro,home.json,body.purchase.cancelled.eyebrow,body.purchase.cancelled,MISSING_KEY,YES,generator/Ui-app-DB-json/app/[locale]/blog/page.tsx; generator/Ui-app-DB-json/app/[locale]/blog/[slug]/page.tsx,Nu a fost efectuată nicio plată
ro,home.json,body.purchase.cancelled.lede,body.purchase.cancelled,MISSING_KEY,YES,generator/Ui-app-DB-json/app/[locale]/premium/page.tsx; generator/Ui-app-DB-json/app/[locale]/purchase/cancelled/page.tsx,Nu a fost efectuată nicio taxă. Poți încerca din nou oricând.
ro,home.json,body.purchase.download.demoTitle,body.purchase.download,MISSING_KEY,YES,generator/Ui-app-DB-json/components/PurchaseDownloadLink.tsx,Testul local de plată a fost finalizat cu succes.
ro,home.json,body.purchase.download.demoText,body.purchase.download,MISSING_KEY,YES,generator/Ui-app-DB-json/components/PurchaseDownloadLink.tsx,Ecranul real de reușită a achiziției afișează aici butonul de descărcare a PDF-ului. Demonstrația locală nu eliberează fișierul privat.
ro,home.json,body.purchase.download.button,body.purchase.download,MISSING_KEY,YES,generator/Ui-app-DB-json/components/BuyButton.tsx; generator/Ui-app-DB-json/components/CategoryMenu.tsx,Descarcă-ți pachetul de puzzle-uri
ro,home.json,body.purchase.download.expires,body.purchase.download,MISSING_KEY,YES,generator/Ui-app-DB-json/components/PurchaseDownloadLink.tsx,Acest link expiră în 24 de ore. Salvează fișierul descărcat într-un loc sigur.
ro,home.json,body.purchase.download.failed,body.purchase.download,MISSING_KEY,YES,generator/Ui-app-DB-json/components/PurchaseDownloadLink.tsx,"Nu am putut confirma încă achiziția ta. Dacă ai fost debitat, reîmprospătează această pagină peste un minut sau contactează-ne pentru ajutor."
ro,home.json,body.purchase.download.preparing,body.purchase.download,MISSING_KEY,YES,generator/Ui-app-DB-json/components/PurchaseDownloadLink.tsx,Se pregătește descărcarea...
ro,home.json,body.purchase.shared.returnToPack,body.purchase.shared,MISSING_KEY,YES,generator/Ui-app-DB-json/app/[locale]/purchase/cancelled/page.tsx; generator/Ui-app-DB-json/components/PurchaseDownloadLink.tsx,Înapoi la pachetul de puzzle-uri
ro,home.json,body.purchase.shared.contactUs,body.purchase.shared,MISSING_KEY,YES,generator/Ui-app-DB-json/components/PurchaseDownloadLink.tsx,Contactează-ne
ru,home.json,body.purchase.premium.metaTitle,body.purchase.premium,MISSING_KEY,YES,generator/Ui-app-DB-json/app/[locale]/premium/page.tsx; generator/Ui-app-DB-json/app/[locale]/purchase/cancelled/page.tsx,Премиум-набор головоломок «Соедини точки» Best of 2026
ru,home.json,body.purchase.premium.metaDescription,body.purchase.premium,MISSING_KEY,YES,generator/Ui-app-DB-json/app/[locale]/premium/page.tsx,"Готовая к печати коллекция любимых детских головоломок «соедини точки», собранная в одном удобном PDF-файле."
ru,home.json,body.purchase.premium.eyebrow,body.purchase.premium,MISSING_KEY,YES,generator/Ui-app-DB-json/app/[locale]/blog/page.tsx; generator/Ui-app-DB-json/app/[locale]/blog/[slug]/page.tsx,Премиальная коллекция для печати
ru,home.json,body.purchase.premium.lede,body.purchase.premium,MISSING_KEY,YES,generator/Ui-app-DB-json/app/[locale]/premium/page.tsx; generator/Ui-app-DB-json/app/[locale]/purchase/cancelled/page.tsx,"Коллекция Best of 2026 объединяет наши любимые задания «соедини точки» в одном легко распечатываемом наборе — идеально для спокойных моментов, дождливых дней, домашнего обучения и занятий в классе."
ru,home.json,body.purchase.premium.digitalPdf,body.purchase.premium,MISSING_KEY,YES,generator/Ui-app-DB-json/app/[locale]/premium/page.tsx,Цифровой PDF
ru,home.json,body.purchase.premium.printAtHome,body.purchase.premium,MISSING_KEY,YES,generator/Ui-app-DB-json/app/[locale]/premium/page.tsx,Печать дома
ru,home.json,body.purchase.premium.instantAccess,body.purchase.premium,MISSING_KEY,YES,generator/Ui-app-DB-json/app/[locale]/premium/page.tsx,Мгновенный доступ
ru,home.json,body.purchase.premium.purchaseAria,body.purchase.premium,MISSING_KEY,YES,generator/Ui-app-DB-json/app/[locale]/premium/page.tsx,Купить набор головоломок Best of 2026
ru,home.json,body.purchase.premium.coverAlt,body.purchase.premium,MISSING_KEY,YES,generator/Ui-app-DB-json/app/[locale]/premium/page.tsx; generator/Ui-app-DB-json/components/BestOf2026BookAd.tsx,Best of 2026 - обложка книги с 25 головоломками «соедини точки»
ru,home.json,body.purchase.premium.oneTime,body.purchase.premium,MISSING_KEY,YES,generator/Ui-app-DB-json/app/[locale]/premium/page.tsx,единоразовый платёж
ru,home.json,body.purchase.premium.buyButton,body.purchase.premium,MISSING_KEY,YES,generator/Ui-app-DB-json/app/[locale]/premium/page.tsx,Получить набор головоломок
ru,home.json,body.purchase.premium.localNote,body.purchase.premium,MISSING_KEY,YES,generator/Ui-app-DB-json/app/[locale]/premium/page.tsx,"На localhost открывается безопасная демо-версия оплаты, и списания с карты никогда не происходит."
ru,home.json,body.purchase.premium.detailsEyebrow,body.purchase.premium,MISSING_KEY,YES,generator/Ui-app-DB-json/app/[locale]/premium/page.tsx,Создано для лёгкой печати и игры
ru,home.json,body.purchase.premium.detailsText,body.purchase.premium,MISSING_KEY,YES,generator/Ui-app-DB-json/app/[locale]/premium/page.tsx,"Скачайте один раз, держите под рукой и печатайте нужные задания в любое время."
ru,home.json,body.purchase.premium.benefits.onePdf,body.purchase.premium,MISSING_KEY,YES,generator/Ui-app-DB-json/app/[locale]/premium/page.tsx,"Один удобный PDF-файл, готовый к печати"
ru,home.json,body.purchase.premium.benefits.kidFriendly,body.purchase.premium,MISSING_KEY,YES,generator/Ui-app-DB-json/app/[locale]/premium/page.tsx,Головоломки для детей с разным уровнем сложности
ru,home.json,body.purchase.premium.benefits.paperSizes,body.purchase.premium,MISSING_KEY,YES,generator/Ui-app-DB-json/app/[locale]/premium/page.tsx,Подходит для бумаги форматов US Letter и A4
ru,home.json,body.purchase.premium.benefits.instantAccess,body.purchase.premium,MISSING_KEY,YES,generator/Ui-app-DB-json/app/[locale]/premium/page.tsx,Мгновенный доступ после успешной оплаты
ru,home.json,body.purchase.premium.benefits.classroomUse,body.purchase.premium,MISSING_KEY,YES,generator/Ui-app-DB-json/app/[locale]/premium/page.tsx,Можно использовать дома или в одном классе
ru,home.json,body.purchase.premium.guaranteeText,body.purchase.premium,MISSING_KEY,YES,generator/Ui-app-DB-json/app/[locale]/premium/page.tsx,После оплаты сразу появляется ваша личная ссылка для скачивания. Без подписки и без неожиданного продления.
ru,home.json,body.purchase.checkout.consent,body.purchase.checkout,MISSING_KEY,YES,generator/Ui-app-DB-json/components/BuyButton.tsx,"Я согласен на немедленную доставку этого цифрового PDF-файла и понимаю, что после начала доступа покупка является окончательной и не подлежит возврату, за исключением случаев, предусмотренных законом, или если файл не доставлен или имеет дефект."
ru,home.json,body.purchase.checkout.refundPolicy,body.purchase.checkout,MISSING_KEY,YES,generator/Ui-app-DB-json/components/BuyButton.tsx,Ознакомиться с политикой возврата средств
ru,home.json,body.purchase.checkout.opening,body.purchase.checkout,MISSING_KEY,YES,generator/Ui-app-DB-json/components/BuyButton.tsx,Открывается оформление заказа...
ru,home.json,body.purchase.checkout.secureNote,body.purchase.checkout,MISSING_KEY,YES,generator/Ui-app-DB-json/components/BuyButton.tsx,Безопасная оплата через Stripe. Единоразовый платёж. Без подписки.
ru,home.json,body.purchase.checkout.error,body.purchase.checkout,MISSING_KEY,YES,generator/Ui-app-DB-json/components/BrowserErrorTracker.tsx; generator/Ui-app-DB-json/components/BuyButton.tsx,"Что-то пошло не так при запуске оплаты. Пожалуйста, попробуйте снова."
ru,home.json,body.purchase.success.metaTitle,body.purchase.success,MISSING_KEY,YES,generator/Ui-app-DB-json/app/[locale]/premium/page.tsx; generator/Ui-app-DB-json/app/[locale]/purchase/cancelled/page.tsx,Спасибо за покупку
ru,home.json,body.purchase.success.eyebrow,body.purchase.success,MISSING_KEY,YES,generator/Ui-app-DB-json/app/[locale]/blog/page.tsx; generator/Ui-app-DB-json/app/[locale]/blog/[slug]/page.tsx,Оплата подтверждена
ru,home.json,body.purchase.success.lede,body.purchase.success,MISSING_KEY,YES,generator/Ui-app-DB-json/app/[locale]/premium/page.tsx; generator/Ui-app-DB-json/app/[locale]/purchase/cancelled/page.tsx,"Ваш платёж прошёл успешно. Может потребоваться несколько секунд, чтобы покупка отобразилась в вашем аккаунте."
ru,home.json,body.purchase.cancelled.metaTitle,body.purchase.cancelled,MISSING_KEY,YES,generator/Ui-app-DB-json/app/[locale]/premium/page.tsx; generator/Ui-app-DB-json/app/[locale]/purchase/cancelled/page.tsx,Оформление заказа отменено
ru,home.json,body.purchase.cancelled.eyebrow,body.purchase.cancelled,MISSING_KEY,YES,generator/Ui-app-DB-json/app/[locale]/blog/page.tsx; generator/Ui-app-DB-json/app/[locale]/blog/[slug]/page.tsx,Списания не было
ru,home.json,body.purchase.cancelled.lede,body.purchase.cancelled,MISSING_KEY,YES,generator/Ui-app-DB-json/app/[locale]/premium/page.tsx; generator/Ui-app-DB-json/app/[locale]/purchase/cancelled/page.tsx,Списания средств не произошло. Вы можете попробовать снова в любое время.
ru,home.json,body.purchase.download.demoTitle,body.purchase.download,MISSING_KEY,YES,generator/Ui-app-DB-json/components/PurchaseDownloadLink.tsx,Локальный тест оплаты пройден успешно.
ru,home.json,body.purchase.download.demoText,body.purchase.download,MISSING_KEY,YES,generator/Ui-app-DB-json/components/PurchaseDownloadLink.tsx,На реальном экране успешной оплаты здесь отображается кнопка загрузки PDF. Локальная демо-версия не предоставляет доступ к приватному файлу.
ru,home.json,body.purchase.download.button,body.purchase.download,MISSING_KEY,YES,generator/Ui-app-DB-json/components/BuyButton.tsx; generator/Ui-app-DB-json/components/CategoryMenu.tsx,Скачать набор головоломок
ru,home.json,body.purchase.download.expires,body.purchase.download,MISSING_KEY,YES,generator/Ui-app-DB-json/components/PurchaseDownloadLink.tsx,Срок действия этой ссылки истекает через 24 часа. Сохраните скачанный файл в надёжном месте.
ru,home.json,body.purchase.download.failed,body.purchase.download,MISSING_KEY,YES,generator/Ui-app-DB-json/components/PurchaseDownloadLink.tsx,"Мы пока не смогли подтвердить вашу покупку. Если списание произошло, обновите эту страницу через минуту или свяжитесь с нами для помощи."
ru,home.json,body.purchase.download.preparing,body.purchase.download,MISSING_KEY,YES,generator/Ui-app-DB-json/components/PurchaseDownloadLink.tsx,Подготовка вашей загрузки...
ru,home.json,body.purchase.shared.returnToPack,body.purchase.shared,MISSING_KEY,YES,generator/Ui-app-DB-json/app/[locale]/purchase/cancelled/page.tsx; generator/Ui-app-DB-json/components/PurchaseDownloadLink.tsx,Вернуться к набору головоломок
ru,home.json,body.purchase.shared.contactUs,body.purchase.shared,MISSING_KEY,YES,generator/Ui-app-DB-json/components/PurchaseDownloadLink.tsx,Связаться с нами
sk,home.json,body.purchase.premium.metaTitle,body.purchase.premium,MISSING_KEY,YES,generator/Ui-app-DB-json/app/[locale]/premium/page.tsx; generator/Ui-app-DB-json/app/[locale]/purchase/cancelled/page.tsx,Prémiový balík Best of 2026 – hlavolamy spoj bodky
sk,home.json,body.purchase.premium.metaDescription,body.purchase.premium,MISSING_KEY,YES,generator/Ui-app-DB-json/app/[locale]/premium/page.tsx,"Zbierka obľúbených detských hlavolamov spoj bodky pripravená na tlač, spojená do jedného praktického PDF."
sk,home.json,body.purchase.premium.eyebrow,body.purchase.premium,MISSING_KEY,YES,generator/Ui-app-DB-json/app/[locale]/blog/page.tsx; generator/Ui-app-DB-json/app/[locale]/blog/[slug]/page.tsx,Prémiová zbierka na tlač
sk,home.json,body.purchase.premium.lede,body.purchase.premium,MISSING_KEY,YES,generator/Ui-app-DB-json/app/[locale]/premium/page.tsx; generator/Ui-app-DB-json/app/[locale]/purchase/cancelled/page.tsx,"Zbierka Best of 2026 prináša naše obľúbené aktivity spoj bodky v jednom ľahko vytlačiteľnom balíku – ideálne na pokojné chvíle, daždivé dni, domáce vzdelávanie aj vyučovanie."
sk,home.json,body.purchase.premium.digitalPdf,body.purchase.premium,MISSING_KEY,YES,generator/Ui-app-DB-json/app/[locale]/premium/page.tsx,Digitálne PDF
sk,home.json,body.purchase.premium.printAtHome,body.purchase.premium,MISSING_KEY,YES,generator/Ui-app-DB-json/app/[locale]/premium/page.tsx,Tlač doma
sk,home.json,body.purchase.premium.instantAccess,body.purchase.premium,MISSING_KEY,YES,generator/Ui-app-DB-json/app/[locale]/premium/page.tsx,Okamžitý prístup
sk,home.json,body.purchase.premium.purchaseAria,body.purchase.premium,MISSING_KEY,YES,generator/Ui-app-DB-json/app/[locale]/premium/page.tsx,Kúpiť balík hlavolamov Best of 2026
sk,home.json,body.purchase.premium.coverAlt,body.purchase.premium,MISSING_KEY,YES,generator/Ui-app-DB-json/app/[locale]/premium/page.tsx; generator/Ui-app-DB-json/components/BestOf2026BookAd.tsx,Best of 2026 - obal knihy s 25 hlavolamami spoj bodky
sk,home.json,body.purchase.premium.oneTime,body.purchase.premium,MISSING_KEY,YES,generator/Ui-app-DB-json/app/[locale]/premium/page.tsx,jednorazová platba
sk,home.json,body.purchase.premium.buyButton,body.purchase.premium,MISSING_KEY,YES,generator/Ui-app-DB-json/app/[locale]/premium/page.tsx,Získať balík hlavolamov
sk,home.json,body.purchase.premium.localNote,body.purchase.premium,MISSING_KEY,YES,generator/Ui-app-DB-json/app/[locale]/premium/page.tsx,Na localhoste sa otvorí bezpečné demo platby a karta nikdy nie je zaťažená.
sk,home.json,body.purchase.premium.detailsEyebrow,body.purchase.premium,MISSING_KEY,YES,generator/Ui-app-DB-json/app/[locale]/premium/page.tsx,Vytvorené pre jednoduchú tlač a hru
sk,home.json,body.purchase.premium.detailsText,body.purchase.premium,MISSING_KEY,YES,generator/Ui-app-DB-json/app/[locale]/premium/page.tsx,"Stiahnite si raz, majte poruke a vytlačte si aktivity, ktoré chcete, kedykoľvek ich potrebujete."
sk,home.json,body.purchase.premium.benefits.onePdf,body.purchase.premium,MISSING_KEY,YES,generator/Ui-app-DB-json/app/[locale]/premium/page.tsx,Jedno praktické PDF pripravené na tlač
sk,home.json,body.purchase.premium.benefits.kidFriendly,body.purchase.premium,MISSING_KEY,YES,generator/Ui-app-DB-json/app/[locale]/premium/page.tsx,Hlavolamy vhodné pre deti s rôznou úrovňou náročnosti
sk,home.json,body.purchase.premium.benefits.paperSizes,body.purchase.premium,MISSING_KEY,YES,generator/Ui-app-DB-json/app/[locale]/premium/page.tsx,Funguje na papieri US Letter aj A4
sk,home.json,body.purchase.premium.benefits.instantAccess,body.purchase.premium,MISSING_KEY,YES,generator/Ui-app-DB-json/app/[locale]/premium/page.tsx,Okamžitý prístup po úspešnej platbe
sk,home.json,body.purchase.premium.benefits.classroomUse,body.purchase.premium,MISSING_KEY,YES,generator/Ui-app-DB-json/app/[locale]/premium/page.tsx,Možno použiť doma alebo v jednej triede
sk,home.json,body.purchase.premium.guaranteeText,body.purchase.premium,MISSING_KEY,YES,generator/Ui-app-DB-json/app/[locale]/premium/page.tsx,Po zaplatení sa okamžite zobrazí váš súkromný odkaz na stiahnutie. Žiadne predplatné a žiadne prekvapivé obnovenie.
sk,home.json,body.purchase.checkout.consent,body.purchase.checkout,MISSING_KEY,YES,generator/Ui-app-DB-json/components/BuyButton.tsx,"Súhlasím s okamžitým doručením tohto digitálneho PDF a rozumiem, že po začatí prístupu je nákup konečný a nevratný, s výnimkou prípadov vyžadovaných zákonom alebo ak súbor nie je doručený či je chybný."
sk,home.json,body.purchase.checkout.refundPolicy,body.purchase.checkout,MISSING_KEY,YES,generator/Ui-app-DB-json/components/BuyButton.tsx,Prečítať si zásady vrátenia peňazí
sk,home.json,body.purchase.checkout.opening,body.purchase.checkout,MISSING_KEY,YES,generator/Ui-app-DB-json/components/BuyButton.tsx,Otvára sa platba...
sk,home.json,body.purchase.checkout.secureNote,body.purchase.checkout,MISSING_KEY,YES,generator/Ui-app-DB-json/components/BuyButton.tsx,Bezpečná platba zabezpečená spoločnosťou Stripe. Jednorazová platba. Žiadne predplatné.
sk,home.json,body.purchase.checkout.error,body.purchase.checkout,MISSING_KEY,YES,generator/Ui-app-DB-json/components/BrowserErrorTracker.tsx; generator/Ui-app-DB-json/components/BuyButton.tsx,Pri spúšťaní platby sa vyskytla chyba. Skúste to prosím znova.
sk,home.json,body.purchase.success.metaTitle,body.purchase.success,MISSING_KEY,YES,generator/Ui-app-DB-json/app/[locale]/premium/page.tsx; generator/Ui-app-DB-json/app/[locale]/purchase/cancelled/page.tsx,Ďakujeme za nákup
sk,home.json,body.purchase.success.eyebrow,body.purchase.success,MISSING_KEY,YES,generator/Ui-app-DB-json/app/[locale]/blog/page.tsx; generator/Ui-app-DB-json/app/[locale]/blog/[slug]/page.tsx,Platba potvrdená
sk,home.json,body.purchase.success.lede,body.purchase.success,MISSING_KEY,YES,generator/Ui-app-DB-json/app/[locale]/premium/page.tsx; generator/Ui-app-DB-json/app/[locale]/purchase/cancelled/page.tsx,Vaša platba bola úspešná. Zobrazenie nákupu vo vašom účte môže trvať niekoľko sekúnd.
sk,home.json,body.purchase.cancelled.metaTitle,body.purchase.cancelled,MISSING_KEY,YES,generator/Ui-app-DB-json/app/[locale]/premium/page.tsx; generator/Ui-app-DB-json/app/[locale]/purchase/cancelled/page.tsx,Platba zrušená
sk,home.json,body.purchase.cancelled.eyebrow,body.purchase.cancelled,MISSING_KEY,YES,generator/Ui-app-DB-json/app/[locale]/blog/page.tsx; generator/Ui-app-DB-json/app/[locale]/blog/[slug]/page.tsx,Platba nebola vykonaná
sk,home.json,body.purchase.cancelled.lede,body.purchase.cancelled,MISSING_KEY,YES,generator/Ui-app-DB-json/app/[locale]/premium/page.tsx; generator/Ui-app-DB-json/app/[locale]/purchase/cancelled/page.tsx,Nebola vykonaná žiadna platba. Môžete to kedykoľvek skúsiť znova.
sk,home.json,body.purchase.download.demoTitle,body.purchase.download,MISSING_KEY,YES,generator/Ui-app-DB-json/components/PurchaseDownloadLink.tsx,Lokálny test platby bol úspešný.
sk,home.json,body.purchase.download.demoText,body.purchase.download,MISSING_KEY,YES,generator/Ui-app-DB-json/components/PurchaseDownloadLink.tsx,Na skutočnej obrazovke úspešného nákupu sa tu zobrazí tlačidlo na stiahnutie PDF. Lokálne demo súkromný súbor neuvoľňuje.
sk,home.json,body.purchase.download.button,body.purchase.download,MISSING_KEY,YES,generator/Ui-app-DB-json/components/BuyButton.tsx; generator/Ui-app-DB-json/components/CategoryMenu.tsx,Stiahnite si balík hlavolamov
sk,home.json,body.purchase.download.expires,body.purchase.download,MISSING_KEY,YES,generator/Ui-app-DB-json/components/PurchaseDownloadLink.tsx,Platnosť tohto odkazu vyprší o 24 hodín. Uložte si stiahnutý súbor na bezpečné miesto.
sk,home.json,body.purchase.download.failed,body.purchase.download,MISSING_KEY,YES,generator/Ui-app-DB-json/components/PurchaseDownloadLink.tsx,"Váš nákup sme zatiaľ nedokázali potvrdiť. Ak vám bola suma odpočítaná, obnovte túto stránku o minútu alebo nás kontaktujte, aby sme vám pomohli."
sk,home.json,body.purchase.download.preparing,body.purchase.download,MISSING_KEY,YES,generator/Ui-app-DB-json/components/PurchaseDownloadLink.tsx,Pripravuje sa vaše stiahnutie...
sk,home.json,body.purchase.shared.returnToPack,body.purchase.shared,MISSING_KEY,YES,generator/Ui-app-DB-json/app/[locale]/purchase/cancelled/page.tsx; generator/Ui-app-DB-json/components/PurchaseDownloadLink.tsx,Späť na balík hlavolamov
sk,home.json,body.purchase.shared.contactUs,body.purchase.shared,MISSING_KEY,YES,generator/Ui-app-DB-json/components/PurchaseDownloadLink.tsx,Kontaktujte nás
sl,home.json,body.purchase.premium.metaTitle,body.purchase.premium,MISSING_KEY,YES,generator/Ui-app-DB-json/app/[locale]/premium/page.tsx; generator/Ui-app-DB-json/app/[locale]/purchase/cancelled/page.tsx,Premijski paket Best of 2026 – uganke poveži pike
sl,home.json,body.purchase.premium.metaDescription,body.purchase.premium,MISSING_KEY,YES,generator/Ui-app-DB-json/app/[locale]/premium/page.tsx,"Za tisk pripravljena zbirka najljubših otroških ugank poveži pike, združenih v enem priročnem PDF-ju."
sl,home.json,body.purchase.premium.eyebrow,body.purchase.premium,MISSING_KEY,YES,generator/Ui-app-DB-json/app/[locale]/blog/page.tsx; generator/Ui-app-DB-json/app/[locale]/blog/[slug]/page.tsx,Premijska zbirka za tiskanje
sl,home.json,body.purchase.premium.lede,body.purchase.premium,MISSING_KEY,YES,generator/Ui-app-DB-json/app/[locale]/premium/page.tsx; generator/Ui-app-DB-json/app/[locale]/purchase/cancelled/page.tsx,"Zbirka Best of 2026 združuje naše najljubše aktivnosti poveži pike v enem enostavno natisljivem paketu – idealno za mirne trenutke, deževne dni, domače šolanje in pouk."
sl,home.json,body.purchase.premium.digitalPdf,body.purchase.premium,MISSING_KEY,YES,generator/Ui-app-DB-json/app/[locale]/premium/page.tsx,Digitalni PDF
sl,home.json,body.purchase.premium.printAtHome,body.purchase.premium,MISSING_KEY,YES,generator/Ui-app-DB-json/app/[locale]/premium/page.tsx,Natisnite doma
sl,home.json,body.purchase.premium.instantAccess,body.purchase.premium,MISSING_KEY,YES,generator/Ui-app-DB-json/app/[locale]/premium/page.tsx,Takojšen dostop
sl,home.json,body.purchase.premium.purchaseAria,body.purchase.premium,MISSING_KEY,YES,generator/Ui-app-DB-json/app/[locale]/premium/page.tsx,Kupite paket ugank Best of 2026
sl,home.json,body.purchase.premium.coverAlt,body.purchase.premium,MISSING_KEY,YES,generator/Ui-app-DB-json/app/[locale]/premium/page.tsx; generator/Ui-app-DB-json/components/BestOf2026BookAd.tsx,Best of 2026 - naslovnica knjige s 25 ugankami poveži pike
sl,home.json,body.purchase.premium.oneTime,body.purchase.premium,MISSING_KEY,YES,generator/Ui-app-DB-json/app/[locale]/premium/page.tsx,enkratno plačilo
sl,home.json,body.purchase.premium.buyButton,body.purchase.premium,MISSING_KEY,YES,generator/Ui-app-DB-json/app/[locale]/premium/page.tsx,Pridobite paket ugank
sl,home.json,body.purchase.premium.localNote,body.purchase.premium,MISSING_KEY,YES,generator/Ui-app-DB-json/app/[locale]/premium/page.tsx,Na localhostu se odpre varen preizkus plačila in kartica nikoli ni bremenjena.
sl,home.json,body.purchase.premium.detailsEyebrow,body.purchase.premium,MISSING_KEY,YES,generator/Ui-app-DB-json/app/[locale]/premium/page.tsx,Zasnovano za enostavno tiskanje in igro
sl,home.json,body.purchase.premium.detailsText,body.purchase.premium,MISSING_KEY,YES,generator/Ui-app-DB-json/app/[locale]/premium/page.tsx,"Prenesite enkrat, imejte pri roki in natisnite dejavnosti, ki jih želite, kadar koli jih potrebujete."
sl,home.json,body.purchase.premium.benefits.onePdf,body.purchase.premium,MISSING_KEY,YES,generator/Ui-app-DB-json/app/[locale]/premium/page.tsx,"En priročen PDF, pripravljen za tiskanje"
sl,home.json,body.purchase.premium.benefits.kidFriendly,body.purchase.premium,MISSING_KEY,YES,generator/Ui-app-DB-json/app/[locale]/premium/page.tsx,"Uganke, primerne za otroke, z različnimi stopnjami težavnosti"
sl,home.json,body.purchase.premium.benefits.paperSizes,body.purchase.premium,MISSING_KEY,YES,generator/Ui-app-DB-json/app/[locale]/premium/page.tsx,Deluje na papirju formata US Letter in A4
sl,home.json,body.purchase.premium.benefits.instantAccess,body.purchase.premium,MISSING_KEY,YES,generator/Ui-app-DB-json/app/[locale]/premium/page.tsx,Takojšen dostop po uspešnem plačilu
sl,home.json,body.purchase.premium.benefits.classroomUse,body.purchase.premium,MISSING_KEY,YES,generator/Ui-app-DB-json/app/[locale]/premium/page.tsx,Uporabno doma ali v eni učilnici
sl,home.json,body.purchase.premium.guaranteeText,body.purchase.premium,MISSING_KEY,YES,generator/Ui-app-DB-json/app/[locale]/premium/page.tsx,Po nakupu se takoj prikaže vaša zasebna povezava za prenos. Brez naročnine in brez presenetljive obnovitve.
sl,home.json,body.purchase.checkout.consent,body.purchase.checkout,MISSING_KEY,YES,generator/Ui-app-DB-json/components/BuyButton.tsx,"Strinjam se s takojšnjo dostavo tega digitalnega PDF-ja in razumem, da je po začetku dostopa nakup dokončen in ni vračljiv, razen kadar to zahteva zakon ali če datoteka ni dostavljena oziroma je pomanjkljiva."
sl,home.json,body.purchase.checkout.refundPolicy,body.purchase.checkout,MISSING_KEY,YES,generator/Ui-app-DB-json/components/BuyButton.tsx,Preberite pravilnik o vračilih
sl,home.json,body.purchase.checkout.opening,body.purchase.checkout,MISSING_KEY,YES,generator/Ui-app-DB-json/components/BuyButton.tsx,Odpiranje plačila...
sl,home.json,body.purchase.checkout.secureNote,body.purchase.checkout,MISSING_KEY,YES,generator/Ui-app-DB-json/components/BuyButton.tsx,"Varno plačilo, ki ga omogoča Stripe. Enkratno plačilo. Brez naročnine."
sl,home.json,body.purchase.checkout.error,body.purchase.checkout,MISSING_KEY,YES,generator/Ui-app-DB-json/components/BrowserErrorTracker.tsx; generator/Ui-app-DB-json/components/BuyButton.tsx,Pri zagonu plačila je prišlo do napake. Poskusite znova.
sl,home.json,body.purchase.success.metaTitle,body.purchase.success,MISSING_KEY,YES,generator/Ui-app-DB-json/app/[locale]/premium/page.tsx; generator/Ui-app-DB-json/app/[locale]/purchase/cancelled/page.tsx,Hvala za nakup
sl,home.json,body.purchase.success.eyebrow,body.purchase.success,MISSING_KEY,YES,generator/Ui-app-DB-json/app/[locale]/blog/page.tsx; generator/Ui-app-DB-json/app/[locale]/blog/[slug]/page.tsx,Plačilo potrjeno
sl,home.json,body.purchase.success.lede,body.purchase.success,MISSING_KEY,YES,generator/Ui-app-DB-json/app/[locale]/premium/page.tsx; generator/Ui-app-DB-json/app/[locale]/purchase/cancelled/page.tsx,"Vaše plačilo je bilo uspešno. Nekaj sekund lahko traja, da se nakup prikaže v vašem računu."
sl,home.json,body.purchase.cancelled.metaTitle,body.purchase.cancelled,MISSING_KEY,YES,generator/Ui-app-DB-json/app/[locale]/premium/page.tsx; generator/Ui-app-DB-json/app/[locale]/purchase/cancelled/page.tsx,Plačilo preklicano
sl,home.json,body.purchase.cancelled.eyebrow,body.purchase.cancelled,MISSING_KEY,YES,generator/Ui-app-DB-json/app/[locale]/blog/page.tsx; generator/Ui-app-DB-json/app/[locale]/blog/[slug]/page.tsx,Plačilo ni bilo izvedeno
sl,home.json,body.purchase.cancelled.lede,body.purchase.cancelled,MISSING_KEY,YES,generator/Ui-app-DB-json/app/[locale]/premium/page.tsx; generator/Ui-app-DB-json/app/[locale]/purchase/cancelled/page.tsx,Noben znesek ni bil zaračunan. Znova lahko poskusite kadar koli.
sl,home.json,body.purchase.download.demoTitle,body.purchase.download,MISSING_KEY,YES,generator/Ui-app-DB-json/components/PurchaseDownloadLink.tsx,Lokalni preizkus plačila je bil uspešen.
sl,home.json,body.purchase.download.demoText,body.purchase.download,MISSING_KEY,YES,generator/Ui-app-DB-json/components/PurchaseDownloadLink.tsx,Na resničnem zaslonu uspešnega nakupa se tu prikaže gumb za prenos PDF-ja. Lokalna predstavitev ne omogoča dostopa do zasebne datoteke.
sl,home.json,body.purchase.download.button,body.purchase.download,MISSING_KEY,YES,generator/Ui-app-DB-json/components/BuyButton.tsx; generator/Ui-app-DB-json/components/CategoryMenu.tsx,Prenesite svoj paket ugank
sl,home.json,body.purchase.download.expires,body.purchase.download,MISSING_KEY,YES,generator/Ui-app-DB-json/components/PurchaseDownloadLink.tsx,Ta povezava poteče čez 24 ur. Preneseno datoteko shranite na varno mesto.
sl,home.json,body.purchase.download.failed,body.purchase.download,MISSING_KEY,YES,generator/Ui-app-DB-json/components/PurchaseDownloadLink.tsx,"Vašega nakupa še nismo mogli potrditi. Če vam je bil znesek zaračunan, to stran osvežite čez minuto ali nas kontaktirajte za pomoč."
sl,home.json,body.purchase.download.preparing,body.purchase.download,MISSING_KEY,YES,generator/Ui-app-DB-json/components/PurchaseDownloadLink.tsx,Pripravljamo vaš prenos...
sl,home.json,body.purchase.shared.returnToPack,body.purchase.shared,MISSING_KEY,YES,generator/Ui-app-DB-json/app/[locale]/purchase/cancelled/page.tsx; generator/Ui-app-DB-json/components/PurchaseDownloadLink.tsx,Nazaj na paket ugank
sl,home.json,body.purchase.shared.contactUs,body.purchase.shared,MISSING_KEY,YES,generator/Ui-app-DB-json/components/PurchaseDownloadLink.tsx,Kontaktirajte nas
sv,home.json,body.purchase.premium.metaTitle,body.purchase.premium,MISSING_KEY,YES,generator/Ui-app-DB-json/app/[locale]/premium/page.tsx; generator/Ui-app-DB-json/app/[locale]/purchase/cancelled/page.tsx,Best of 2026 Premium prick-till-prick-pusselpaket
sv,home.json,body.purchase.premium.metaDescription,body.purchase.premium,MISSING_KEY,YES,generator/Ui-app-DB-json/app/[locale]/premium/page.tsx,"En utskriftsklar samling av barnens favoritpussel att dra streck mellan prickar, samlade i en praktisk PDF."
sv,home.json,body.purchase.premium.eyebrow,body.purchase.premium,MISSING_KEY,YES,generator/Ui-app-DB-json/app/[locale]/blog/page.tsx; generator/Ui-app-DB-json/app/[locale]/blog/[slug]/page.tsx,Utskriftsbar premiumsamling
sv,home.json,body.purchase.premium.lede,body.purchase.premium,MISSING_KEY,YES,generator/Ui-app-DB-json/app/[locale]/premium/page.tsx; generator/Ui-app-DB-json/app/[locale]/purchase/cancelled/page.tsx,"Best of 2026-samlingen för samman våra favoritaktiviteter med prick-till-prick i ett lättutskrivet paket – perfekt för lugna stunder, regniga dagar, hemundervisning och klassrummet."
sv,home.json,body.purchase.premium.digitalPdf,body.purchase.premium,MISSING_KEY,YES,generator/Ui-app-DB-json/app/[locale]/premium/page.tsx,Digital PDF
sv,home.json,body.purchase.premium.printAtHome,body.purchase.premium,MISSING_KEY,YES,generator/Ui-app-DB-json/app/[locale]/premium/page.tsx,Skriv ut hemma
sv,home.json,body.purchase.premium.instantAccess,body.purchase.premium,MISSING_KEY,YES,generator/Ui-app-DB-json/app/[locale]/premium/page.tsx,Omedelbar åtkomst
sv,home.json,body.purchase.premium.purchaseAria,body.purchase.premium,MISSING_KEY,YES,generator/Ui-app-DB-json/app/[locale]/premium/page.tsx,Köp pusselpaketet Best of 2026
sv,home.json,body.purchase.premium.coverAlt,body.purchase.premium,MISSING_KEY,YES,generator/Ui-app-DB-json/app/[locale]/premium/page.tsx; generator/Ui-app-DB-json/components/BestOf2026BookAd.tsx,Best of 2026 - bokomslag med 25 prick-till-prick-pussel
sv,home.json,body.purchase.premium.oneTime,body.purchase.premium,MISSING_KEY,YES,generator/Ui-app-DB-json/app/[locale]/premium/page.tsx,engångsbetalning
sv,home.json,body.purchase.premium.buyButton,body.purchase.premium,MISSING_KEY,YES,generator/Ui-app-DB-json/app/[locale]/premium/page.tsx,Skaffa pusselpaketet
sv,home.json,body.purchase.premium.localNote,body.purchase.premium,MISSING_KEY,YES,generator/Ui-app-DB-json/app/[locale]/premium/page.tsx,På localhost öppnas en säker betalningsdemo och inget kort belastas någonsin.
sv,home.json,body.purchase.premium.detailsEyebrow,body.purchase.premium,MISSING_KEY,YES,generator/Ui-app-DB-json/app/[locale]/premium/page.tsx,Skapat för enkel utskrift och lek
sv,home.json,body.purchase.premium.detailsText,body.purchase.premium,MISSING_KEY,YES,generator/Ui-app-DB-json/app/[locale]/premium/page.tsx,"Ladda ner en gång, ha det nära till hands och skriv ut de aktiviteter du vill ha när du behöver dem."
sv,home.json,body.purchase.premium.benefits.onePdf,body.purchase.premium,MISSING_KEY,YES,generator/Ui-app-DB-json/app/[locale]/premium/page.tsx,"En praktisk PDF, klar att skriva ut"
sv,home.json,body.purchase.premium.benefits.kidFriendly,body.purchase.premium,MISSING_KEY,YES,generator/Ui-app-DB-json/app/[locale]/premium/page.tsx,Barnvänliga pussel med varierande svårighetsgrad
sv,home.json,body.purchase.premium.benefits.paperSizes,body.purchase.premium,MISSING_KEY,YES,generator/Ui-app-DB-json/app/[locale]/premium/page.tsx,Fungerar på US Letter- och A4-papper
sv,home.json,body.purchase.premium.benefits.instantAccess,body.purchase.premium,MISSING_KEY,YES,generator/Ui-app-DB-json/app/[locale]/premium/page.tsx,Omedelbar åtkomst efter lyckad betalning
sv,home.json,body.purchase.premium.benefits.classroomUse,body.purchase.premium,MISSING_KEY,YES,generator/Ui-app-DB-json/app/[locale]/premium/page.tsx,Kan användas hemma eller i ett klassrum
sv,home.json,body.purchase.premium.guaranteeText,body.purchase.premium,MISSING_KEY,YES,generator/Ui-app-DB-json/app/[locale]/premium/page.tsx,Efter köpet visas din privata nedladdningslänk direkt. Inget abonnemang och ingen överraskande förnyelse.
sv,home.json,body.purchase.checkout.consent,body.purchase.checkout,MISSING_KEY,YES,generator/Ui-app-DB-json/components/BuyButton.tsx,"Jag godkänner omedelbar leverans av denna digitala PDF och förstår att köpet är slutgiltigt och inte återbetalningsbart när åtkomsten väl har börjat, förutom där lagen kräver det eller om filen inte levereras eller är felaktig."
sv,home.json,body.purchase.checkout.refundPolicy,body.purchase.checkout,MISSING_KEY,YES,generator/Ui-app-DB-json/components/BuyButton.tsx,Läs återbetalningspolicyn
sv,home.json,body.purchase.checkout.opening,body.purchase.checkout,MISSING_KEY,YES,generator/Ui-app-DB-json/components/BuyButton.tsx,Öppnar betalningen...
sv,home.json,body.purchase.checkout.secureNote,body.purchase.checkout,MISSING_KEY,YES,generator/Ui-app-DB-json/components/BuyButton.tsx,Säker betalning via Stripe. Engångsbetalning. Inget abonnemang.
sv,home.json,body.purchase.checkout.error,body.purchase.checkout,MISSING_KEY,YES,generator/Ui-app-DB-json/components/BrowserErrorTracker.tsx; generator/Ui-app-DB-json/components/BuyButton.tsx,Något gick fel när betalningen skulle startas. Försök igen.
sv,home.json,body.purchase.success.metaTitle,body.purchase.success,MISSING_KEY,YES,generator/Ui-app-DB-json/app/[locale]/premium/page.tsx; generator/Ui-app-DB-json/app/[locale]/purchase/cancelled/page.tsx,Tack för ditt köp
sv,home.json,body.purchase.success.eyebrow,body.purchase.success,MISSING_KEY,YES,generator/Ui-app-DB-json/app/[locale]/blog/page.tsx; generator/Ui-app-DB-json/app/[locale]/blog/[slug]/page.tsx,Betalning bekräftad
sv,home.json,body.purchase.success.lede,body.purchase.success,MISSING_KEY,YES,generator/Ui-app-DB-json/app/[locale]/premium/page.tsx; generator/Ui-app-DB-json/app/[locale]/purchase/cancelled/page.tsx,Din betalning genomfördes. Det kan ta några sekunder innan köpet visas på ditt konto.
sv,home.json,body.purchase.cancelled.metaTitle,body.purchase.cancelled,MISSING_KEY,YES,generator/Ui-app-DB-json/app/[locale]/premium/page.tsx; generator/Ui-app-DB-json/app/[locale]/purchase/cancelled/page.tsx,Betalning avbruten
sv,home.json,body.purchase.cancelled.eyebrow,body.purchase.cancelled,MISSING_KEY,YES,generator/Ui-app-DB-json/app/[locale]/blog/page.tsx; generator/Ui-app-DB-json/app/[locale]/blog/[slug]/page.tsx,Ingen betalning gjordes
sv,home.json,body.purchase.cancelled.lede,body.purchase.cancelled,MISSING_KEY,YES,generator/Ui-app-DB-json/app/[locale]/premium/page.tsx; generator/Ui-app-DB-json/app/[locale]/purchase/cancelled/page.tsx,Ingen debitering gjordes. Du kan försöka igen när som helst.
sv,home.json,body.purchase.download.demoTitle,body.purchase.download,MISSING_KEY,YES,generator/Ui-app-DB-json/components/PurchaseDownloadLink.tsx,Lokalt betalningstest lyckades.
sv,home.json,body.purchase.download.demoText,body.purchase.download,MISSING_KEY,YES,generator/Ui-app-DB-json/components/PurchaseDownloadLink.tsx,På den riktiga skärmen för lyckat köp visas nedladdningsknappen för PDF:en här. Den lokala demon lämnar inte ut den privata filen.
sv,home.json,body.purchase.download.button,body.purchase.download,MISSING_KEY,YES,generator/Ui-app-DB-json/components/BuyButton.tsx; generator/Ui-app-DB-json/components/CategoryMenu.tsx,Ladda ner ditt pusselpaket
sv,home.json,body.purchase.download.expires,body.purchase.download,MISSING_KEY,YES,generator/Ui-app-DB-json/components/PurchaseDownloadLink.tsx,Den här länken slutar gälla om 24 timmar. Spara din nedladdning på en säker plats.
sv,home.json,body.purchase.download.failed,body.purchase.download,MISSING_KEY,YES,generator/Ui-app-DB-json/components/PurchaseDownloadLink.tsx,Vi kunde inte bekräfta ditt köp ännu. Om du har debiterats kan du uppdatera den här sidan om en minut eller kontakta oss för hjälp.
sv,home.json,body.purchase.download.preparing,body.purchase.download,MISSING_KEY,YES,generator/Ui-app-DB-json/components/PurchaseDownloadLink.tsx,Förbereder din nedladdning...
sv,home.json,body.purchase.shared.returnToPack,body.purchase.shared,MISSING_KEY,YES,generator/Ui-app-DB-json/app/[locale]/purchase/cancelled/page.tsx; generator/Ui-app-DB-json/components/PurchaseDownloadLink.tsx,Tillbaka till pusselpaketet
sv,home.json,body.purchase.shared.contactUs,body.purchase.shared,MISSING_KEY,YES,generator/Ui-app-DB-json/components/PurchaseDownloadLink.tsx,Kontakta oss
th,home.json,body.purchase.premium.metaTitle,body.purchase.premium,MISSING_KEY,YES,generator/Ui-app-DB-json/app/[locale]/premium/page.tsx; generator/Ui-app-DB-json/app/[locale]/purchase/cancelled/page.tsx,แพ็กปริศนาต่อจุดพรีเมียม Best of 2026
th,home.json,body.purchase.premium.metaDescription,body.purchase.premium,MISSING_KEY,YES,generator/Ui-app-DB-json/app/[locale]/premium/page.tsx,คอลเลกชันปริศนาต่อจุดสุดโปรดของเด็ก ๆ ที่พร้อมพิมพ์ รวมไว้ในไฟล์ PDF เดียวที่สะดวกสบาย
th,home.json,body.purchase.premium.eyebrow,body.purchase.premium,MISSING_KEY,YES,generator/Ui-app-DB-json/app/[locale]/blog/page.tsx; generator/Ui-app-DB-json/app/[locale]/blog/[slug]/page.tsx,คอลเลกชันพรีเมียมพร้อมพิมพ์
th,home.json,body.purchase.premium.lede,body.purchase.premium,MISSING_KEY,YES,generator/Ui-app-DB-json/app/[locale]/premium/page.tsx; generator/Ui-app-DB-json/app/[locale]/purchase/cancelled/page.tsx,คอลเลกชัน Best of 2026 รวบรวมกิจกรรมต่อจุดสุดโปรดของเราไว้ในแพ็กเดียวที่พิมพ์ง่าย เหมาะสำหรับเวลาว่าง วันฝนตก การเรียนที่บ้าน และห้องเรียน
th,home.json,body.purchase.premium.digitalPdf,body.purchase.premium,MISSING_KEY,YES,generator/Ui-app-DB-json/app/[locale]/premium/page.tsx,PDF ดิจิทัล
th,home.json,body.purchase.premium.printAtHome,body.purchase.premium,MISSING_KEY,YES,generator/Ui-app-DB-json/app/[locale]/premium/page.tsx,พิมพ์ที่บ้าน
th,home.json,body.purchase.premium.instantAccess,body.purchase.premium,MISSING_KEY,YES,generator/Ui-app-DB-json/app/[locale]/premium/page.tsx,เข้าถึงได้ทันที
th,home.json,body.purchase.premium.purchaseAria,body.purchase.premium,MISSING_KEY,YES,generator/Ui-app-DB-json/app/[locale]/premium/page.tsx,ซื้อแพ็กปริศนา Best of 2026
th,home.json,body.purchase.premium.coverAlt,body.purchase.premium,MISSING_KEY,YES,generator/Ui-app-DB-json/app/[locale]/premium/page.tsx; generator/Ui-app-DB-json/components/BestOf2026BookAd.tsx,Best of 2026 - ปกหนังสือปริศนาต่อจุด 25 ข้อ
th,home.json,body.purchase.premium.oneTime,body.purchase.premium,MISSING_KEY,YES,generator/Ui-app-DB-json/app/[locale]/premium/page.tsx,ชำระครั้งเดียว
th,home.json,body.purchase.premium.buyButton,body.purchase.premium,MISSING_KEY,YES,generator/Ui-app-DB-json/app/[locale]/premium/page.tsx,รับแพ็กปริศนา
th,home.json,body.purchase.premium.localNote,body.purchase.premium,MISSING_KEY,YES,generator/Ui-app-DB-json/app/[locale]/premium/page.tsx,บน localhost หน้านี้จะเปิดการทดสอบชำระเงินแบบปลอดภัยและจะไม่มีการเรียกเก็บเงินจากบัตรใด ๆ เลย
th,home.json,body.purchase.premium.detailsEyebrow,body.purchase.premium,MISSING_KEY,YES,generator/Ui-app-DB-json/app/[locale]/premium/page.tsx,ออกแบบมาเพื่อการพิมพ์และเล่นง่าย ๆ
th,home.json,body.purchase.premium.detailsText,body.purchase.premium,MISSING_KEY,YES,generator/Ui-app-DB-json/app/[locale]/premium/page.tsx,ดาวน์โหลดเพียงครั้งเดียว เก็บไว้ใช้งานได้ตลอด และพิมพ์กิจกรรมที่ต้องการเมื่อใดก็ได้ที่ต้องการ
th,home.json,body.purchase.premium.benefits.onePdf,body.purchase.premium,MISSING_KEY,YES,generator/Ui-app-DB-json/app/[locale]/premium/page.tsx,ไฟล์ PDF ที่สะดวกและพร้อมพิมพ์เพียงไฟล์เดียว
th,home.json,body.purchase.premium.benefits.kidFriendly,body.purchase.premium,MISSING_KEY,YES,generator/Ui-app-DB-json/app/[locale]/premium/page.tsx,ปริศนาที่เหมาะกับเด็ก มีระดับความยากหลากหลาย
th,home.json,body.purchase.premium.benefits.paperSizes,body.purchase.premium,MISSING_KEY,YES,generator/Ui-app-DB-json/app/[locale]/premium/page.tsx,ใช้ได้กับกระดาษขนาด US Letter และ A4
th,home.json,body.purchase.premium.benefits.instantAccess,body.purchase.premium,MISSING_KEY,YES,generator/Ui-app-DB-json/app/[locale]/premium/page.tsx,เข้าถึงได้ทันทีหลังชำระเงินสำเร็จ
th,home.json,body.purchase.premium.benefits.classroomUse,body.purchase.premium,MISSING_KEY,YES,generator/Ui-app-DB-json/app/[locale]/premium/page.tsx,ใช้ได้ที่บ้านหรือในห้องเรียนหนึ่งห้อง
th,home.json,body.purchase.premium.guaranteeText,body.purchase.premium,MISSING_KEY,YES,generator/Ui-app-DB-json/app/[locale]/premium/page.tsx,หลังชำระเงิน ลิงก์ดาวน์โหลดส่วนตัวของคุณจะปรากฏขึ้นทันที ไม่มีการสมัครสมาชิกและไม่มีการต่ออายุที่ไม่คาดคิด
th,home.json,body.purchase.checkout.consent,body.purchase.checkout,MISSING_KEY,YES,generator/Ui-app-DB-json/components/BuyButton.tsx,ฉันยินยอมให้จัดส่งไฟล์ PDF ดิจิทัลนี้ทันที และเข้าใจว่าเมื่อเริ่มการเข้าถึงแล้ว การซื้อถือเป็นที่สิ้นสุดและไม่สามารถขอคืนเงินได้ ยกเว้นในกรณีที่กฎหมายกำหนด หรือหากไฟล์ไม่ได้รับการจัดส่งหรือมีข้อบกพร่อง
th,home.json,body.purchase.checkout.refundPolicy,body.purchase.checkout,MISSING_KEY,YES,generator/Ui-app-DB-json/components/BuyButton.tsx,อ่านนโยบายการคืนเงิน
th,home.json,body.purchase.checkout.opening,body.purchase.checkout,MISSING_KEY,YES,generator/Ui-app-DB-json/components/BuyButton.tsx,กำลังเปิดหน้าชำระเงิน...
th,home.json,body.purchase.checkout.secureNote,body.purchase.checkout,MISSING_KEY,YES,generator/Ui-app-DB-json/components/BuyButton.tsx,ชำระเงินอย่างปลอดภัยด้วยระบบ Stripe ชำระเงินครั้งเดียว ไม่มีการสมัครสมาชิก
th,home.json,body.purchase.checkout.error,body.purchase.checkout,MISSING_KEY,YES,generator/Ui-app-DB-json/components/BrowserErrorTracker.tsx; generator/Ui-app-DB-json/components/BuyButton.tsx,เกิดข้อผิดพลาดขณะเริ่มการชำระเงิน กรุณาลองใหม่อีกครั้ง
th,home.json,body.purchase.success.metaTitle,body.purchase.success,MISSING_KEY,YES,generator/Ui-app-DB-json/app/[locale]/premium/page.tsx; generator/Ui-app-DB-json/app/[locale]/purchase/cancelled/page.tsx,ขอบคุณสำหรับการสั่งซื้อของคุณ
th,home.json,body.purchase.success.eyebrow,body.purchase.success,MISSING_KEY,YES,generator/Ui-app-DB-json/app/[locale]/blog/page.tsx; generator/Ui-app-DB-json/app/[locale]/blog/[slug]/page.tsx,ยืนยันการชำระเงินแล้ว
th,home.json,body.purchase.success.lede,body.purchase.success,MISSING_KEY,YES,generator/Ui-app-DB-json/app/[locale]/premium/page.tsx; generator/Ui-app-DB-json/app/[locale]/purchase/cancelled/page.tsx,การชำระเงินของคุณสำเร็จแล้ว อาจต้องใช้เวลาสักครู่ก่อนที่การสั่งซื้อจะปรากฏในบัญชีของคุณ
th,home.json,body.purchase.cancelled.metaTitle,body.purchase.cancelled,MISSING_KEY,YES,generator/Ui-app-DB-json/app/[locale]/premium/page.tsx; generator/Ui-app-DB-json/app/[locale]/purchase/cancelled/page.tsx,ยกเลิกการชำระเงินแล้ว
th,home.json,body.purchase.cancelled.eyebrow,body.purchase.cancelled,MISSING_KEY,YES,generator/Ui-app-DB-json/app/[locale]/blog/page.tsx; generator/Ui-app-DB-json/app/[locale]/blog/[slug]/page.tsx,ไม่มีการเรียกเก็บเงิน
th,home.json,body.purchase.cancelled.lede,body.purchase.cancelled,MISSING_KEY,YES,generator/Ui-app-DB-json/app/[locale]/premium/page.tsx; generator/Ui-app-DB-json/app/[locale]/purchase/cancelled/page.tsx,ไม่มีการเรียกเก็บเงินใด ๆ คุณสามารถลองใหม่ได้ทุกเมื่อ
th,home.json,body.purchase.download.demoTitle,body.purchase.download,MISSING_KEY,YES,generator/Ui-app-DB-json/components/PurchaseDownloadLink.tsx,การทดสอบชำระเงินในเครื่องผ่านเรียบร้อยแล้ว
th,home.json,body.purchase.download.demoText,body.purchase.download,MISSING_KEY,YES,generator/Ui-app-DB-json/components/PurchaseDownloadLink.tsx,หน้าจอการสั่งซื้อสำเร็จจริงจะแสดงปุ่มดาวน์โหลด PDF ตรงนี้ การสาธิตในเครื่องนี้จะไม่ปล่อยไฟล์ส่วนตัวออกมา
th,home.json,body.purchase.download.button,body.purchase.download,MISSING_KEY,YES,generator/Ui-app-DB-json/components/BuyButton.tsx; generator/Ui-app-DB-json/components/CategoryMenu.tsx,ดาวน์โหลดแพ็กปริศนาของคุณ
th,home.json,body.purchase.download.expires,body.purchase.download,MISSING_KEY,YES,generator/Ui-app-DB-json/components/PurchaseDownloadLink.tsx,ลิงก์นี้จะหมดอายุใน 24 ชั่วโมง กรุณาบันทึกไฟล์ที่ดาวน์โหลดไว้ในที่ปลอดภัย
th,home.json,body.purchase.download.failed,body.purchase.download,MISSING_KEY,YES,generator/Ui-app-DB-json/components/PurchaseDownloadLink.tsx,เรายังไม่สามารถยืนยันการสั่งซื้อของคุณได้ หากคุณถูกเรียกเก็บเงินแล้ว กรุณารีเฟรชหน้านี้อีกครั้งในอีกหนึ่งนาที หรือติดต่อเราเพื่อขอความช่วยเหลือ
th,home.json,body.purchase.download.preparing,body.purchase.download,MISSING_KEY,YES,generator/Ui-app-DB-json/components/PurchaseDownloadLink.tsx,กำลังเตรียมไฟล์ดาวน์โหลดของคุณ...
th,home.json,body.purchase.shared.returnToPack,body.purchase.shared,MISSING_KEY,YES,generator/Ui-app-DB-json/app/[locale]/purchase/cancelled/page.tsx; generator/Ui-app-DB-json/components/PurchaseDownloadLink.tsx,กลับไปยังแพ็กปริศนา
th,home.json,body.purchase.shared.contactUs,body.purchase.shared,MISSING_KEY,YES,generator/Ui-app-DB-json/components/PurchaseDownloadLink.tsx,ติดต่อเรา
tr,home.json,body.purchase.premium.metaTitle,body.purchase.premium,MISSING_KEY,YES,generator/Ui-app-DB-json/app/[locale]/premium/page.tsx; generator/Ui-app-DB-json/app/[locale]/purchase/cancelled/page.tsx,Best of 2026 Premium Noktaları Birleştir Bulmaca Paketi
tr,home.json,body.purchase.premium.metaDescription,body.purchase.premium,MISSING_KEY,YES,generator/Ui-app-DB-json/app/[locale]/premium/page.tsx,"Çocukların en sevdiği noktaları birleştir bulmacalarının, tek ve pratik bir PDF içinde toplanmış, baskıya hazır koleksiyonu."
tr,home.json,body.purchase.premium.eyebrow,body.purchase.premium,MISSING_KEY,YES,generator/Ui-app-DB-json/app/[locale]/blog/page.tsx; generator/Ui-app-DB-json/app/[locale]/blog/[slug]/page.tsx,Baskıya uygun premium koleksiyon
tr,home.json,body.purchase.premium.lede,body.purchase.premium,MISSING_KEY,YES,generator/Ui-app-DB-json/app/[locale]/premium/page.tsx; generator/Ui-app-DB-json/app/[locale]/purchase/cancelled/page.tsx,"Best of 2026 koleksiyonu, en sevdiğimiz noktaları birleştir etkinliklerini sakin anlar, yağmurlu günler, ev okulu ve sınıflar için kolayca yazdırılabilen tek bir pakette bir araya getiriyor."
tr,home.json,body.purchase.premium.digitalPdf,body.purchase.premium,MISSING_KEY,YES,generator/Ui-app-DB-json/app/[locale]/premium/page.tsx,Dijital PDF
tr,home.json,body.purchase.premium.printAtHome,body.purchase.premium,MISSING_KEY,YES,generator/Ui-app-DB-json/app/[locale]/premium/page.tsx,Evde yazdırın
tr,home.json,body.purchase.premium.instantAccess,body.purchase.premium,MISSING_KEY,YES,generator/Ui-app-DB-json/app/[locale]/premium/page.tsx,Anında erişim
tr,home.json,body.purchase.premium.purchaseAria,body.purchase.premium,MISSING_KEY,YES,generator/Ui-app-DB-json/app/[locale]/premium/page.tsx,Best of 2026 bulmaca paketini satın alın
tr,home.json,body.purchase.premium.coverAlt,body.purchase.premium,MISSING_KEY,YES,generator/Ui-app-DB-json/app/[locale]/premium/page.tsx; generator/Ui-app-DB-json/components/BestOf2026BookAd.tsx,Best of 2026 - 25 Noktaları Birleştir Bulmacası kitap kapağı
tr,home.json,body.purchase.premium.oneTime,body.purchase.premium,MISSING_KEY,YES,generator/Ui-app-DB-json/app/[locale]/premium/page.tsx,tek seferlik
tr,home.json,body.purchase.premium.buyButton,body.purchase.premium,MISSING_KEY,YES,generator/Ui-app-DB-json/app/[locale]/premium/page.tsx,Bulmaca paketini edinin
tr,home.json,body.purchase.premium.localNote,body.purchase.premium,MISSING_KEY,YES,generator/Ui-app-DB-json/app/[locale]/premium/page.tsx,"Localhost üzerinde bu, güvenli bir ödeme demosu açar ve hiçbir zaman karttan ücret çekmez."
tr,home.json,body.purchase.premium.detailsEyebrow,body.purchase.premium,MISSING_KEY,YES,generator/Ui-app-DB-json/app/[locale]/premium/page.tsx,Kolay yazdırma ve oynama için tasarlandı
tr,home.json,body.purchase.premium.detailsText,body.purchase.premium,MISSING_KEY,YES,generator/Ui-app-DB-json/app/[locale]/premium/page.tsx,"Bir kez indirin, elinizin altında bulundurun ve ihtiyaç duyduğunuzda istediğiniz etkinlikleri yazdırın."
tr,home.json,body.purchase.premium.benefits.onePdf,body.purchase.premium,MISSING_KEY,YES,generator/Ui-app-DB-json/app/[locale]/premium/page.tsx,"Tek, pratik ve baskıya hazır bir PDF"
tr,home.json,body.purchase.premium.benefits.kidFriendly,body.purchase.premium,MISSING_KEY,YES,generator/Ui-app-DB-json/app/[locale]/premium/page.tsx,Farklı zorluk seviyelerinde çocuk dostu bulmacalar
tr,home.json,body.purchase.premium.benefits.paperSizes,body.purchase.premium,MISSING_KEY,YES,generator/Ui-app-DB-json/app/[locale]/premium/page.tsx,US Letter ve A4 kağıt boyutlarıyla uyumlu
tr,home.json,body.purchase.premium.benefits.instantAccess,body.purchase.premium,MISSING_KEY,YES,generator/Ui-app-DB-json/app/[locale]/premium/page.tsx,Başarılı ödemenin ardından anında erişim
tr,home.json,body.purchase.premium.benefits.classroomUse,body.purchase.premium,MISSING_KEY,YES,generator/Ui-app-DB-json/app/[locale]/premium/page.tsx,Evde veya tek bir sınıfta kullanılabilir
tr,home.json,body.purchase.premium.guaranteeText,body.purchase.premium,MISSING_KEY,YES,generator/Ui-app-DB-json/app/[locale]/premium/page.tsx,"Ödeme sonrasında özel indirme bağlantınız hemen görünür. Abonelik yok, sürpriz yenileme yok."
tr,home.json,body.purchase.checkout.consent,body.purchase.checkout,MISSING_KEY,YES,generator/Ui-app-DB-json/components/BuyButton.tsx,"Bu dijital PDF'in anında teslim edilmesini kabul ediyorum ve erişim başladıktan sonra, yasa gereği zorunlu olmadıkça veya dosya teslim edilmez ya da kusurlu olmadıkça satışın kesin ve iade edilemez olduğunu anlıyorum."
tr,home.json,body.purchase.checkout.refundPolicy,body.purchase.checkout,MISSING_KEY,YES,generator/Ui-app-DB-json/components/BuyButton.tsx,İade politikasını okuyun
tr,home.json,body.purchase.checkout.opening,body.purchase.checkout,MISSING_KEY,YES,generator/Ui-app-DB-json/components/BuyButton.tsx,Ödeme sayfası açılıyor...
tr,home.json,body.purchase.checkout.secureNote,body.purchase.checkout,MISSING_KEY,YES,generator/Ui-app-DB-json/components/BuyButton.tsx,Stripe tarafından desteklenen güvenli ödeme. Tek seferlik ödeme. Abonelik yok.
tr,home.json,body.purchase.checkout.error,body.purchase.checkout,MISSING_KEY,YES,generator/Ui-app-DB-json/components/BrowserErrorTracker.tsx; generator/Ui-app-DB-json/components/BuyButton.tsx,Ödeme başlatılırken bir şeyler ters gitti. Lütfen tekrar deneyin.
tr,home.json,body.purchase.success.metaTitle,body.purchase.success,MISSING_KEY,YES,generator/Ui-app-DB-json/app/[locale]/premium/page.tsx; generator/Ui-app-DB-json/app/[locale]/purchase/cancelled/page.tsx,Satın Aldığınız İçin Teşekkürler
tr,home.json,body.purchase.success.eyebrow,body.purchase.success,MISSING_KEY,YES,generator/Ui-app-DB-json/app/[locale]/blog/page.tsx; generator/Ui-app-DB-json/app/[locale]/blog/[slug]/page.tsx,Ödeme onaylandı
tr,home.json,body.purchase.success.lede,body.purchase.success,MISSING_KEY,YES,generator/Ui-app-DB-json/app/[locale]/premium/page.tsx; generator/Ui-app-DB-json/app/[locale]/purchase/cancelled/page.tsx,Ödemeniz başarılı oldu. Satın alma işleminizin hesabınızda görünmesi birkaç saniye sürebilir.
tr,home.json,body.purchase.cancelled.metaTitle,body.purchase.cancelled,MISSING_KEY,YES,generator/Ui-app-DB-json/app/[locale]/premium/page.tsx; generator/Ui-app-DB-json/app/[locale]/purchase/cancelled/page.tsx,Ödeme İptal Edildi
tr,home.json,body.purchase.cancelled.eyebrow,body.purchase.cancelled,MISSING_KEY,YES,generator/Ui-app-DB-json/app/[locale]/blog/page.tsx; generator/Ui-app-DB-json/app/[locale]/blog/[slug]/page.tsx,Herhangi bir ödeme alınmadı
tr,home.json,body.purchase.cancelled.lede,body.purchase.cancelled,MISSING_KEY,YES,generator/Ui-app-DB-json/app/[locale]/premium/page.tsx; generator/Ui-app-DB-json/app/[locale]/purchase/cancelled/page.tsx,Herhangi bir ücret tahsil edilmedi. Dilediğiniz zaman tekrar deneyebilirsiniz.
tr,home.json,body.purchase.download.demoTitle,body.purchase.download,MISSING_KEY,YES,generator/Ui-app-DB-json/components/PurchaseDownloadLink.tsx,Yerel ödeme testi başarılı oldu.
tr,home.json,body.purchase.download.demoText,body.purchase.download,MISSING_KEY,YES,generator/Ui-app-DB-json/components/PurchaseDownloadLink.tsx,"Gerçek başarılı ödeme ekranında PDF indirme düğmesi burada gösterilir. Yerel demo, özel dosyayı paylaşıma açmaz."
tr,home.json,body.purchase.download.button,body.purchase.download,MISSING_KEY,YES,generator/Ui-app-DB-json/components/BuyButton.tsx; generator/Ui-app-DB-json/components/CategoryMenu.tsx,Bulmaca paketinizi indirin
tr,home.json,body.purchase.download.expires,body.purchase.download,MISSING_KEY,YES,generator/Ui-app-DB-json/components/PurchaseDownloadLink.tsx,Bu bağlantının süresi 24 saat içinde dolar. İndirdiğiniz dosyayı güvenli bir yerde saklayın.
tr,home.json,body.purchase.download.failed,body.purchase.download,MISSING_KEY,YES,generator/Ui-app-DB-json/components/PurchaseDownloadLink.tsx,Satın alma işleminizi henüz onaylayamadık. Ücret tahsil edildiyse lütfen bir dakika sonra bu sayfayı yenileyin veya yardım için bizimle iletişime geçin.
tr,home.json,body.purchase.download.preparing,body.purchase.download,MISSING_KEY,YES,generator/Ui-app-DB-json/components/PurchaseDownloadLink.tsx,İndirmeniz hazırlanıyor...
tr,home.json,body.purchase.shared.returnToPack,body.purchase.shared,MISSING_KEY,YES,generator/Ui-app-DB-json/app/[locale]/purchase/cancelled/page.tsx; generator/Ui-app-DB-json/components/PurchaseDownloadLink.tsx,Bulmaca paketine dön
tr,home.json,body.purchase.shared.contactUs,body.purchase.shared,MISSING_KEY,YES,generator/Ui-app-DB-json/components/PurchaseDownloadLink.tsx,Bize ulaşın
uk,home.json,body.purchase.premium.metaTitle,body.purchase.premium,MISSING_KEY,YES,generator/Ui-app-DB-json/app/[locale]/premium/page.tsx; generator/Ui-app-DB-json/app/[locale]/purchase/cancelled/page.tsx,Преміум-набір головоломок «З'єднай крапки» Best of 2026
uk,home.json,body.purchase.premium.metaDescription,body.purchase.premium,MISSING_KEY,YES,generator/Ui-app-DB-json/app/[locale]/premium/page.tsx,"Готова до друку колекція улюблених дитячих головоломок «з'єднай крапки», зібрана в одному зручному PDF-файлі."
uk,home.json,body.purchase.premium.eyebrow,body.purchase.premium,MISSING_KEY,YES,generator/Ui-app-DB-json/app/[locale]/blog/page.tsx; generator/Ui-app-DB-json/app/[locale]/blog/[slug]/page.tsx,Преміальна колекція для друку
uk,home.json,body.purchase.premium.lede,body.purchase.premium,MISSING_KEY,YES,generator/Ui-app-DB-json/app/[locale]/premium/page.tsx; generator/Ui-app-DB-json/app/[locale]/purchase/cancelled/page.tsx,"Колекція Best of 2026 об'єднує наші улюблені завдання «з'єднай крапки» в одному легкому для друку наборі — ідеально для спокійних хвилин, дощових днів, домашнього навчання та класу."
uk,home.json,body.purchase.premium.digitalPdf,body.purchase.premium,MISSING_KEY,YES,generator/Ui-app-DB-json/app/[locale]/premium/page.tsx,Цифровий PDF
uk,home.json,body.purchase.premium.printAtHome,body.purchase.premium,MISSING_KEY,YES,generator/Ui-app-DB-json/app/[locale]/premium/page.tsx,Друк удома
uk,home.json,body.purchase.premium.instantAccess,body.purchase.premium,MISSING_KEY,YES,generator/Ui-app-DB-json/app/[locale]/premium/page.tsx,Миттєвий доступ
uk,home.json,body.purchase.premium.purchaseAria,body.purchase.premium,MISSING_KEY,YES,generator/Ui-app-DB-json/app/[locale]/premium/page.tsx,Придбати набір головоломок Best of 2026
uk,home.json,body.purchase.premium.coverAlt,body.purchase.premium,MISSING_KEY,YES,generator/Ui-app-DB-json/app/[locale]/premium/page.tsx; generator/Ui-app-DB-json/components/BestOf2026BookAd.tsx,Best of 2026 - обкладинка книги з 25 головоломками «з'єднай крапки»
uk,home.json,body.purchase.premium.oneTime,body.purchase.premium,MISSING_KEY,YES,generator/Ui-app-DB-json/app/[locale]/premium/page.tsx,одноразовий платіж
uk,home.json,body.purchase.premium.buyButton,body.purchase.premium,MISSING_KEY,YES,generator/Ui-app-DB-json/app/[locale]/premium/page.tsx,Отримати набір головоломок
uk,home.json,body.purchase.premium.localNote,body.purchase.premium,MISSING_KEY,YES,generator/Ui-app-DB-json/app/[locale]/premium/page.tsx,"На localhost відкривається безпечна демо-версія оплати, і кошти з картки ніколи не списуються."
uk,home.json,body.purchase.premium.detailsEyebrow,body.purchase.premium,MISSING_KEY,YES,generator/Ui-app-DB-json/app/[locale]/premium/page.tsx,Створено для легкого друку та гри
uk,home.json,body.purchase.premium.detailsText,body.purchase.premium,MISSING_KEY,YES,generator/Ui-app-DB-json/app/[locale]/premium/page.tsx,"Завантажте один раз, тримайте під рукою і друкуйте потрібні завдання щоразу, коли вони знадобляться."
uk,home.json,body.purchase.premium.benefits.onePdf,body.purchase.premium,MISSING_KEY,YES,generator/Ui-app-DB-json/app/[locale]/premium/page.tsx,"Один зручний PDF-файл, готовий до друку"
uk,home.json,body.purchase.premium.benefits.kidFriendly,body.purchase.premium,MISSING_KEY,YES,generator/Ui-app-DB-json/app/[locale]/premium/page.tsx,Головоломки для дітей із різним рівнем складності
uk,home.json,body.purchase.premium.benefits.paperSizes,body.purchase.premium,MISSING_KEY,YES,generator/Ui-app-DB-json/app/[locale]/premium/page.tsx,Підходить для паперу форматів US Letter та A4
uk,home.json,body.purchase.premium.benefits.instantAccess,body.purchase.premium,MISSING_KEY,YES,generator/Ui-app-DB-json/app/[locale]/premium/page.tsx,Миттєвий доступ після успішної оплати
uk,home.json,body.purchase.premium.benefits.classroomUse,body.purchase.premium,MISSING_KEY,YES,generator/Ui-app-DB-json/app/[locale]/premium/page.tsx,Можна використовувати вдома або в одному класі
uk,home.json,body.purchase.premium.guaranteeText,body.purchase.premium,MISSING_KEY,YES,generator/Ui-app-DB-json/app/[locale]/premium/page.tsx,Після оплати одразу з'являється ваше приватне посилання для завантаження. Без підписки та без несподіваного продовження.
uk,home.json,body.purchase.checkout.consent,body.purchase.checkout,MISSING_KEY,YES,generator/Ui-app-DB-json/components/BuyButton.tsx,"Я погоджуюсь на негайну доставку цього цифрового PDF-файлу та розумію, що після початку доступу покупка є остаточною і не підлягає поверненню, окрім випадків, передбачених законом, або якщо файл не доставлено чи він містить дефект."
uk,home.json,body.purchase.checkout.refundPolicy,body.purchase.checkout,MISSING_KEY,YES,generator/Ui-app-DB-json/components/BuyButton.tsx,Прочитати політику повернення коштів
uk,home.json,body.purchase.checkout.opening,body.purchase.checkout,MISSING_KEY,YES,generator/Ui-app-DB-json/components/BuyButton.tsx,Відкривається оформлення оплати...
uk,home.json,body.purchase.checkout.secureNote,body.purchase.checkout,MISSING_KEY,YES,generator/Ui-app-DB-json/components/BuyButton.tsx,Безпечна оплата через Stripe. Одноразовий платіж. Без підписки.
uk,home.json,body.purchase.checkout.error,body.purchase.checkout,MISSING_KEY,YES,generator/Ui-app-DB-json/components/BrowserErrorTracker.tsx; generator/Ui-app-DB-json/components/BuyButton.tsx,"Під час запуску оплати щось пішло не так. Будь ласка, спробуйте ще раз."
uk,home.json,body.purchase.success.metaTitle,body.purchase.success,MISSING_KEY,YES,generator/Ui-app-DB-json/app/[locale]/premium/page.tsx; generator/Ui-app-DB-json/app/[locale]/purchase/cancelled/page.tsx,Дякуємо за покупку
uk,home.json,body.purchase.success.eyebrow,body.purchase.success,MISSING_KEY,YES,generator/Ui-app-DB-json/app/[locale]/blog/page.tsx; generator/Ui-app-DB-json/app/[locale]/blog/[slug]/page.tsx,Оплату підтверджено
uk,home.json,body.purchase.success.lede,body.purchase.success,MISSING_KEY,YES,generator/Ui-app-DB-json/app/[locale]/premium/page.tsx; generator/Ui-app-DB-json/app/[locale]/purchase/cancelled/page.tsx,"Ваш платіж успішно виконано. Може знадобитися кілька секунд, перш ніж покупка з'явиться у вашому обліковому записі."
uk,home.json,body.purchase.cancelled.metaTitle,body.purchase.cancelled,MISSING_KEY,YES,generator/Ui-app-DB-json/app/[locale]/premium/page.tsx; generator/Ui-app-DB-json/app/[locale]/purchase/cancelled/page.tsx,Оформлення оплати скасовано
uk,home.json,body.purchase.cancelled.eyebrow,body.purchase.cancelled,MISSING_KEY,YES,generator/Ui-app-DB-json/app/[locale]/blog/page.tsx; generator/Ui-app-DB-json/app/[locale]/blog/[slug]/page.tsx,Списання коштів не відбулося
uk,home.json,body.purchase.cancelled.lede,body.purchase.cancelled,MISSING_KEY,YES,generator/Ui-app-DB-json/app/[locale]/premium/page.tsx; generator/Ui-app-DB-json/app/[locale]/purchase/cancelled/page.tsx,Кошти не були списані. Ви можете спробувати ще раз у будь-який час.
uk,home.json,body.purchase.download.demoTitle,body.purchase.download,MISSING_KEY,YES,generator/Ui-app-DB-json/components/PurchaseDownloadLink.tsx,Локальний тест оплати пройдено успішно.
uk,home.json,body.purchase.download.demoText,body.purchase.download,MISSING_KEY,YES,generator/Ui-app-DB-json/components/PurchaseDownloadLink.tsx,На справжньому екрані успішної покупки тут відображається кнопка завантаження PDF. Локальна демо-версія не надає доступ до приватного файлу.
uk,home.json,body.purchase.download.button,body.purchase.download,MISSING_KEY,YES,generator/Ui-app-DB-json/components/BuyButton.tsx; generator/Ui-app-DB-json/components/CategoryMenu.tsx,Завантажити набір головоломок
uk,home.json,body.purchase.download.expires,body.purchase.download,MISSING_KEY,YES,generator/Ui-app-DB-json/components/PurchaseDownloadLink.tsx,Термін дії цього посилання закінчується через 24 години. Збережіть завантажений файл у надійному місці.
uk,home.json,body.purchase.download.failed,body.purchase.download,MISSING_KEY,YES,generator/Ui-app-DB-json/components/PurchaseDownloadLink.tsx,"Ми ще не змогли підтвердити вашу покупку. Якщо кошти було списано, оновіть цю сторінку за хвилину або зв'яжіться з нами для допомоги."
uk,home.json,body.purchase.download.preparing,body.purchase.download,MISSING_KEY,YES,generator/Ui-app-DB-json/components/PurchaseDownloadLink.tsx,Підготовка вашого завантаження...
uk,home.json,body.purchase.shared.returnToPack,body.purchase.shared,MISSING_KEY,YES,generator/Ui-app-DB-json/app/[locale]/purchase/cancelled/page.tsx; generator/Ui-app-DB-json/components/PurchaseDownloadLink.tsx,Повернутися до набору головоломок
uk,home.json,body.purchase.shared.contactUs,body.purchase.shared,MISSING_KEY,YES,generator/Ui-app-DB-json/components/PurchaseDownloadLink.tsx,Зв'язатися з нами
vi,home.json,body.purchase.premium.metaTitle,body.purchase.premium,MISSING_KEY,YES,generator/Ui-app-DB-json/app/[locale]/premium/page.tsx; generator/Ui-app-DB-json/app/[locale]/purchase/cancelled/page.tsx,Gói Premium Best of 2026 Câu Đố Nối Điểm
vi,home.json,body.purchase.premium.metaDescription,body.purchase.premium,MISSING_KEY,YES,generator/Ui-app-DB-json/app/[locale]/premium/page.tsx,"Bộ sưu tập sẵn sàng để in gồm những câu đố nối điểm được trẻ em yêu thích nhất, gộp chung trong một file PDF tiện lợi."
vi,home.json,body.purchase.premium.eyebrow,body.purchase.premium,MISSING_KEY,YES,generator/Ui-app-DB-json/app/[locale]/blog/page.tsx; generator/Ui-app-DB-json/app/[locale]/blog/[slug]/page.tsx,Bộ sưu tập premium có thể in
vi,home.json,body.purchase.premium.lede,body.purchase.premium,MISSING_KEY,YES,generator/Ui-app-DB-json/app/[locale]/premium/page.tsx; generator/Ui-app-DB-json/app/[locale]/purchase/cancelled/page.tsx,"Bộ sưu tập Best of 2026 tập hợp những hoạt động nối điểm yêu thích của chúng tôi vào một gói dễ in, phù hợp cho giờ nghỉ ngơi, ngày mưa, học tại nhà và lớp học."
vi,home.json,body.purchase.premium.digitalPdf,body.purchase.premium,MISSING_KEY,YES,generator/Ui-app-DB-json/app/[locale]/premium/page.tsx,PDF kỹ thuật số
vi,home.json,body.purchase.premium.printAtHome,body.purchase.premium,MISSING_KEY,YES,generator/Ui-app-DB-json/app/[locale]/premium/page.tsx,In tại nhà
vi,home.json,body.purchase.premium.instantAccess,body.purchase.premium,MISSING_KEY,YES,generator/Ui-app-DB-json/app/[locale]/premium/page.tsx,Truy cập tức thì
vi,home.json,body.purchase.premium.purchaseAria,body.purchase.premium,MISSING_KEY,YES,generator/Ui-app-DB-json/app/[locale]/premium/page.tsx,Mua gói câu đố Best of 2026
vi,home.json,body.purchase.premium.coverAlt,body.purchase.premium,MISSING_KEY,YES,generator/Ui-app-DB-json/app/[locale]/premium/page.tsx; generator/Ui-app-DB-json/components/BestOf2026BookAd.tsx,Best of 2026 - Bìa sách 25 câu đố Nối Điểm
vi,home.json,body.purchase.premium.oneTime,body.purchase.premium,MISSING_KEY,YES,generator/Ui-app-DB-json/app/[locale]/premium/page.tsx,thanh toán một lần
vi,home.json,body.purchase.premium.buyButton,body.purchase.premium,MISSING_KEY,YES,generator/Ui-app-DB-json/app/[locale]/premium/page.tsx,Nhận gói câu đố
vi,home.json,body.purchase.premium.localNote,body.purchase.premium,MISSING_KEY,YES,generator/Ui-app-DB-json/app/[locale]/premium/page.tsx,"Trên localhost, thao tác này sẽ mở một bản demo thanh toán an toàn và không bao giờ tính phí bất kỳ thẻ nào."
vi,home.json,body.purchase.premium.detailsEyebrow,body.purchase.premium,MISSING_KEY,YES,generator/Ui-app-DB-json/app/[locale]/premium/page.tsx,Được thiết kế để in và chơi dễ dàng
vi,home.json,body.purchase.premium.detailsText,body.purchase.premium,MISSING_KEY,YES,generator/Ui-app-DB-json/app/[locale]/premium/page.tsx,"Tải xuống một lần, giữ sẵn bên mình và in những hoạt động bạn muốn bất cứ khi nào cần."
vi,home.json,body.purchase.premium.benefits.onePdf,body.purchase.premium,MISSING_KEY,YES,generator/Ui-app-DB-json/app/[locale]/premium/page.tsx,"Một file PDF tiện lợi, sẵn sàng để in"
vi,home.json,body.purchase.premium.benefits.kidFriendly,body.purchase.premium,MISSING_KEY,YES,generator/Ui-app-DB-json/app/[locale]/premium/page.tsx,"Câu đố thân thiện với trẻ em, có nhiều mức độ khó khác nhau"
vi,home.json,body.purchase.premium.benefits.paperSizes,body.purchase.premium,MISSING_KEY,YES,generator/Ui-app-DB-json/app/[locale]/premium/page.tsx,Phù hợp với giấy khổ US Letter và A4
vi,home.json,body.purchase.premium.benefits.instantAccess,body.purchase.premium,MISSING_KEY,YES,generator/Ui-app-DB-json/app/[locale]/premium/page.tsx,Truy cập tức thì sau khi thanh toán thành công
vi,home.json,body.purchase.premium.benefits.classroomUse,body.purchase.premium,MISSING_KEY,YES,generator/Ui-app-DB-json/app/[locale]/premium/page.tsx,Có thể sử dụng tại nhà hoặc trong một lớp học
vi,home.json,body.purchase.premium.guaranteeText,body.purchase.premium,MISSING_KEY,YES,generator/Ui-app-DB-json/app/[locale]/premium/page.tsx,"Sau khi thanh toán, liên kết tải xuống riêng của bạn sẽ xuất hiện ngay lập tức. Không cần đăng ký thuê bao và không có gia hạn bất ngờ."
vi,home.json,body.purchase.checkout.consent,body.purchase.checkout,MISSING_KEY,YES,generator/Ui-app-DB-json/components/BuyButton.tsx,"Tôi đồng ý với việc giao ngay file PDF kỹ thuật số này và hiểu rằng, sau khi quyền truy cập bắt đầu, giao dịch mua là cuối cùng và không được hoàn tiền, trừ khi pháp luật yêu cầu hoặc nếu tệp không được giao hoặc bị lỗi."
vi,home.json,body.purchase.checkout.refundPolicy,body.purchase.checkout,MISSING_KEY,YES,generator/Ui-app-DB-json/components/BuyButton.tsx,Đọc chính sách hoàn tiền
vi,home.json,body.purchase.checkout.opening,body.purchase.checkout,MISSING_KEY,YES,generator/Ui-app-DB-json/components/BuyButton.tsx,Đang mở trang thanh toán...
vi,home.json,body.purchase.checkout.secureNote,body.purchase.checkout,MISSING_KEY,YES,generator/Ui-app-DB-json/components/BuyButton.tsx,Thanh toán an toàn được hỗ trợ bởi Stripe. Thanh toán một lần. Không có đăng ký thuê bao.
vi,home.json,body.purchase.checkout.error,body.purchase.checkout,MISSING_KEY,YES,generator/Ui-app-DB-json/components/BrowserErrorTracker.tsx; generator/Ui-app-DB-json/components/BuyButton.tsx,Đã xảy ra sự cố khi bắt đầu thanh toán. Vui lòng thử lại.
vi,home.json,body.purchase.success.metaTitle,body.purchase.success,MISSING_KEY,YES,generator/Ui-app-DB-json/app/[locale]/premium/page.tsx; generator/Ui-app-DB-json/app/[locale]/purchase/cancelled/page.tsx,Cảm Ơn Bạn Đã Mua Hàng
vi,home.json,body.purchase.success.eyebrow,body.purchase.success,MISSING_KEY,YES,generator/Ui-app-DB-json/app/[locale]/blog/page.tsx; generator/Ui-app-DB-json/app/[locale]/blog/[slug]/page.tsx,Đã xác nhận thanh toán
vi,home.json,body.purchase.success.lede,body.purchase.success,MISSING_KEY,YES,generator/Ui-app-DB-json/app/[locale]/premium/page.tsx; generator/Ui-app-DB-json/app/[locale]/purchase/cancelled/page.tsx,Thanh toán của bạn đã thành công. Có thể mất vài giây để giao dịch mua hiển thị trong tài khoản của bạn.
vi,home.json,body.purchase.cancelled.metaTitle,body.purchase.cancelled,MISSING_KEY,YES,generator/Ui-app-DB-json/app/[locale]/premium/page.tsx; generator/Ui-app-DB-json/app/[locale]/purchase/cancelled/page.tsx,Đã Hủy Thanh Toán
vi,home.json,body.purchase.cancelled.eyebrow,body.purchase.cancelled,MISSING_KEY,YES,generator/Ui-app-DB-json/app/[locale]/blog/page.tsx; generator/Ui-app-DB-json/app/[locale]/blog/[slug]/page.tsx,Không có khoản thanh toán nào được thực hiện
vi,home.json,body.purchase.cancelled.lede,body.purchase.cancelled,MISSING_KEY,YES,generator/Ui-app-DB-json/app/[locale]/premium/page.tsx; generator/Ui-app-DB-json/app/[locale]/purchase/cancelled/page.tsx,Không có khoản phí nào được tính. Bạn có thể thử lại bất cứ lúc nào.
vi,home.json,body.purchase.download.demoTitle,body.purchase.download,MISSING_KEY,YES,generator/Ui-app-DB-json/components/PurchaseDownloadLink.tsx,Thử nghiệm thanh toán cục bộ đã thành công.
vi,home.json,body.purchase.download.demoText,body.purchase.download,MISSING_KEY,YES,generator/Ui-app-DB-json/components/PurchaseDownloadLink.tsx,Màn hình thành công thực tế sẽ hiển thị nút tải xuống PDF tại đây. Bản demo cục bộ này không phát hành tệp riêng tư.
vi,home.json,body.purchase.download.button,body.purchase.download,MISSING_KEY,YES,generator/Ui-app-DB-json/components/BuyButton.tsx; generator/Ui-app-DB-json/components/CategoryMenu.tsx,Tải xuống gói câu đố của bạn
vi,home.json,body.purchase.download.expires,body.purchase.download,MISSING_KEY,YES,generator/Ui-app-DB-json/components/PurchaseDownloadLink.tsx,Liên kết này sẽ hết hạn sau 24 giờ. Hãy lưu tệp đã tải xuống của bạn ở nơi an toàn.
vi,home.json,body.purchase.download.failed,body.purchase.download,MISSING_KEY,YES,generator/Ui-app-DB-json/components/PurchaseDownloadLink.tsx,"Chúng tôi chưa thể xác nhận giao dịch mua của bạn. Nếu bạn đã bị tính phí, vui lòng làm mới trang này sau một phút hoặc liên hệ với chúng tôi để được trợ giúp."
vi,home.json,body.purchase.download.preparing,body.purchase.download,MISSING_KEY,YES,generator/Ui-app-DB-json/components/PurchaseDownloadLink.tsx,Đang chuẩn bị tệp tải xuống của bạn...
vi,home.json,body.purchase.shared.returnToPack,body.purchase.shared,MISSING_KEY,YES,generator/Ui-app-DB-json/app/[locale]/purchase/cancelled/page.tsx; generator/Ui-app-DB-json/components/PurchaseDownloadLink.tsx,Quay lại gói câu đố
vi,home.json,body.purchase.shared.contactUs,body.purchase.shared,MISSING_KEY,YES,generator/Ui-app-DB-json/components/PurchaseDownloadLink.tsx,Liên hệ với chúng tôi